/starsector_v44.html
/lwjgl.js?v=hybrid1
/favicon.ico
/starsector_v44.html
/lwjgl.js?v=hybrid1
/favicon.ico
/starsector_v44.html?nocache=123456
/lwjgl.js?v=hybrid1
/starsector_v44.html
/lwjgl.js?v=hybrid1
/favicon.ico
/starsector_v44.html
/lwjgl.js?v=hybrid1
/favicon.ico
/starsector_v44.html
/lwjgl.js?v=hybrid1
/starsector_v44.html
/lwjgl.js?v=hybrid1
/favicon.ico
/test_cdn.html
/starsector_v44.html
/lwjgl.js?v=hybrid1
/starsector_v44.html
/lwjgl.js?v=hybrid1
/test_cdn.html
/test_cdn.html?refresh=1
/test_cdn.html
/
/fonts/fonts.css
/styles.css
/loader-minimal.css
/getting-started.css
/landing-3d-background.js
/landing.css
/fonts/Raleway-SemiBold.ttf
/images/sidebar-vertical.jpg
/images/image_2.jpg
/images/image_5.jpg
/images/image_3.jpg
/images/image_4.jpg
/images/ita_logo.png
/images/image_6.jpg
/navigation.js
/cosmic-music-player.js
/landing-audio.js
/images/image_7.jpg
/pwa-loader.js
/fonts/Raleway-Regular.ttf
/fonts/Raleway-Light.ttf
/audio/manifest.json
/images/bg-large.jpg
/images/image_9.jpg
/scroll-animations.js
/images/ita_logo.png
/sw.js
/
/index.html
/offline.html
/images/icon-192x192.png
/database.html
/games.html
/styles.css/secure-chat.html
/loader.css
/keyboard-shortcuts.js
/navigation.js
/cosmic-music-player.js
/secure-chat.js
/broadband-checker.js
/games.js
/fonts/CormorantGaramond-Light.ttf
/i18n.js
lity.js
/color-schemes.js
/quick-actions-toolbar.js

/offline-mode-enhancements.js
/session-recovery.js
/exoplanet-xr-experience.js
/verify-buttons.js
/exoplanet-api.js
/interstellar-news.js
/user-history.js
/education.html
/education.js
/educational-games.js
/star-system-builder.js
/education-ai-tutor.js
js
/projects.html
/projects.css
/projects-experimental.js
/exoplanet-pioneer.html
/exoplanet-pioneer.css
/market-system.js
/exoplanet-pioneer.js
/captains-log.js
/alien-ecosystem.js
/galaxy-engine.js
/military-system.js
/planet-generator.js
/production-system.js
/orbital-system.js
/images/ita_logo.png
/ship-designer.js
/fleet-system.js
/alien-generator.js
/combat-system.js
/archaeology-manager.js
/victory-system.js
/diplomacy-system.js
/trade-system.js
/achievement-system.js
/event-system.js
/multiplayer-system.js
/performance-system.js
/feature-flags.js
/test_cdn.html
/sw.js
/test.html
/sw.js
/test_cdn.html
/sw.js
/files/test_cdn.html
/sw.js
/test_cdn.html
/sw.js
/test_cdn.html
/sw.js
/
/fonts/fonts.css
/loader-minimal.css
/getting-started.css
/landing.css
/images/image_2.jpg
/landing-3d-background.js
/fonts/Raleway-SemiBold.ttf
/audio/manifest.json
/images/image_3.jpg
/images/image_5.jpg
/images/image_4.jpg
/images/image_6.jpg
/images/ita_logo.png
/navigation.js
/fonts/Raleway-Regular.ttf
/fonts/Raleway-Light.ttf
/landing-audio.js
/images/image_7.jpg

/images/image_9.jpg
/images/sidebar-vertical.jpg
/scroll-animations.js
/manifest.json
/images/icon-192x192.png
/sw.js
/fonts/CormorantGaramond-Light.ttf
/test_cdn.html
/sw.js
/test_cdn.html
/
/navigation.js
/images/ita_logo.png
/sw.js
/test_cdn.html
/sw.js
/
/test_cdn.html?cb=1766968363881
/test_cdn.html?cb=123456789
/sw.js
/starsector_v44.html
/lwjgl.js?v=hybrid1
/sw.js
/starsector_v44.html
/cheerpj-3.0/loader.js
/sw.js
/starsector_v44.html
/cheerpj-3.0/cj3loader.js
/cheerpj-3.0/cj3.js
/cheerpj-3.0/cj3.wasm
/cheerpj-3.0/cheerpj.css
/cheerpj-3.0/cheerpOS.js
/cheerpj-3.0/c.html
sm
/cheerpj-3.0/c.js
/cheerpj-3.0/8/jre/lib/rt.jar
/cheerpj-3.0/8/jre/lib/rt.jar
/cheerpj-3.0/8/jre/lib/rt.jar
/cheerpj-3.0/8/jre/lib/rt.jar
/cheerpj-3.0/8/jre/lib/rt.jar
/cheerpj-3.0/8/jre/lib/rt.jar
/cheerpj-3.0/8/jre/lib/rt.jar
/cheerpj-3.0/8/jre/lib/rt.jar
/cheerpj-3.0/8/jre/lib/rt.jar
/cheerpj-3.0/8/jre/lib/rt.jar
/cheerpj-3.0/8/jre/lib/rt.jar
/cheerpj-3.0/8/jre/lib/rt.jar
/cheerpj-3.0/8/jre/lib/rt.jar
/cheerpj-3.0/8/jre/lib/rt.jar
/cheerpj-3.0/8/jre/lib/rt.jar
/cheerpj-3.0/8/jre/lib/rt.jar
/cheerpj-3.0/8/jre/lib/rt.jar
/cheerpj-3.0/8/jre/lib/rt.jar
/cheerpj-3.0/8/jre/lib/rt.jar
/cheerpj-3.0/8/jre/lib/rt.jar
/cheerpj-3.0/8/jre/lib/rt.jar
/sw.js
/cheerpj-3.0/8/jre/lib/rt.jar
/cheerpj-3.0/8/jre/lib/rt.jar
/cheerpj-3.0/8/jre/lib/rt.jar
/cheerpj-3.0/8/jre/lib/rt.jar
/cheerpj-3.0/8/jre/lib/rt.jar
/cheerpj-3.0/8/jre/lib/rt.jar
/cheerpj-3.0/8/jre/lib/rt.jar
/cheerpj-3.0/8/jre/lib/rt.jar
/cheerpj-3.0/8/jre/lib/rt.jar
/cheerpj-3.0/8/jre/lib/rt.jar
/cheerpj-3.0/8/jre/lib/rt.jar
/cheerpj-3.0/8/jre/lib/rt.jar
/cheerpj-3.0/8/jre/lib/rt.jar
/cheerpj-3.0/8/jre/lib/rt.jar
/cheerpj-3.0/8/jre/lib/rt.jar
/cheerpj-3.0/8/jre/lib/rt.jar
/cheerpj-3.0/8/jre/lib/rt.jar
/cheerpj-3.0/8/jre/lib/cheerpj-awt.jar
/cheerpj-3.0/etc/passwd
/cheerpj-3.0/etc/localtime
/cheerpj-3.0/8/jre/lib/rt.jar
/cheerpj-3.0/8/jre/lib/rt.jar
/cheerpj-3.0/8/jre/lib/rt.jar
/cheerpj-3.0/8/jre/lib/rt.jar
/cheerpj-3.0/8/jre/lib/rt.jar
/cheerpj-3.0/8/jre/lib/rt.jar
/cheerpj-3.0/8/jre/lib/rt.jar
/cheerpj-3.0/8/jre/lib/rt.jar
/cheerpj-3.0/8/jre/lib/rt.jar
/cheerpj-3.0/8/jre/lib/rt.jar
/cheerpj-3.0/8/jre/lib/rt.jar
/cheerpj-3.0/8/jre/lib/rt.jar
/sw.js
/cheerpj-3.0/8/ext/meta-index
/cheerpj-3.0/8/ext/meta-index
/cheerpj-3.0/8/jre/lib/rt.jar
/cheerpj-3.0/8/ext
/cheerpj-3.0/8/ext/index.list
/files/starfarer_obf.jar
/cheerpj-3.0/8/jre/lib/jsse.jar
/cheerpj-3.0/8/jre/lib/jsse.jar
/cheerpj-3.0/8/jre/lib/jsse.jar
/cheerpj-3.0/8/jre/lib/jce.jar
/cheerpj-3.0/8/jre/lib/charsets.jar
/cheerpj-3.0/8/jre/lib/charsets.jar
/cheerpj-3.0/8/jre/lib/charsets.jar
/cheerpj-3.0/8/jre/lib/charsets.jar
/cheerpj-3.0/8/jre/lib/resources.jar
/cheerpj-3.0/8/jre/lib/resources.jar
/cheerpj-3.0/8/jre/lib/resources.jar
/cheerpj-3.0/8/jre/lib/resources.jar
/cheerpj-3.0/8/jre/lib/javaws.jar
/cheerpj-3.0/8/jre/lib/javaws.jar
/cheerpj-3.0/8/jre/lib/javaws.jar
/cheerpj-3.0/8/jre/lib/javaws.jar
/files/fs.common_obf.jar
/cheerpj-3.0/8/jre/lib/javaws.jar
/files/fs.sound_obf.jar
/files/starfarer.api.jar
/files/json.jar
/files/xstream-1.4.10.jar
/files/log4j-1.2.9.jar
/files/commons-compiler.jar
/files/commons-compiler-jdk.jar
/files/janino.jar
/files/jinput.jar
/files/lwjgl.jar
/files/lwjgl_util.jar
/files/jorbis-0.0.15.jar
/files/jogg-0.0.7.jar
/files/starfarer_obf.jar
/files/starfarer_obf.jar
/files/starfarer_obf.jar
/files/starfarer_obf.jar
/files/starfarer_obf.jar
/files/starfarer_obf.jar
/cheerpj-3.0/8/jre/lib/rt.jar
/cheerpj-3.0/8/jre/lib/rt.jar
/files/starfarer_obf.jar
/cheerpj-3.0/8/jre/lib/rt.jar
/cheerpj-3.0/8/jre/lib/rt.jar
/cheerpj-3.0/8/jre/lib/rt.jar
/cheerpj-3.0/8/jre/lib/rt.jar
/starsector_v44.html
/cheerpj/4.2/loader.js
/sw.js
/starsector_v44.html
/sw.js
/starsector_v44.html
/sw.js
/starsector_v44.html
/cheerpj_dist/4.2/loader.js
/cheerpj_dist/4.2/cj3.js
/cheerpj_dist/4.2/cj3.wasm
/cheerpj_dist/4.2/cheerpj.css
/cheerpj_dist/4.2/cheerpOS.js
/cheerpj_dist/4.2/cj3n17.wasm
/cheerpj_dist/4.2/c.html
/cheerpj_dist/4.2/c.js
/cheerpj_dist/4.2/17/lib/modules
/cheerpj_dist/4.2/17/lib/modules
/cheerpj_dist/4.2/17/lib/modules
/cheerpj_dist/4.2/17/lib/modules
/cheerpj_dist/4.2/17/lib/modules
/cheerpj_dist/4.2/17/lib/modules
/cheerpj_dist/4.2/17/lib/modules
/cheerpj_dist/4.2/17/lib/modules
/cheerpj_dist/4.2/17/lib/modules
/cheerpj_dist/4.2/17/lib/modules
/cheerpj_dist/4.2/17/lib/modules
/cheerpj_dist/4.2/17/lib/modules
/sw.js
/cheerpj_dist/4.2/17/lib/modules
/sw.js
_dist/4.2/17/lib/modules
/cheerpj_dist/4.2/17/lib/modules
/cheerpj_dist/4.2/17/lib/modules
/cheerpj_dist/4.2/17/lib/modules
/cheerpj_dist/4.2/17/lib/modules
/cheerpj_dist/4.2/17/lib/modules
/cheerpj_dist/4.2/17/lib/modules
/cheerpj_dist/4.2/etc/users
/cheerpj_dist/4.2/etc/localtime
/cheerpj_dist/4.2/17/lib/modules
/cheerpj_dist/4.2/17/lib/modules
/cheerpj_dist/4.2/17/lib/modules
/cheerpj_dist/4.2/17/lib/modules
/cheerpj_dist/4.2/17/lib/modules
/cheerpj_dist/4.2/17/lib/modules
/cheerpj_dist/4.2/17/lib/modules
/cheerpj_dist/4.2/17/lib/modules
/cheerpj_dist/4.2/17/lib/modules
/cheerpj_dist/4.2/17/lib/modules
/cheerpj_dist/4.2/17/jre/lib/cheerpj-handlers.jar
/cheerpj_dist/4.2/17/lib/modules
/cheerpj_dist/4.2/17/jre/lib/cheerpj-handlers.jar
/cheerpj_dist/4.2/17/jre/lib/cheerpj-awt.jar
/cheerpj_dist/4.2/17/jre/lib/cheerpj-awt.jar
/cheerpj_dist/4.2/17/jre/lib/cheerpj-jsobject.jar
/cheerpj_dist/4.2/17/jre/lib/cheerpj-jsobject.jar
/files/starfarer_obf.jar
/files/fs.common_obf.jar
/files/fs.sound_obf.jar
/files/starfarer.api.jar
/files/json.jar
/files/xstream-1.4.10.jar
/files/log4j-1.2.9.jar
/files/commons-compiler.jar
/files/commons-compiler-jdk.jar
/files/janino.jar
/files/jinput.jar
/files/lwjgl.jar
/files/lwjgl_util.jar
/files/jorbis-0.0.15.jar
/files/jogg-0.0.7.jar
/files//config.jar
/cheerpj_dist/4.2/17/lib/modules
/cheerpj_dist/4.2/17/lib/modules
/cheerpj_dist/4.2/17/lib/modules
/cheerpj_dist/4.2/17/lib/modules
/cheerpj_dist/4.2/17/lib/modules
/cheerpj_dist/4.2/17/lib/modules
/files/starfarer_obf.jar
/files/starfarer_obf.jar
/files/starfarer_obf.jar
/files/starfarer_obf.jar
/files/starfarer_obf.jar
/files/starfarer_obf.jar
/cheerpj_dist/4.2/17/lib/modules
/cheerpj_dist/4.2/17/lib/modules
/cheerpj_dist/4.2/17/lib/modules
/cheerpj_dist/4.2/17/lib/modules
/cheerpj_dist/4.2/17/lib/modules
/cheerpj_dist/4.2/17/lib/modules
/cheerpj_dist/4.2/17/lib/modules
/cheerpj_dist/4.2/17/lib/modules
/files/fs.common_obf.jar
/files/fs.common_obf.jar
/cheerpj_dist/4.2/17/lib/modules
/files/fs.common_obf.jar
/files/fs.sound_obf.jar
/files/starfarer.api.jar
/files/starfarer.api.jar
/files/starfarer.api.jar
/files/starfarer.api.jar
/files/starfarer.api.jar
/files/json.jar
/files/xstream-1.4.10.jar
/files/xstream-1.4.10.jar
/files/log4j-1.2.9.jar
/files/log4j-1.2.9.jar
/files/log4j-1.2.9.jar
/cheerpj_dist/4.2/17/lib/modules
/cheerpj_dist/4.2/17/lib/modules
/files/commons-compiler.jar
/files/commons-compiler-jdk.jar
/files/janino.jar
/files/janino.jar
/files/jinput.jar
/files/jinput.jar
/files/lwjgl.jar
/files/lwjgl.jar
/files/lwjgl.jar
/files/lwjgl.jar
/files/lwjgl_util.jar
/files/lwjgl_util.jar
/files/jorbis-0.0.15.jar
/files/jogg-0.0.7.jar
/files//config.jar
/cheerpj_dist/4.2/17/lib/modules
/cheerpj_dist/4.2/17/lib/modules
/cheerpj_dist/4.2/17/lib/modules
/cheerpj_dist/4.2/17/lib/modules
/cheerpj_dist/4.2/17/lib/modules
/cheerpj_dist/4.2/17/lib/modules
/cheerpj_dist/4.2/17/lib/modules
/cheerpj_dist/4.2/17/lib/modules
/cheerpj_dist/4.2/17/lib/modules
/cheerpj_dist/4.2/17/lib/modules
/cheerpj_dist/4.2/17/lib/modules
/cheerpj_dist/4.2/17/lib/modules
/cheerpj_dist/4.2/17/conf/security/java.security
/cheerpj_dist/4.2/17/conf/security/java.security
/cheerpj_dist/4.2/17/lib/modules
/files//?/.accessibility.properties
/files/starfarer_obf.jar
/files/starfarer_obf.jar
/files/starfarer_obf.jar
odules
/cheerpj_dist/4.2/17/lib/modules
/cheerpj_dist/4.2/17/lib/modules
/cheerpj_dist/4.2/17/lib/modules
/cheerpj_dist/4.2/17/lib/modules
/cheerpj_dist/4.2/17/lib/modules
/cheerpj_dist/4.2/17/lib/modules
/files/starfarer_obf.jar
/files/starfarer_obf.jar
/files/starfarer_obf.jar
/files//data/config/settings.json
/files//data/config/settings.json
/cheerpj_dist/4.2/17/lib/modules
/cheerpj_dist/4.2/17/lib/modules
/cheerpj_dist/4.2/17/lib/modules
/files//jawt.js
/files/lwjgl.jar
/files/lwjgl.jar
/cheerpj_dist/4.2/17/lib/modules
/cheerpj_dist/4.2/17/lib/modules
/cheerpj_dist/4.2/17/lib/modules
/cheerpj_dist/4.2/17/lib/modules
/cheerpj_dist/4.2/17/lib/modules
/cheerpj_dist/4.2/17/lib/modules
/cheerpj_dist/4.2/17/lib/modules
/cheerpj_dist/4.2/17/lib/modules
/cheerpj_dist/4.2/17/conf/swing.properties
/cheerpj_dist/4.2/17/lib/modules
/cheerpj_dist/4.2/17/lib/modules
/cheerpj_dist/4.2/17/lib/modules
/cheerpj_dist/4.2/17/lib/fonts/badfonts.txt
/cheerpj_dist/4.2/17/lib/fonts
/cheerpj_dist/4.2/17/lib/fonts
/files//?/.java/fonts/17.0.16-internal/fcinfo-1-192.168.1.1-Linux-1.0-en-US.properties
/files//?/.java/fonts/17.0.16-internal/fcinfo-1-192.168.1.1-Linux-1.0-en-US.properties
/cheerpj_dist/4.2/fc/fonts/fonts.conf
/starsector_v44.html
/cheerpj_dist/4.2/cj3.wasm
/cheerpj_dist/4.2/c.html
/cheerpj_dist/4.2/cj3n17.wasm
/cheerpj_dist/4.2/17/lib/modules
/cheerpj_dist/4.2/17/lib/modules
/cheerpj_dist/4.2/17/lib/modules
/cheerpj_dist/4.2/17/lib/modules
/cheerpj_dist/4.2/17/lib/modules
/cheerpj_dist/4.2/17/lib/modules
/cheerpj_dist/4.2/17/lib/modules
/cheerpj_dist/4.2/17/lib/modules
/cheerpj_dist/4.2/17/lib/modules
/cheerpj_dist/4.2/17/lib/modules
/cheerpj_dist/4.2/17/lib/modules
/cheerpj_dist/4.2/17/lib/modules
/sw.js
/cheerpj_dist/4.2/17/lib/modules
/cheerpj_dist/4.2/17/lib/modules
/cheerpj_dist/4.2/17/lib/modules
/cheerpj_dist/4.2/17/lib/modules
/cheerpj_dist/4.2/17/lib/modules
/cheerpj_dist/4.2/17/lib/modules
/cheerpj_dist/4.2/17/lib/modules
/cheerpj_dist/4.2/17/lib/modules
/cheerpj_dist/4.2/etc/users
/cheerpj_dist/4.2/etc/localtime
/cheerpj_dist/4.2/17/lib/modules
/cheerpj_dist/4.2/17/lib/modules
/cheerpj_dist/4.2/17/lib/modules
/cheerpj_dist/4.2/17/lib/modules
/cheerpj_dist/4.2/17/lib/modules
/cheerpj_dist/4.2/17/lib/modules
/cheerpj_dist/4.2/17/lib/modules
/cheerpj_dist/4.2/17/lib/modules
/cheerpj_dist/4.2/17/lib/modules
/cheerpj_dist/4.2/17/jre/lib/cheerpj-handlers.jar
/cheerpj_dist/4.2/17/lib/modules
/cheerpj_dist/4.2/17/jre/lib/cheerpj-handlers.jar
/cheerpj_dist/4.2/17/jre/lib/cheerpj-awt.jar
/cheerpj_dist/4.2/17/jre/lib/cheerpj-awt.jar
/cheerpj_dist/4.2/17/jre/lib/cheerpj-jsobject.jar
/cheerpj_dist/4.2/17/jre/lib/cheerpj-jsobject.jar
/files/starfarer_obf.jar
/files/fs.common_obf.jar
/files/fs.sound_obf.jar
/files/starfarer.api.jar
/files/json.jar
/files/xstream-1.4.10.jar
/files/log4j-1.2.9.jar
/files/commons-compiler.jar
/files/commons-compiler-jdk.jar
/files/janino.jar
/files/jinput.jar
/files/lwjgl.jar
/files/lwjgl_util.jar
/files/jorbis-0.0.15.jar
/files/jogg-0.0.7.jar
/files//config.jar
/cheerpj_dist/4.2/17/lib/modules
/cheerpj_dist/4.2/17/lib/modules
/cheerpj_dist/4.2/17/lib/modules
/cheerpj_dist/4.2/17/lib/modules
/cheerpj_dist/4.2/17/lib/modules
/cheerpj_dist/4.2/17/lib/modules
/files/starfarer_obf.jar
/files/starfarer_obf.jar
/files/starfarer_obf.jar
/files/starfarer_obf.jar
/files/starfarer_obf.jar
/cheerpj_dist/4.2/17/lib/modules
/cheerpj_dist/4.2/17/lib/modules
/cheerpj_dist/4.2/17/lib/modules
/cheerpj_dist/4.2/17/lib/modules
/cheerpj_dist/4.2/17/lib/modules
/cheerpj_dist/4.2/17/lib/modules
/cheerpj_dist/4.2/17/lib/modules
/cheerpj_dist/4.2/17/lib/modules
/files/fs.common_obf.jar
/files/fs.common_obf.jar
/cheerpj_dist/4.2/17/lib/modules
/files/fs.common_obf.jar
/files/fs.sound_obf.jar
/files/starfarer.api.jar
/files/starfarer.api.jar
/files/starfarer.api.jar
/files/starfarer.api.jar
/files/starfarer.api.jar
/files/json.jar
/files/xstream-1.4.10.jar
/files/xstream-1.4.10.jar
/files/xstream-1.4.10.jar
/files/log4j-1.2.9.jar
/files/log4j-1.2.9.jar
/files/log4j-1.2.9.jar
/cheerpj_dist/4.2/17/lib/modules
/cheerpj_dist/4.2/17/lib/modules
/files/commons-compiler.jar
/files/commons-compiler-jdk.jar
/files/janino.jar
/files/janino.jar
/files/jinput.jar
/files/jinput.jar
/files/lwjgl.jar
/files/lwjgl.jar
/files/lwjgl.jar
/files/lwjgl.jar
/files/lwjgl_util.jar
/files/lwjgl_util.jar
/files/jorbis-0.0.15.jar
/files/jogg-0.0.7.jar
/files//config.jar
/cheerpj_dist/4.2/17/lib/modules
/cheerpj_dist/4.2/17/lib/modules
/cheerpj_dist/4.2/17/lib/modules
/cheerpj_dist/4.2/17/lib/modules
/cheerpj_dist/4.2/17/lib/modules
/cheerpj_dist/4.2/17/lib/modules
/cheerpj_dist/4.2/17/lib/modules
/cheerpj_dist/4.2/17/lib/modules
/cheerpj_dist/4.2/17/lib/modules
/cheerpj_dist/4.2/17/lib/modules
/cheerpj_dist/4.2/17/lib/modules
/cheerpj_dist/4.2/17/lib/modules
/cheerpj_dist/4.2/17/conf/security/java.security
/cheerpj_dist/4.2/17/conf/security/java.security
/cheerpj_dist/4.2/17/lib/modules
/files//?/.accessibility.properties
/files/starfarer_obf.jar
/files/starfarer_obf.jar
/files/starfarer_obf.jar
/cheerpj_dist/4.2/17/lib/modules
/cheerpj_dist/4.2/17/lib/modules
/cheerpj_dist/4.2/17/lib/modules
/cheerpj_dist/4.2/17/lib/modules
/cheerpj_dist/4.2/17/lib/modules
/cheerpj_dist/4.2/17/lib/modules
/files/starfarer_obf.jar
/files/starfarer_obf.jar
/files//data/config/settings.json
/files//data/config/settings.json
/cheerpj_dist/4.2/17/lib/modules
/cheerpj_dist/4.2/17/lib/modules
/cheerpj_dist/4.2/17/lib/modules
/files//jawt.js
/files/lwjgl.jar
/files/lwjgl.jar
/cheerpj_dist/4.2/17/lib/modules
/cheerpj_dist/4.2/17/lib/modules
/cheerpj_dist/4.2/17/lib/modules
/cheerpj_dist/4.2/17/lib/modules
/cheerpj_dist/4.2/17/lib/modules
/cheerpj_dist/4.2/17/lib/modules
/cheerpj_dist/4.2/17/lib/modules
/cheerpj_dist/4.2/17/lib/modules
/cheerpj_dist/4.2/17/lib/modules
/cheerpj_dist/4.2/17/lib/modules
/cheerpj_dist/4.2/17/conf/swing.properties
/cheerpj_dist/4.2/17/lib/modules
/cheerpj_dist/4.2/17/lib/modules
/cheerpj_dist/4.2/17/lib/modules
/cheerpj_dist/4.2/17/lib/fonts/badfonts.txt
/cheerpj_dist/4.2/17/lib/fonts
/cheerpj_dist/4.2/17/lib/fonts
/files//?/.java/fonts/17.0.16-internal/fcinfo-1-192.168.1.1-Linux-1.0-en-US.properties
/files//?/.java/fonts/17.0.16-internal/fcinfo-1-192.168.1.1-Linux-1.0-en-US.properties
/cheerpj_dist/4.2/fc/fonts/fonts.conf
/starsector_v44.html
/cheerpj_dist/4.2/cj3.wasm
/cheerpj_dist/4.2/c.html
/cheerpj_dist/4.2/cj3n17.wasm
/cheerpj_dist/4.2/17/lib/modules
/cheerpj_dist/4.2/17/lib/modules
/cheerpj_dist/4.2/17/lib/modules
/cheerpj_dist/4.2/17/lib/modules
/cheerpj_dist/4.2/17/lib/modules
/cheerpj_dist/4.2/17/lib/modules
/cheerpj_dist/4.2/17/lib/modules
/cheerpj_dist/4.2/17/lib/modules
/cheerpj_dist/4.2/17/lib/modules
/sw.js
/cheerpj_dist/4.2/17/lib/modules
/cheerpj_dist/4.2/17/lib/modules
/cheerpj_dist/4.2/17/lib/modules
/cheerpj_dist/4.2/17/lib/modules
/cheerpj_dist/4.2/17/lib/modules
/cheerpj_dist/4.2/17/lib/modules
/cheerpj_dist/4.2/17/lib/modules
/cheerpj_dist/4.2/17/lib/modules
/cheerpj_dist/4.2/17/lib/modules
/cheerpj_dist/4.2/17/lib/modules
/cheerpj_dist/4.2/17/lib/modules
/cheerpj_dist/4.2/etc/users
/cheerpj_dist/4.2/etc/localtime
/cheerpj_dist/4.2/17/lib/modules
/cheerpj_dist/4.2/17/lib/modules
/cheerpj_dist/4.2/17/lib/modules
/cheerpj_dist/4.2/17/lib/modules
/cheerpj_dist/4.2/17/lib/modules
/cheerpj_dist/4.2/17/lib/modules
/cheerpj_dist/4.2/17/lib/modules
/cheerpj_dist/4.2/17/lib/modules
/cheerpj_dist/4.2/17/lib/modules
/cheerpj_dist/4.2/17/lib/modules
/cheerpj_dist/4.2/17/jre/lib/cheerpj-handlers.jar
/cheerpj_dist/4.2/17/lib/modules
/cheerpj_dist/4.2/17/lib/modules
/cheerpj_dist/4.2/17/jre/lib/cheerpj-handlers.jar
/cheerpj_dist/4.2/17/jre/lib/cheerpj-awt.jar
/cheerpj_dist/4.2/17/jre/lib/cheerpj-awt.jar
/cheerpj_dist/4.2/17/jre/lib/cheerpj-jsobject.jar
/cheerpj_dist/4.2/17/jre/lib/cheerpj-jsobject.jar
/files/starfarer_obf.jar
/files/fs.common_obf.jar
/files/fs.sound_obf.jar
/files/starfarer.api.jar
/files/json.jar
/files/xstream-1.4.10.jar
/files/log4j-1.2.9.jar
/files/commons-compiler.jar
/files/commons-compiler-jdk.jar
/files/janino.jar
/files/jinput.jar
/files/lwjgl.jar
/files/lwjgl_util.jar
/files/jorbis-0.0.15.jar
/files/jogg-0.0.7.jar
/files//config.jar
/cheerpj_dist/4.2/17/lib/modules
/cheerpj_dist/4.2/17/lib/modules
/cheerpj_dist/4.2/17/lib/modules
/cheerpj_dist/4.2/17/lib/modules
/cheerpj_dist/4.2/17/lib/modules
/cheerpj_dist/4.2/17/lib/modules
/files/starfarer_obf.jar
/files/starfarer_obf.jar
/files/starfarer_obf.jar
/files/starfarer_obf.jar
/files/starfarer_obf.jar
/files/starfarer_obf.jar
/cheerpj_dist/4.2/17/lib/modules
/cheerpj_dist/4.2/17/lib/modules
/cheerpj_dist/4.2/17/lib/modules
/cheerpj_dist/4.2/17/lib/modules
/cheerpj_dist/4.2/17/lib/modules
/cheerpj_dist/4.2/17/lib/modules
/cheerpj_dist/4.2/17/lib/modules
/cheerpj_dist/4.2/17/lib/modules
/files/fs.common_obf.jar
/files/fs.common_obf.jar
/cheerpj_dist/4.2/17/lib/modules
/files/fs.common_obf.jar
/files/fs.sound_obf.jar
/files/starfarer.api.jar
/files/starfarer.api.jar
/files/starfarer.api.jar
/files/starfarer.api.jar
/files/starfarer.api.jar
/files/json.jar
/files/xstream-1.4.10.jar
/files/xstream-1.4.10.jar
/files/xstream-1.4.10.jar
/files/log4j-1.2.9.jar
/files/log4j-1.2.9.jar
/files/log4j-1.2.9.jar
/cheerpj_dist/4.2/17/lib/modules
/cheerpj_dist/4.2/17/lib/modules
/files/commons-compiler.jar
/files/commons-compiler-jdk.jar
/files/janino.jar
/files/janino.jar
/files/janino.jar
/files/jinput.jar
/files/jinput.jar
/files/lwjgl.jar
/files/lwjgl.jar
/files/lwjgl.jar
/files/lwjgl.jar
/files/lwjgl_util.jar
/files/lwjgl_util.jar
/files/jorbis-0.0.15.jar
/files/jogg-0.0.7.jar
/files//config.jar
/cheerpj_dist/4.2/17/lib/modules
/cheerpj_dist/4.2/17/lib/modules
/cheerpj_dist/4.2/17/lib/modules
/cheerpj_dist/4.2/17/lib/modules
/cheerpj_dist/4.2/17/lib/modules
/cheerpj_dist/4.2/17/lib/modules
/cheerpj_dist/4.2/17/lib/modules
/cheerpj_dist/4.2/17/lib/modules
/cheerpj_dist/4.2/17/lib/modules
/cheerpj_dist/4.2/17/lib/modules
/cheerpj_dist/4.2/17/lib/modules
/cheerpj_dist/4.2/17/lib/modules
/cheerpj_dist/4.2/17/conf/security/java.security
/cheerpj_dist/4.2/17/conf/security/java.security
/cheerpj_dist/4.2/17/lib/modules
/files//?/.accessibility.properties
/files/starfarer_obf.jar
/files/starfarer_obf.jar
/files/starfarer_obf.jar
/cheerpj_dist/4.2/17/lib/modules
/cheerpj_dist/4.2/17/lib/modules
/cheerpj_dist/4.2/17/lib/modules
/cheerpj_dist/4.2/17/lib/modules
/cheerpj_dist/4.2/17/lib/modules
/cheerpj_dist/4.2/17/lib/modules
/cheerpj_dist/4.2/17/lib/modules
/files/starfarer_obf.jar
/files/starfarer_obf.jar
/files/starfarer_obf.jar
/files//data/config/settings.json
/files//data/config/settings.json
/cheerpj_dist/4.2/17/lib/modules
/cheerpj_dist/4.2/17/lib/modules
/cheerpj_dist/4.2/17/lib/modules
/files//jawt.js
/files/lwjgl.jar
/files/lwjgl.jar
/cheerpj_dist/4.2/17/lib/modules
/cheerpj_dist/4.2/17/lib/modules
/cheerpj_dist/4.2/17/lib/modules
/cheerpj_dist/4.2/17/lib/modules
/cheerpj_dist/4.2/17/lib/modules
/cheerpj_dist/4.2/17/lib/modules
/cheerpj_dist/4.2/17/lib/modules
/cheerpj_dist/4.2/17/lib/modules
/cheerpj_dist/4.2/17/lib/modules
/cheerpj_dist/4.2/17/lib/modules
/cheerpj_dist/4.2/17/conf/swing.properties
/cheerpj_dist/4.2/17/lib/modules
/cheerpj_dist/4.2/17/lib/modules
/cheerpj_dist/4.2/17/lib/modules
/cheerpj_dist/4.2/17/lib/fonts/badfonts.txt
/cheerpj_dist/4.2/17/lib/fonts
/cheerpj_dist/4.2/17/lib/fonts
/files//?/.java/fonts/17.0.16-internal/fcinfo-1-192.168.1.1-Linux-1.0-en-US.properties
/files//?/.java/fonts/17.0.16-internal/fcinfo-1-192.168.1.1-Linux-1.0-en-US.properties
/cheerpj_dist/4.2/fc/fonts/fonts.conf
/starsector_v44.html
/cheerpj_dist/4.2/cj3.wasm
/cheerpj_dist/4.2/c.html
/cheerpj_dist/4.2/cj3n17.wasm
/cheerpj_dist/4.2/17/lib/modules
/cheerpj_dist/4.2/17/lib/modules
/cheerpj_dist/4.2/17/lib/modules
/cheerpj_dist/4.2/17/lib/modules
/cheerpj_dist/4.2/17/lib/modules
/cheerpj_dist/4.2/17/lib/modules
/cheerpj_dist/4.2/17/lib/modules
/cheerpj_dist/4.2/17/lib/modules
/cheerpj_dist/4.2/17/lib/modules
/sw.js
/cheerpj_dist/4.2/17/lib/modules
/cheerpj_dist/4.2/17/lib/modules
/cheerpj_dist/4.2/17/lib/modules
/cheerpj_dist/4.2/17/lib/modules
/cheerpj_dist/4.2/17/lib/modules
/cheerpj_dist/4.2/17/lib/modules
/cheerpj_dist/4.2/17/lib/modules
/cheerpj_dist/4.2/17/lib/modules
/cheerpj_dist/4.2/17/lib/modules
/cheerpj_dist/4.2/17/lib/modules
/cheerpj_dist/4.2/17/lib/modules
/cheerpj_dist/4.2/etc/users
/cheerpj_dist/4.2/etc/localtime
/cheerpj_dist/4.2/17/lib/modules
/cheerpj_dist/4.2/17/lib/modules
/cheerpj_dist/4.2/17/lib/modules
/cheerpj_dist/4.2/17/lib/modules
/cheerpj_dist/4.2/17/lib/modules
/cheerpj_dist/4.2/17/lib/modules
/cheerpj_dist/4.2/17/lib/modules
/cheerpj_dist/4.2/17/lib/modules
/cheerpj_dist/4.2/17/lib/modules
/cheerpj_dist/4.2/17/lib/modules
/cheerpj_dist/4.2/17/jre/lib/cheerpj-handlers.jar
/cheerpj_dist/4.2/17/lib/modules
/cheerpj_dist/4.2/17/jre/lib/cheerpj-handlers.jar
/cheerpj_dist/4.2/17/jre/lib/cheerpj-awt.jar
/cheerpj_dist/4.2/17/jre/lib/cheerpj-awt.jar
/cheerpj_dist/4.2/17/jre/lib/cheerpj-jsobject.jar
/cheerpj_dist/4.2/17/jre/lib/cheerpj-jsobject.jar
/files/starfarer_obf.jar
/files/fs.common_obf.jar
/files/fs.sound_obf.jar
/files/starfarer.api.jar
/files/json.jar
/files/xstream-1.4.10.jar
/files/log4j-1.2.9.jar
/files/commons-compiler.jar
/files/commons-compiler-jdk.jar
/files/janino.jar
/files/jinput.jar
/files/lwjgl.jar
/files/lwjgl_util.jar
/files/jorbis-0.0.15.jar
/files/jogg-0.0.7.jar
/files//config.jar
/cheerpj_dist/4.2/17/lib/modules
/cheerpj_dist/4.2/17/lib/modules
/cheerpj_dist/4.2/17/lib/modules
/cheerpj_dist/4.2/17/lib/modules
/cheerpj_dist/4.2/17/lib/modules
/cheerpj_dist/4.2/17/lib/modules
/files/starfarer_obf.jar
/files/starfarer_obf.jar
/files/starfarer_obf.jar
/files/starfarer_obf.jar
/files/starfarer_obf.jar
/cheerpj_dist/4.2/17/lib/modules
/cheerpj_dist/4.2/17/lib/modules
/cheerpj_dist/4.2/17/lib/modules
/cheerpj_dist/4.2/17/lib/modules
/cheerpj_dist/4.2/17/lib/modules
/cheerpj_dist/4.2/17/lib/modules
/cheerpj_dist/4.2/17/lib/modules
/files/fs.common_obf.jar
/files/fs.common_obf.jar
/cheerpj_dist/4.2/17/lib/modules
/files/fs.common_obf.jar
/files/fs.sound_obf.jar
/files/starfarer.api.jar
/files/starfarer.api.jar
/files/starfarer.api.jar
/files/starfarer.api.jar
/files/starfarer.api.jar
/files/json.jar
/files/xstream-1.4.10.jar
/files/xstream-1.4.10.jar
/files/xstream-1.4.10.jar
/files/log4j-1.2.9.jar
/files/log4j-1.2.9.jar
/files/log4j-1.2.9.jar
/cheerpj_dist/4.2/17/lib/modules
/cheerpj_dist/4.2/17/lib/modules
/files/commons-compiler.jar
/files/commons-compiler-jdk.jar
/files/janino.jar
/files/janino.jar
/files/jinput.jar
/files/jinput.jar
/files/lwjgl.jar
/files/lwjgl.jar
/files/lwjgl.jar
/files/lwjgl_util.jar
/files/lwjgl_util.jar
/files/jorbis-0.0.15.jar
/files/jogg-0.0.7.jar
/files//config.jar
/cheerpj_dist/4.2/17/lib/modules
/cheerpj_dist/4.2/17/lib/modules
/cheerpj_dist/4.2/17/lib/modules
/cheerpj_dist/4.2/17/lib/modules
/cheerpj_dist/4.2/17/lib/modules
/cheerpj_dist/4.2/17/lib/modules
/cheerpj_dist/4.2/17/lib/modules
/cheerpj_dist/4.2/17/lib/modules
/cheerpj_dist/4.2/17/lib/modules
/cheerpj_dist/4.2/17/lib/modules
/cheerpj_dist/4.2/17/lib/modules
/cheerpj_dist/4.2/17/lib/modules
/cheerpj_dist/4.2/17/conf/security/java.security
/cheerpj_dist/4.2/17/conf/security/java.security
/cheerpj_dist/4.2/17/lib/modules
/files//?/.accessibility.properties
/files/starfarer_obf.jar
/files/starfarer_obf.jar
/files/starfarer_obf.jar
/cheerpj_dist/4.2/17/lib/modules
/cheerpj_dist/4.2/17/lib/modules
/cheerpj_dist/4.2/17/lib/modules
/cheerpj_dist/4.2/17/lib/modules
/cheerpj_dist/4.2/17/lib/modules
/cheerpj_dist/4.2/17/lib/modules
/files/starfarer_obf.jar
/files/starfarer_obf.jar
/files/starfarer_obf.jar
/files//data/config/settings.json
/files//data/config/settings.json
/cheerpj_dist/4.2/17/lib/modules
/cheerpj_dist/4.2/17/lib/modules
/cheerpj_dist/4.2/17/lib/modules
/files//jawt.js
/files/lwjgl.jar
/files/lwjgl.jar
/cheerpj_dist/4.2/17/lib/modules
/cheerpj_dist/4.2/17/lib/modules
/cheerpj_dist/4.2/17/lib/modules
/cheerpj_dist/4.2/17/lib/modules
/cheerpj_dist/4.2/17/lib/modules
/cheerpj_dist/4.2/17/lib/modules
/cheerpj_dist/4.2/17/lib/modules
/cheerpj_dist/4.2/17/lib/modules
/cheerpj_dist/4.2/17/lib/modules
/cheerpj_dist/4.2/17/lib/modules
/cheerpj_dist/4.2/17/conf/swing.properties
/cheerpj_dist/4.2/17/lib/modules
/cheerpj_dist/4.2/17/lib/modules
/cheerpj_dist/4.2/17/lib/modules
/cheerpj_dist/4.2/17/lib/fonts/badfonts.txt
/cheerpj_dist/4.2/17/lib/fonts
/cheerpj_dist/4.2/17/lib/fonts
/files//?/.java/fonts/17.0.16-internal/fcinfo-1-192.168.1.1-Linux-1.0-en-US.properties
/files//?/.java/fonts/17.0.16-internal/fcinfo-1-192.168.1.1-Linux-1.0-en-US.properties
/cheerpj_dist/4.2/fc/fonts/fonts.conf
/starsector_v44.html
/cheerpj_dist/4.2/cj3.wasm
/cheerpj_dist/4.2/c.html
/cheerpj_dist/4.2/cj3n17.wasm
/cheerpj_dist/4.2/17/lib/modules
/cheerpj_dist/4.2/17/lib/modules
/cheerpj_dist/4.2/17/lib/modules
/cheerpj_dist/4.2/17/lib/modules
/cheerpj_dist/4.2/17/lib/modules
/cheerpj_dist/4.2/17/lib/modules
/cheerpj_dist/4.2/17/lib/modules
/cheerpj_dist/4.2/17/lib/modules
/cheerpj_dist/4.2/17/lib/modules
/cheerpj_dist/4.2/17/lib/modules
/cheerpj_dist/4.2/17/lib/modules
/sw.js
/cheerpj_dist/4.2/17/lib/modules
/cheerpj_dist/4.2/17/lib/modules
/cheerpj_dist/4.2/17/lib/modules
/cheerpj_dist/4.2/17/lib/modules
/cheerpj_dist/4.2/17/lib/modules
/cheerpj_dist/4.2/17/lib/modules
/cheerpj_dist/4.2/17/lib/modules
/cheerpj_dist/4.2/17/lib/modules
/cheerpj_dist/4.2/17/lib/modules
/cheerpj_dist/4.2/etc/users
/cheerpj_dist/4.2/etc/localtime
/cheerpj_dist/4.2/17/lib/modules
/cheerpj_dist/4.2/17/lib/modules
/cheerpj_dist/4.2/17/lib/modules
/cheerpj_dist/4.2/17/lib/modules
/cheerpj_dist/4.2/17/lib/modules
/cheerpj_dist/4.2/17/lib/modules
/cheerpj_dist/4.2/17/lib/modules
/cheerpj_dist/4.2/17/lib/modules
/cheerpj_dist/4.2/17/lib/modules
/cheerpj_dist/4.2/17/jre/lib/cheerpj-handlers.jar
/cheerpj_dist/4.2/17/lib/modules
/cheerpj_dist/4.2/17/lib/modules
/cheerpj_dist/4.2/17/jre/lib/cheerpj-handlers.jar
/cheerpj_dist/4.2/17/jre/lib/cheerpj-awt.jar
/cheerpj_dist/4.2/17/jre/lib/cheerpj-awt.jar
/cheerpj_dist/4.2/17/jre/lib/cheerpj-jsobject.jar
/cheerpj_dist/4.2/17/jre/lib/cheerpj-jsobject.jar
/files/starfarer_obf.jar
/files/fs.common_obf.jar
/files/fs.sound_obf.jar
/files/starfarer.api.jar
/files/json.jar
/files/xstream-1.4.10.jar
/files/log4j-1.2.9.jar
/files/commons-compiler.jar
/files/commons-compiler-jdk.jar
/files/janino.jar
/files/jinput.jar
/files/lwjgl.jar
/files/lwjgl_util.jar
/files/jorbis-0.0.15.jar
/files/jogg-0.0.7.jar
/files//config.jar
/cheerpj_dist/4.2/17/lib/modules
/cheerpj_dist/4.2/17/lib/modules
/cheerpj_dist/4.2/17/lib/modules
/cheerpj_dist/4.2/17/lib/modules
/cheerpj_dist/4.2/17/lib/modules
/cheerpj_dist/4.2/17/lib/modules
/files/starfarer_obf.jar
/files/starfarer_obf.jar
/files/starfarer_obf.jar
/files/starfarer_obf.jar
/files/starfarer_obf.jar
/files/starfarer_obf.jar
/cheerpj_dist/4.2/17/lib/modules
/cheerpj_dist/4.2/17/lib/modules
/cheerpj_dist/4.2/17/lib/modules
/cheerpj_dist/4.2/17/lib/modules
/cheerpj_dist/4.2/17/lib/modules
/cheerpj_dist/4.2/17/lib/modules
/cheerpj_dist/4.2/17/lib/modules
/cheerpj_dist/4.2/17/lib/modules
/files/fs.common_obf.jar
/files/fs.common_obf.jar
/cheerpj_dist/4.2/17/lib/modules
/files/fs.common_obf.jar
/files/fs.sound_obf.jar
/files/starfarer.api.jar
/files/starfarer.api.jar
/files/starfarer.api.jar
/files/starfarer.api.jar
/files/starfarer.api.jar
/files/json.jar
/files/xstream-1.4.10.jar
/files/xstream-1.4.10.jar
/files/xstream-1.4.10.jar
/files/log4j-1.2.9.jar
/files/log4j-1.2.9.jar
/files/log4j-1.2.9.jar
/cheerpj_dist/4.2/17/lib/modules
/cheerpj_dist/4.2/17/lib/modules
/files/commons-compiler.jar
/files/commons-compiler-jdk.jar
/files/janino.jar
/files/janino.jar
/files/jinput.jar
/files/jinput.jar
/files/lwjgl.jar
/files/lwjgl.jar
/files/lwjgl.jar
/files/lwjgl.jar
/files/lwjgl_util.jar
/files/lwjgl_util.jar
/files/jorbis-0.0.15.jar
/files/jogg-0.0.7.jar
/files//config.jar
/cheerpj_dist/4.2/17/lib/modules
/cheerpj_dist/4.2/17/lib/modules
/cheerpj_dist/4.2/17/lib/modules
/cheerpj_dist/4.2/17/lib/modules
/cheerpj_dist/4.2/17/lib/modules
/cheerpj_dist/4.2/17/lib/modules
/cheerpj_dist/4.2/17/lib/modules
/cheerpj_dist/4.2/17/lib/modules
/cheerpj_dist/4.2/17/lib/modules
/cheerpj_dist/4.2/17/lib/modules
/cheerpj_dist/4.2/17/lib/modules
/cheerpj_dist/4.2/17/conf/security/java.security
/cheerpj_dist/4.2/17/conf/security/java.security
/cheerpj_dist/4.2/17/lib/modules
/files//?/.accessibility.properties
/files/starfarer_obf.jar
/files/starfarer_obf.jar
/files/starfarer_obf.jar
/cheerpj_dist/4.2/17/lib/modules
/cheerpj_dist/4.2/17/lib/modules
/cheerpj_dist/4.2/17/lib/modules
/cheerpj_dist/4.2/17/lib/modules
/cheerpj_dist/4.2/17/lib/modules
/cheerpj_dist/4.2/17/lib/modules
/files/starfarer_obf.jar
/files/starfarer_obf.jar
/files/starfarer_obf.jar
/files//data/config/settings.json
/files//data/config/settings.json
/cheerpj_dist/4.2/17/lib/modules
/cheerpj_dist/4.2/17/lib/modules
/files//jawt.js
/files/lwjgl.jar
/files/lwjgl.jar
/cheerpj_dist/4.2/17/lib/modules
/cheerpj_dist/4.2/17/lib/modules
/cheerpj_dist/4.2/17/lib/modules
/cheerpj_dist/4.2/17/lib/modules
/cheerpj_dist/4.2/17/lib/modules
/cheerpj_dist/4.2/17/lib/modules
/cheerpj_dist/4.2/17/lib/modules
/cheerpj_dist/4.2/17/lib/modules
/cheerpj_dist/4.2/17/conf/swing.properties
/cheerpj_dist/4.2/17/lib/modules
/cheerpj_dist/4.2/17/lib/modules
/cheerpj_dist/4.2/17/lib/modules
/cheerpj_dist/4.2/17/lib/fonts/badfonts.txt
/cheerpj_dist/4.2/17/lib/fonts
/cheerpj_dist/4.2/17/lib/fonts
/files//?/.java/fonts/17.0.16-internal/fcinfo-1-192.168.1.1-Linux-1.0-en-US.properties
/files//?/.java/fonts/17.0.16-internal/fcinfo-1-192.168.1.1-Linux-1.0-en-US.properties
/cheerpj_dist/4.2/fc/fonts/fonts.conf
/starsector_v44.html
/cheerpj_dist/4.2/cj3.wasm
/cheerpj_dist/4.2/c.html
/cheerpj_dist/4.2/cj3n17.wasm
/cheerpj_dist/4.2/17/lib/modules
/cheerpj_dist/4.2/17/lib/modules
/cheerpj_dist/4.2/17/lib/modules
/cheerpj_dist/4.2/17/lib/modules
/cheerpj_dist/4.2/17/lib/modules
/cheerpj_dist/4.2/17/lib/modules
/cheerpj_dist/4.2/17/lib/modules
/cheerpj_dist/4.2/17/lib/modules
/cheerpj_dist/4.2/17/lib/modules
/cheerpj_dist/4.2/17/lib/modules
/cheerpj_dist/4.2/17/lib/modules
/cheerpj_dist/4.2/17/lib/modules
/cheerpj_dist/4.2/17/lib/modules
/cheerpj_dist/4.2/17/lib/modules
/cheerpj_dist/4.2/17/lib/modules
/cheerpj_dist/4.2/17/lib/modules
/cheerpj_dist/4.2/17/lib/modules
/cheerpj_dist/4.2/17/lib/modules
/cheerpj_dist/4.2/17/lib/modules
/cheerpj_dist/4.2/17/lib/modules
/sw.js
/cheerpj_dist/4.2/etc/users
/cheerpj_dist/4.2/etc/localtime
/cheerpj_dist/4.2/17/lib/modules
/cheerpj_dist/4.2/17/lib/modules
/cheerpj_dist/4.2/17/lib/modules
/cheerpj_dist/4.2/17/lib/modules
/cheerpj_dist/4.2/17/lib/modules
/cheerpj_dist/4.2/17/lib/modules
/cheerpj_dist/4.2/17/lib/modules
/cheerpj_dist/4.2/17/lib/modules
/cheerpj_dist/4.2/17/lib/modules
/cheerpj_dist/4.2/17/lib/modules
/cheerpj_dist/4.2/17/lib/modules
/cheerpj_dist/4.2/17/jre/lib/cheerpj-handlers.jar
/cheerpj_dist/4.2/17/lib/modules
/cheerpj_dist/4.2/17/jre/lib/cheerpj-handlers.jar
/cheerpj_dist/4.2/17/jre/lib/cheerpj-awt.jar
/cheerpj_dist/4.2/17/jre/lib/cheerpj-awt.jar
/cheerpj_dist/4.2/17/jre/lib/cheerpj-jsobject.jar
/cheerpj_dist/4.2/17/jre/lib/cheerpj-jsobject.jar
/files/starfarer_obf.jar
/files/fs.common_obf.jar
/files/fs.sound_obf.jar
/files/starfarer.api.jar
/files/json.jar
/files/xstream-1.4.10.jar
/files/log4j-1.2.9.jar
/files/commons-compiler.jar
/files/commons-compiler-jdk.jar
/files/janino.jar
/files/jinput.jar
/files/lwjgl.jar
/files/lwjgl_util.jar
/files/jorbis-0.0.15.jar
/files/jogg-0.0.7.jar
/files//config.jar
/cheerpj_dist/4.2/17/lib/modules
/cheerpj_dist/4.2/17/lib/modules
/cheerpj_dist/4.2/17/lib/modules
/cheerpj_dist/4.2/17/lib/modules
/cheerpj_dist/4.2/17/lib/modules
/cheerpj_dist/4.2/17/lib/modules
/files/starfarer_obf.jar
/files/starfarer_obf.jar
/files/starfarer_obf.jar
/files/starfarer_obf.jar
/files/starfarer_obf.jar
/files/starfarer_obf.jar
/cheerpj_dist/4.2/17/lib/modules
/cheerpj_dist/4.2/17/lib/modules
/cheerpj_dist/4.2/17/lib/modules
/cheerpj_dist/4.2/17/lib/modules
/cheerpj_dist/4.2/17/lib/modules
/cheerpj_dist/4.2/17/lib/modules
/cheerpj_dist/4.2/17/lib/modules
/cheerpj_dist/4.2/17/lib/modules
/files/fs.common_obf.jar
/files/fs.common_obf.jar
/cheerpj_dist/4.2/17/lib/modules
/files/fs.common_obf.jar
/files/fs.sound_obf.jar
/files/starfarer.api.jar
/files/starfarer.api.jar
/files/starfarer.api.jar
/files/starfarer.api.jar
/files/json.jar
/files/xstream-1.4.10.jar
/files/xstream-1.4.10.jar
/files/xstream-1.4.10.jar
/files/log4j-1.2.9.jar
/files/log4j-1.2.9.jar
/files/log4j-1.2.9.jar
/cheerpj_dist/4.2/17/lib/modules
/cheerpj_dist/4.2/17/lib/modules
/files/commons-compiler.jar
/files/commons-compiler-jdk.jar
/files/janino.jar
/files/janino.jar
/files/janino.jar
/files/jinput.jar
/files/jinput.jar
/files/lwjgl.jar
/files/lwjgl.jar
/files/lwjgl.jar
/files/lwjgl.jar
/files/lwjgl_util.jar
/files/lwjgl_util.jar
/files/jorbis-0.0.15.jar
/files/jogg-0.0.7.jar
/files//config.jar
/cheerpj_dist/4.2/17/lib/modules
/cheerpj_dist/4.2/17/lib/modules
/cheerpj_dist/4.2/17/lib/modules
/cheerpj_dist/4.2/17/lib/modules
/cheerpj_dist/4.2/17/lib/modules
/cheerpj_dist/4.2/17/lib/modules
/cheerpj_dist/4.2/17/lib/modules
/cheerpj_dist/4.2/17/lib/modules
/cheerpj_dist/4.2/17/lib/modules
/cheerpj_dist/4.2/17/lib/modules
/cheerpj_dist/4.2/17/lib/modules
/cheerpj_dist/4.2/17/lib/modules
/cheerpj_dist/4.2/17/conf/security/java.security
/cheerpj_dist/4.2/17/conf/security/java.security
/cheerpj_dist/4.2/17/lib/modules
/files//?/.accessibility.properties
/files/starfarer_obf.jar
/files/starfarer_obf.jar
/files/starfarer_obf.jar
/cheerpj_dist/4.2/17/lib/modules
/cheerpj_dist/4.2/17/lib/modules
/cheerpj_dist/4.2/17/lib/modules
/cheerpj_dist/4.2/17/lib/modules
/cheerpj_dist/4.2/17/lib/modules
/cheerpj_dist/4.2/17/lib/modules
/cheerpj_dist/4.2/17/lib/modules
/files/starfarer_obf.jar
/files/starfarer_obf.jar
/files/starfarer_obf.jar
/files//data/config/settings.json
/files//data/config/settings.json
/cheerpj_dist/4.2/17/lib/modules
/cheerpj_dist/4.2/17/lib/modules
/cheerpj_dist/4.2/17/lib/modules
/files//jawt.js
/files/lwjgl.jar
/files/lwjgl.jar
/cheerpj_dist/4.2/17/lib/modules
/cheerpj_dist/4.2/17/lib/modules
/cheerpj_dist/4.2/17/lib/modules
/cheerpj_dist/4.2/17/lib/modules
/cheerpj_dist/4.2/17/lib/modules
/cheerpj_dist/4.2/17/lib/modules
/cheerpj_dist/4.2/17/lib/modules
/cheerpj_dist/4.2/17/lib/modules
/cheerpj_dist/4.2/17/lib/modules
/cheerpj_dist/4.2/17/lib/modules
/cheerpj_dist/4.2/17/conf/swing.properties
/cheerpj_dist/4.2/17/lib/modules
/cheerpj_dist/4.2/17/lib/modules
/cheerpj_dist/4.2/17/lib/modules
/cheerpj_dist/4.2/17/lib/fonts/badfonts.txt
/cheerpj_dist/4.2/17/lib/fonts
/cheerpj_dist/4.2/17/lib/fonts
/files//?/.java/fonts/17.0.16-internal/fcinfo-1-192.168.1.1-Linux-1.0-en-US.properties
/files//?/.java/fonts/17.0.16-internal/fcinfo-1-192.168.1.1-Linux-1.0-en-US.properties
/cheerpj_dist/4.2/fc/fonts/fonts.conf
/starsector_v44.html
/cheerpj_dist/4.2/cj3.wasm
/cheerpj_dist/4.2/c.html
/cheerpj_dist/4.2/cj3n17.wasm
/cheerpj_dist/4.2/17/lib/modules
/cheerpj_dist/4.2/17/lib/modules
/cheerpj_dist/4.2/17/lib/modules
/cheerpj_dist/4.2/17/lib/modules
/cheerpj_dist/4.2/17/lib/modules
/cheerpj_dist/4.2/17/lib/modules
/cheerpj_dist/4.2/17/lib/modules
/cheerpj_dist/4.2/17/lib/modules
/cheerpj_dist/4.2/17/lib/modules
/cheerpj_dist/4.2/17/lib/modules
/cheerpj_dist/4.2/17/lib/modules
/cheerpj_dist/4.2/17/lib/modules
/sw.js
/cheerpj_dist/4.2/17/lib/modules
/cheerpj_dist/4.2/17/lib/modules
/cheerpj_dist/4.2/17/lib/modules
/cheerpj_dist/4.2/17/lib/modules
/cheerpj_dist/4.2/17/lib/modules
/cheerpj_dist/4.2/17/lib/modules
/cheerpj_dist/4.2/17/lib/modules
/cheerpj_dist/4.2/17/lib/modules
/cheerpj_dist/4.2/etc/users
/cheerpj_dist/4.2/etc/localtime
/cheerpj_dist/4.2/17/lib/modules
/cheerpj_dist/4.2/17/lib/modules
/cheerpj_dist/4.2/17/lib/modules
/cheerpj_dist/4.2/17/lib/modules
/cheerpj_dist/4.2/17/lib/modules
/cheerpj_dist/4.2/17/lib/modules
/cheerpj_dist/4.2/17/lib/modules
/cheerpj_dist/4.2/17/lib/modules
/cheerpj_dist/4.2/17/lib/modules
/cheerpj_dist/4.2/17/lib/modules
/cheerpj_dist/4.2/17/lib/modules
/cheerpj_dist/4.2/17/jre/lib/cheerpj-handlers.jar
/cheerpj_dist/4.2/17/lib/modules
/cheerpj_dist/4.2/17/jre/lib/cheerpj-handlers.jar
/cheerpj_dist/4.2/17/jre/lib/cheerpj-awt.jar
/cheerpj_dist/4.2/17/jre/lib/cheerpj-awt.jar
/cheerpj_dist/4.2/17/jre/lib/cheerpj-jsobject.jar
/cheerpj_dist/4.2/17/jre/lib/cheerpj-jsobject.jar
/files/starfarer_obf.jar
/files/fs.common_obf.jar
/files/fs.sound_obf.jar
/files/starfarer.api.jar
/files/json.jar
/files/xstream-1.4.10.jar
/files/log4j-1.2.9.jar
/files/commons-compiler.jar
/files/commons-compiler-jdk.jar
/files/janino.jar
/files/jinput.jar
/files/lwjgl.jar
/files/lwjgl_util.jar
/files/jorbis-0.0.15.jar
/files/jogg-0.0.7.jar
/files//config.jar
/cheerpj_dist/4.2/17/lib/modules
/cheerpj_dist/4.2/17/lib/modules
/cheerpj_dist/4.2/17/lib/modules
/cheerpj_dist/4.2/17/lib/modules
/cheerpj_dist/4.2/17/lib/modules
/cheerpj_dist/4.2/17/lib/modules
/files/starfarer_obf.jar
/files/starfarer_obf.jar
/files/starfarer_obf.jar
/files/starfarer_obf.jar
/files/starfarer_obf.jar
/files/starfarer_obf.jar
/cheerpj_dist/4.2/17/lib/modules
/cheerpj_dist/4.2/17/lib/modules
/cheerpj_dist/4.2/17/lib/modules
/cheerpj_dist/4.2/17/lib/modules
/cheerpj_dist/4.2/17/lib/modules
/cheerpj_dist/4.2/17/lib/modules
/cheerpj_dist/4.2/17/lib/modules
/cheerpj_dist/4.2/17/lib/modules
/files/fs.common_obf.jar
/files/fs.common_obf.jar
/cheerpj_dist/4.2/17/lib/modules
/files/fs.common_obf.jar
/files/fs.sound_obf.jar
/files/starfarer.api.jar
/files/starfarer.api.jar
/files/starfarer.api.jar
/files/starfarer.api.jar
/files/starfarer.api.jar
/files/json.jar
/files/xstream-1.4.10.jar
/files/xstream-1.4.10.jar
/files/xstream-1.4.10.jar
/files/log4j-1.2.9.jar
/files/log4j-1.2.9.jar
/files/log4j-1.2.9.jar
/cheerpj_dist/4.2/17/lib/modules
/cheerpj_dist/4.2/17/lib/modules
/files/commons-compiler.jar
/files/commons-compiler-jdk.jar
/files/janino.jar
/files/janino.jar
/files/janino.jar
/files/jinput.jar
/files/jinput.jar
/files/lwjgl.jar
/files/lwjgl.jar
/files/lwjgl.jar
/files/lwjgl.jar
/files/lwjgl_util.jar
/files/lwjgl_util.jar
/files/jorbis-0.0.15.jar
/files/jogg-0.0.7.jar
/files//config.jar
/cheerpj_dist/4.2/17/lib/modules
/cheerpj_dist/4.2/17/lib/modules
/cheerpj_dist/4.2/17/lib/modules
/cheerpj_dist/4.2/17/lib/modules
/cheerpj_dist/4.2/17/lib/modules
/cheerpj_dist/4.2/17/lib/modules
/cheerpj_dist/4.2/17/lib/modules
/cheerpj_dist/4.2/17/lib/modules
/cheerpj_dist/4.2/17/lib/modules
/cheerpj_dist/4.2/17/lib/modules
/cheerpj_dist/4.2/17/lib/modules
/cheerpj_dist/4.2/17/lib/modules
/cheerpj_dist/4.2/17/conf/security/java.security
/cheerpj_dist/4.2/17/conf/security/java.security
/cheerpj_dist/4.2/17/lib/modules
/files//?/.accessibility.properties
/files/starfarer_obf.jar
/files/starfarer_obf.jar
/files/starfarer_obf.jar
/cheerpj_dist/4.2/17/lib/modules
/cheerpj_dist/4.2/17/lib/modules
/cheerpj_dist/4.2/17/lib/modules
/cheerpj_dist/4.2/17/lib/modules
/cheerpj_dist/4.2/17/lib/modules
/cheerpj_dist/4.2/17/lib/modules
/cheerpj_dist/4.2/17/lib/modules
/files/starfarer_obf.jar
/files/starfarer_obf.jar
/files/starfarer_obf.jar
/files//data/config/settings.json
/files//data/config/settings.json
/cheerpj_dist/4.2/17/lib/modules
/cheerpj_dist/4.2/17/lib/modules
/files//jawt.js
/files/lwjgl.jar
/files/lwjgl.jar
/cheerpj_dist/4.2/17/lib/modules
/cheerpj_dist/4.2/17/lib/modules
/cheerpj_dist/4.2/17/lib/modules
/cheerpj_dist/4.2/17/lib/modules
/cheerpj_dist/4.2/17/lib/modules
/cheerpj_dist/4.2/17/lib/modules
/cheerpj_dist/4.2/17/lib/modules
/cheerpj_dist/4.2/17/lib/modules
/cheerpj_dist/4.2/17/conf/swing.properties
/cheerpj_dist/4.2/17/lib/modules
/cheerpj_dist/4.2/17/lib/modules
/cheerpj_dist/4.2/17/lib/modules
/cheerpj_dist/4.2/17/lib/fonts/badfonts.txt
/cheerpj_dist/4.2/17/lib/fonts
/cheerpj_dist/4.2/17/lib/fonts
/files//?/.java/fonts/17.0.16-internal/fcinfo-1-192.168.1.1-Linux-1.0-en-US.properties
/files//?/.java/fonts/17.0.16-internal/fcinfo-1-192.168.1.1-Linux-1.0-en-US.properties
/cheerpj_dist/4.2/fc/fonts/fonts.conf
/starsector_v44.html
/cheerpj_dist/4.2/cj3.wasm
/cheerpj_dist/4.2/c.html
/cheerpj_dist/4.2/cj3n17.wasm
/cheerpj_dist/4.2/17/lib/modules
/cheerpj_dist/4.2/17/lib/modules
/cheerpj_dist/4.2/17/lib/modules
/cheerpj_dist/4.2/17/lib/modules
/cheerpj_dist/4.2/17/lib/modules
/cheerpj_dist/4.2/17/lib/modules
/cheerpj_dist/4.2/17/lib/modules
/cheerpj_dist/4.2/17/lib/modules
/cheerpj_dist/4.2/17/lib/modules
/cheerpj_dist/4.2/17/lib/modules
/cheerpj_dist/4.2/17/lib/modules
/cheerpj_dist/4.2/17/lib/modules
/sw.js
/cheerpj_dist/4.2/17/lib/modules
/cheerpj_dist/4.2/17/lib/modules
/cheerpj_dist/4.2/17/lib/modules
/cheerpj_dist/4.2/17/lib/modules
/cheerpj_dist/4.2/17/lib/modules
/cheerpj_dist/4.2/17/lib/modules
/cheerpj_dist/4.2/17/lib/modules
/cheerpj_dist/4.2/17/lib/modules
/cheerpj_dist/4.2/etc/users
/cheerpj_dist/4.2/etc/localtime
/cheerpj_dist/4.2/17/lib/modules
/cheerpj_dist/4.2/17/lib/modules
/cheerpj_dist/4.2/17/lib/modules
/cheerpj_dist/4.2/17/lib/modules
/cheerpj_dist/4.2/17/lib/modules
/cheerpj_dist/4.2/17/lib/modules
/cheerpj_dist/4.2/17/lib/modules
/cheerpj_dist/4.2/17/lib/modules
/cheerpj_dist/4.2/17/lib/modules
/cheerpj_dist/4.2/17/jre/lib/cheerpj-handlers.jar
/cheerpj_dist/4.2/17/lib/modules
/cheerpj_dist/4.2/17/jre/lib/cheerpj-handlers.jar
/cheerpj_dist/4.2/17/jre/lib/cheerpj-awt.jar
/cheerpj_dist/4.2/17/jre/lib/cheerpj-awt.jar
/cheerpj_dist/4.2/17/jre/lib/cheerpj-jsobject.jar
/cheerpj_dist/4.2/17/jre/lib/cheerpj-jsobject.jar
/files/starfarer_obf.jar
/files/fs.common_obf.jar
/files/fs.sound_obf.jar
/files/starfarer.api.jar
/files/json.jar
/files/xstream-1.4.10.jar
/files/log4j-1.2.9.jar
/files/commons-compiler.jar
/files/commons-compiler-jdk.jar
/files/janino.jar
/files/jinput.jar
/files/lwjgl.jar
/files/lwjgl_util.jar
/files/jorbis-0.0.15.jar
/files/jogg-0.0.7.jar
/files//config.jar
/cheerpj_dist/4.2/17/lib/modules
/cheerpj_dist/4.2/17/lib/modules
/cheerpj_dist/4.2/17/lib/modules
/cheerpj_dist/4.2/17/lib/modules
/cheerpj_dist/4.2/17/lib/modules
/cheerpj_dist/4.2/17/lib/modules
/files/starfarer_obf.jar
/files/starfarer_obf.jar
/files/starfarer_obf.jar
/files/starfarer_obf.jar
/files/starfarer_obf.jar
/files/starfarer_obf.jar
/files/fs.common_obf.jar
/files/fs.common_obf.jar
/files/fs.common_obf.jar
/files/fs.sound_obf.jar
/files/starfarer.api.jar
/files/starfarer.api.jar
/files/starfarer.api.jar
/files/starfarer.api.jar
/files/starfarer.api.jar
/files/json.jar
/files/xstream-1.4.10.jar
/files/xstream-1.4.10.jar
/files/xstream-1.4.10.jar
/files/log4j-1.2.9.jar
/files/log4j-1.2.9.jar
/files/log4j-1.2.9.jar
/files/commons-compiler.jar
/files/commons-compiler-jdk.jar
/files/janino.jar
/files/janino.jar
/files/janino.jar
/files/jinput.jar
/files/jinput.jar
/files/lwjgl.jar
/files/lwjgl.jar
/files/lwjgl.jar
/files/lwjgl.jar
/files/lwjgl_util.jar
/files/lwjgl_util.jar
/files/jorbis-0.0.15.jar
/files/jogg-0.0.7.jar
/files//config.jar
/cheerpj_dist/4.2/17/lib/modules
/cheerpj_dist/4.2/17/lib/modules
/cheerpj_dist/4.2/17/lib/modules
/cheerpj_dist/4.2/17/conf/security/java.security
/cheerpj_dist/4.2/17/conf/security/java.security
/cheerpj_dist/4.2/17/lib/modules
/starsector_v44.html
/cheerpj_dist/4.2/cj3.wasm
/cheerpj_dist/4.2/c.html
/cheerpj_dist/4.2/cj3n17.wasm
/cheerpj_dist/4.2/17/lib/modules
/cheerpj_dist/4.2/17/lib/modules
/cheerpj_dist/4.2/17/lib/modules
/cheerpj_dist/4.2/17/lib/modules
/cheerpj_dist/4.2/17/lib/modules
/cheerpj_dist/4.2/17/lib/modules
/cheerpj_dist/4.2/17/lib/modules
/cheerpj_dist/4.2/17/lib/modules
/cheerpj_dist/4.2/17/lib/modules
/cheerpj_dist/4.2/17/lib/modules
/cheerpj_dist/4.2/17/lib/modules
/cheerpj_dist/4.2/17/lib/modules
/sw.js
/cheerpj_dist/4.2/17/lib/modules
/cheerpj_dist/4.2/17/lib/modules
/cheerpj_dist/4.2/17/lib/modules
/cheerpj_dist/4.2/17/lib/modules
/cheerpj_dist/4.2/17/lib/modules
/cheerpj_dist/4.2/17/lib/modules
/cheerpj_dist/4.2/17/lib/modules
/cheerpj_dist/4.2/etc/users
/cheerpj_dist/4.2/etc/localtime
/cheerpj_dist/4.2/17/lib/modules
/cheerpj_dist/4.2/17/lib/modules
/cheerpj_dist/4.2/17/lib/modules
/cheerpj_dist/4.2/17/lib/modules
/cheerpj_dist/4.2/17/lib/modules
/cheerpj_dist/4.2/17/lib/modules
/cheerpj_dist/4.2/17/lib/modules
/cheerpj_dist/4.2/17/lib/modules
/cheerpj_dist/4.2/17/lib/modules
/cheerpj_dist/4.2/17/lib/modules
/cheerpj_dist/4.2/17/lib/modules
/cheerpj_dist/4.2/17/jre/lib/cheerpj-handlers.jar
/cheerpj_dist/4.2/17/lib/modules
/cheerpj_dist/4.2/17/jre/lib/cheerpj-handlers.jar
/cheerpj_dist/4.2/17/jre/lib/cheerpj-awt.jar
/cheerpj_dist/4.2/17/jre/lib/cheerpj-awt.jar
/cheerpj_dist/4.2/17/jre/lib/cheerpj-jsobject.jar
/cheerpj_dist/4.2/17/jre/lib/cheerpj-jsobject.jar
/files/starfarer_obf.jar
/files/fs.common_obf.jar
/files/fs.sound_obf.jar
/files/starfarer.api.jar
/files/json.jar
/files/xstream-1.4.10.jar
/files/log4j-1.2.9.jar
/files/commons-compiler.jar
/files/commons-compiler-jdk.jar
/files/janino.jar
/files/jinput.jar
/files/lwjgl.jar
/files/lwjgl_util.jar
/files/jorbis-0.0.15.jar
/files/jogg-0.0.7.jar
/files//config.jar
/cheerpj_dist/4.2/17/lib/modules
/cheerpj_dist/4.2/17/lib/modules
/cheerpj_dist/4.2/17/lib/modules
/cheerpj_dist/4.2/17/lib/modules
/cheerpj_dist/4.2/17/lib/modules
/cheerpj_dist/4.2/17/lib/modules
/files/starfarer_obf.jar
/files/starfarer_obf.jar
/files/starfarer_obf.jar
/files/starfarer_obf.jar
/files/starfarer_obf.jar
/files/starfarer_obf.jar
/files/fs.common_obf.jar
/files/fs.common_obf.jar
/files/fs.common_obf.jar
/files/fs.sound_obf.jar
/files/starfarer.api.jar
/files/starfarer.api.jar
/files/starfarer.api.jar
/files/starfarer.api.jar
/files/starfarer.api.jar
/files/json.jar
/files/xstream-1.4.10.jar
/files/xstream-1.4.10.jar
/files/xstream-1.4.10.jar
/files/log4j-1.2.9.jar
/files/log4j-1.2.9.jar
/files/commons-compiler.jar
/files/commons-compiler-jdk.jar
/files/janino.jar
/files/janino.jar
/files/jinput.jar
/files/jinput.jar
/files/lwjgl.jar
/files/lwjgl.jar
/files/lwjgl.jar
/files/lwjgl_util.jar
/files/lwjgl_util.jar
/files/jorbis-0.0.15.jar
/files/jogg-0.0.7.jar
/files//config.jar
/cheerpj_dist/4.2/17/lib/modules
/cheerpj_dist/4.2/17/lib/modules
/cheerpj_dist/4.2/17/lib/modules
/cheerpj_dist/4.2/17/conf/security/java.security
/cheerpj_dist/4.2/17/conf/security/java.security
/cheerpj_dist/4.2/17/lib/modules
/starsector_v44.html
/cheerpj_dist/4.2/cj3.wasm
/cheerpj_dist/4.2/c.html
/cheerpj_dist/4.2/cj3n17.wasm
/cheerpj_dist/4.2/17/lib/modules
/cheerpj_dist/4.2/17/lib/modules
/cheerpj_dist/4.2/17/lib/modules
/cheerpj_dist/4.2/17/lib/modules
/cheerpj_dist/4.2/17/lib/modules
/cheerpj_dist/4.2/17/lib/modules
/cheerpj_dist/4.2/17/lib/modules
/cheerpj_dist/4.2/17/lib/modules
/cheerpj_dist/4.2/17/lib/modules
/cheerpj_dist/4.2/17/lib/modules
/cheerpj_dist/4.2/17/lib/modules
/cheerpj_dist/4.2/17/lib/modules
/sw.js
/cheerpj_dist/4.2/17/lib/modules
/cheerpj_dist/4.2/17/lib/modules
/cheerpj_dist/4.2/17/lib/modules
/cheerpj_dist/4.2/17/lib/modules
/cheerpj_dist/4.2/17/lib/modules
/cheerpj_dist/4.2/17/lib/modules
/cheerpj_dist/4.2/17/lib/modules
/cheerpj_dist/4.2/17/lib/modules
/cheerpj_dist/4.2/etc/users
/cheerpj_dist/4.2/etc/localtime
/cheerpj_dist/4.2/17/lib/modules
/cheerpj_dist/4.2/17/lib/modules
/cheerpj_dist/4.2/17/lib/modules
/cheerpj_dist/4.2/17/lib/modules
/cheerpj_dist/4.2/17/lib/modules
/cheerpj_dist/4.2/17/lib/modules
/cheerpj_dist/4.2/17/lib/modules
/cheerpj_dist/4.2/17/lib/modules
/cheerpj_dist/4.2/17/lib/modules
/cheerpj_dist/4.2/17/jre/lib/cheerpj-handlers.jar
/cheerpj_dist/4.2/17/lib/modules
/cheerpj_dist/4.2/17/jre/lib/cheerpj-handlers.jar
/cheerpj_dist/4.2/17/jre/lib/cheerpj-awt.jar
/cheerpj_dist/4.2/17/jre/lib/cheerpj-awt.jar
/cheerpj_dist/4.2/17/jre/lib/cheerpj-jsobject.jar
/cheerpj_dist/4.2/17/jre/lib/cheerpj-jsobject.jar
/files/starfarer_obf.jar
/files/fs.common_obf.jar
/files/fs.sound_obf.jar
/files/starfarer.api.jar
/files/json.jar
/files/xstream-1.4.10.jar
/files/log4j-1.2.9.jar
/files/commons-compiler.jar
/files/commons-compiler-jdk.jar
/files/janino.jar
/files/jinput.jar
/files/lwjgl.jar
/files/lwjgl_util.jar
/files/jorbis-0.0.15.jar
/files/jogg-0.0.7.jar
/files//config.jar
/cheerpj_dist/4.2/17/lib/modules
/cheerpj_dist/4.2/17/lib/modules
/cheerpj_dist/4.2/17/lib/modules
/cheerpj_dist/4.2/17/lib/modules
/cheerpj_dist/4.2/17/lib/modules
/cheerpj_dist/4.2/17/lib/modules
/files/starfarer_obf.jar
/files/starfarer_obf.jar
/files/starfarer_obf.jar
/files/starfarer_obf.jar
/files/starfarer_obf.jar
/files/starfarer_obf.jar
/cheerpj_dist/4.2/17/lib/modules
/cheerpj_dist/4.2/17/lib/modules
/cheerpj_dist/4.2/17/lib/modules
/cheerpj_dist/4.2/17/lib/modules
/cheerpj_dist/4.2/17/lib/modules
/cheerpj_dist/4.2/17/lib/modules
/cheerpj_dist/4.2/17/lib/modules
/files/fs.common_obf.jar
/files/fs.common_obf.jar
/cheerpj_dist/4.2/17/lib/modules
/files/fs.common_obf.jar
/files/fs.sound_obf.jar
/files/starfarer.api.jar
/files/starfarer.api.jar
/files/starfarer.api.jar
/files/starfarer.api.jar
/files/starfarer.api.jar
/files/json.jar
/files/xstream-1.4.10.jar
/files/xstream-1.4.10.jar
/files/log4j-1.2.9.jar
/files/log4j-1.2.9.jar
/files/log4j-1.2.9.jar
/cheerpj_dist/4.2/17/lib/modules
/cheerpj_dist/4.2/17/lib/modules
/files/commons-compiler.jar
/files/commons-compiler-jdk.jar
/files/janino.jar
/files/janino.jar
/files/jinput.jar
/files/jinput.jar
/files/lwjgl.jar
/files/lwjgl.jar
/files/lwjgl.jar
/files/lwjgl.jar
/files/lwjgl_util.jar
/files/lwjgl_util.jar
/files/jorbis-0.0.15.jar
/files/jogg-0.0.7.jar
/files//config.jar
/cheerpj_dist/4.2/17/lib/modules
/cheerpj_dist/4.2/17/lib/modules
/cheerpj_dist/4.2/17/lib/modules
/cheerpj_dist/4.2/17/lib/modules
/cheerpj_dist/4.2/17/lib/modules
/cheerpj_dist/4.2/17/lib/modules
/cheerpj_dist/4.2/17/lib/modules
/cheerpj_dist/4.2/17/lib/modules
/cheerpj_dist/4.2/17/lib/modules
/cheerpj_dist/4.2/17/lib/modules
/cheerpj_dist/4.2/17/lib/modules
/cheerpj_dist/4.2/17/conf/security/java.security
/cheerpj_dist/4.2/17/conf/security/java.security
/cheerpj_dist/4.2/17/lib/modules
/files//?/.accessibility.properties
/files/starfarer_obf.jar
/files/starfarer_obf.jar
/cheerpj_dist/4.2/17/lib/modules
/cheerpj_dist/4.2/17/lib/modules
/cheerpj_dist/4.2/17/lib/modules
/cheerpj_dist/4.2/17/lib/modules
/cheerpj_dist/4.2/17/lib/modules
/cheerpj_dist/4.2/17/lib/modules
/cheerpj_dist/4.2/17/lib/modules
/files/starfarer_obf.jar
/files/starfarer_obf.jar
/files//data/config/settings.json
/files/starfarer_obf.jar
/files//data/config/settings.json
/cheerpj_dist/4.2/17/lib/modules
/cheerpj_dist/4.2/17/lib/modules
/files//jawt.js
/files/lwjgl.jar
/files/lwjgl.jar
/cheerpj_dist/4.2/17/lib/modules
/cheerpj_dist/4.2/17/lib/modules
/cheerpj_dist/4.2/17/lib/modules
/cheerpj_dist/4.2/17/lib/modules
/cheerpj_dist/4.2/17/lib/modules
/cheerpj_dist/4.2/17/lib/modules
/cheerpj_dist/4.2/17/lib/modules
/cheerpj_dist/4.2/17/lib/modules
/cheerpj_dist/4.2/17/conf/swing.properties
/cheerpj_dist/4.2/17/lib/modules
/cheerpj_dist/4.2/17/lib/modules
/cheerpj_dist/4.2/17/lib/modules
/cheerpj_dist/4.2/17/lib/fonts/badfonts.txt
/cheerpj_dist/4.2/17/lib/fonts
/cheerpj_dist/4.2/17/lib/fonts
/files//?/.java/fonts/17.0.16-internal/fcinfo-1-192.168.1.1-Linux-1.0-en-US.properties
/files//?/.java/fonts/17.0.16-internal/fcinfo-1-192.168.1.1-Linux-1.0-en-US.properties
/cheerpj_dist/4.2/fc/fonts/fonts.conf
/starsector_v44.html
/files/debug_cheerpj.js
/cheerpj_dist/4.2/cj3.wasm
/cheerpj_dist/4.2/c.html
asm
/cheerpj_dist/4.2/17/lib/modules
/cheerpj_dist/4.2/17/lib/modules
/cheerpj_dist/4.2/17/lib/modules
/cheerpj_dist/4.2/17/lib/modules
/cheerpj_dist/4.2/17/lib/modules
/cheerpj_dist/4.2/17/lib/modules
/cheerpj_dist/4.2/17/lib/modules
/cheerpj_dist/4.2/17/lib/modules
/cheerpj_dist/4.2/17/lib/modules
/cheerpj_dist/4.2/17/lib/modules
/cheerpj_dist/4.2/17/lib/modules
/cheerpj_dist/4.2/17/lib/modules
/cheerpj_dist/4.2/17/lib/modules
/cheerpj_dist/4.2/17/lib/modules
/cheerpj_dist/4.2/17/lib/modules
/cheerpj_dist/4.2/17/lib/modules
/cheerpj_dist/4.2/17/lib/modules
/cheerpj_dist/4.2/17/lib/modules
/cheerpj_dist/4.2/17/lib/modules
/sw.js
_dist/4.2/17/lib/modules
/cheerpj_dist/4.2/etc/users
/cheerpj_dist/4.2/etc/localtime
/cheerpj_dist/4.2/17/lib/modules
/cheerpj_dist/4.2/17/lib/modules
/cheerpj_dist/4.2/17/lib/modules
/cheerpj_dist/4.2/17/lib/modules
/cheerpj_dist/4.2/17/lib/modules
/cheerpj_dist/4.2/17/lib/modules
/cheerpj_dist/4.2/17/lib/modules
/cheerpj_dist/4.2/17/lib/modules
/cheerpj_dist/4.2/17/lib/modules
/cheerpj_dist/4.2/17/lib/modules
pj-handlers.jar
/cheerpj_dist/4.2/17/lib/modules
/cheerpj_dist/4.2/17/jre/lib/cheerpj-handlers.jar
/cheerpj_dist/4.2/17/jre/lib/cheerpj-awt.jar
/cheerpj_dist/4.2/17/jre/lib/cheerpj-awt.jar
/cheerpj_dist/4.2/17/jre/lib/cheerpj-jsobject.jar
/cheerpj_dist/4.2/17/jre/lib/cheerpj-jsobject.jar
/files/starfarer_obf.jar
/files/fs.common_obf.jar
/files/fs.sound_obf.jar
/files/starfarer.api.jar
/files/json.jar
/files/xstream-1.4.10.jar
/files/log4j-1.2.9.jar
/files/commons-compiler.jar
/files/commons-compiler-jdk.jar
/files/janino.jar
/files/jinput.jar
/files/lwjgl.jar
/files/lwjgl_util.jar
/files/jorbis-0.0.15.jar
/files/jogg-0.0.7.jar
/files//config.jar
/cheerpj_dist/4.2/17/lib/modules
/cheerpj_dist/4.2/17/lib/modules
/cheerpj_dist/4.2/17/lib/modules
/cheerpj_dist/4.2/17/lib/modules
/cheerpj_dist/4.2/17/lib/modules
/cheerpj_dist/4.2/17/lib/modules
/files/starfarer_obf.jar
/files/starfarer_obf.jar
/files/starfarer_obf.jar
/files/starfarer_obf.jar
/files/starfarer_obf.jar
/files/starfarer_obf.jar
/cheerpj_dist/4.2/17/lib/modules
/cheerpj_dist/4.2/17/lib/modules
/cheerpj_dist/4.2/17/lib/modules
/cheerpj_dist/4.2/17/lib/modules
/cheerpj_dist/4.2/17/lib/modules
/cheerpj_dist/4.2/17/lib/modules
/files/fs.common_obf.jar
/files/fs.common_obf.jar
/cheerpj_dist/4.2/17/lib/modules
/files/fs.common_obf.jar
/files/fs.sound_obf.jar
/files/starfarer.api.jar
/files/starfarer.api.jar
/files/starfarer.api.jar
/files/starfarer.api.jar
/files/starfarer.api.jar
/files/json.jar
/files/xstream-1.4.10.jar
/files/xstream-1.4.10.jar
/files/log4j-1.2.9.jar
/files/log4j-1.2.9.jar
/files/log4j-1.2.9.jar
/cheerpj_dist/4.2/17/lib/modules
/cheerpj_dist/4.2/17/lib/modules
/files/commons-compiler.jar
/files/commons-compiler-jdk.jar
/files/janino.jar
/files/janino.jar
/files/janino.jar
/files/jinput.jar
/files/jinput.jar
/files/lwjgl.jar
/files/lwjgl.jar
/files/lwjgl.jar
/files/lwjgl_util.jar
/files/lwjgl_util.jar
/files/jorbis-0.0.15.jar
/files/jogg-0.0.7.jar
/files//config.jar
/cheerpj_dist/4.2/17/lib/modules
/cheerpj_dist/4.2/17/lib/modules
/cheerpj_dist/4.2/17/lib/modules
/cheerpj_dist/4.2/17/lib/modules
/cheerpj_dist/4.2/17/lib/modules
/cheerpj_dist/4.2/17/lib/modules
/cheerpj_dist/4.2/17/lib/modules
/cheerpj_dist/4.2/17/lib/modules
/cheerpj_dist/4.2/17/lib/modules
/cheerpj_dist/4.2/17/lib/modules
/cheerpj_dist/4.2/17/lib/modules
/cheerpj_dist/4.2/17/lib/modules
/cheerpj_dist/4.2/17/conf/security/java.security
/cheerpj_dist/4.2/17/conf/security/java.security
/cheerpj_dist/4.2/17/lib/modules
/files//?/.accessibility.properties
/files/starfarer_obf.jar
/files/starfarer_obf.jar
/files/starfarer_obf.jar
odules
/cheerpj_dist/4.2/17/lib/modules
/cheerpj_dist/4.2/17/lib/modules
/cheerpj_dist/4.2/17/lib/modules
/cheerpj_dist/4.2/17/lib/modules
/cheerpj_dist/4.2/17/lib/modules
/cheerpj_dist/4.2/17/lib/modules
/files/starfarer_obf.jar
/files/starfarer_obf.jar
/files//data/config/settings.json
/files/starfarer_obf.jar
/files//data/config/settings.json
/cheerpj_dist/4.2/17/lib/modules
/cheerpj_dist/4.2/17/lib/modules
/files//jawt.js
/files/lwjgl.jar
/files/lwjgl.jar
/cheerpj_dist/4.2/17/lib/modules
/cheerpj_dist/4.2/17/lib/modules
/cheerpj_dist/4.2/17/lib/modules
/cheerpj_dist/4.2/17/lib/modules
/cheerpj_dist/4.2/17/lib/modules
/cheerpj_dist/4.2/17/lib/modules
/cheerpj_dist/4.2/17/lib/modules
/cheerpj_dist/4.2/17/lib/modules
/cheerpj_dist/4.2/17/lib/modules
/cheerpj_dist/4.2/17/conf/swing.properties
/cheerpj_dist/4.2/17/lib/modules
/cheerpj_dist/4.2/17/lib/modules
/cheerpj_dist/4.2/17/lib/modules
/cheerpj_dist/4.2/17/lib/fonts/badfonts.txt
/cheerpj_dist/4.2/17/lib/fonts
/cheerpj_dist/4.2/17/lib/fonts
/files//?/.java/fonts/17.0.16-internal/fcinfo-1-192.168.1.1-Linux-1.0-en-US.properties
/files//?/.java/fonts/17.0.16-internal/fcinfo-1-192.168.1.1-Linux-1.0-en-US.properties
/cheerpj_dist/4.2/fc/fonts/fonts.conf
/starsector_v44.html
/cheerpj_dist/4.2/cj3.wasm
/cheerpj_dist/4.2/c.html
/cheerpj_dist/4.2/cj3n17.wasm
/cheerpj_dist/4.2/17/lib/modules
/cheerpj_dist/4.2/17/lib/modules
/cheerpj_dist/4.2/17/lib/modules
/cheerpj_dist/4.2/17/lib/modules
/cheerpj_dist/4.2/17/lib/modules
/cheerpj_dist/4.2/17/lib/modules
/cheerpj_dist/4.2/17/lib/modules
/cheerpj_dist/4.2/17/lib/modules
/cheerpj_dist/4.2/17/lib/modules
/cheerpj_dist/4.2/17/lib/modules
/cheerpj_dist/4.2/17/lib/modules
/cheerpj_dist/4.2/17/lib/modules
/cheerpj_dist/4.2/17/lib/modules
/cheerpj_dist/4.2/17/lib/modules
/cheerpj_dist/4.2/17/lib/modules
/cheerpj_dist/4.2/17/lib/modules
/cheerpj_dist/4.2/17/lib/modules
/cheerpj_dist/4.2/17/lib/modules
/cheerpj_dist/4.2/17/lib/modules
/cheerpj_dist/4.2/17/lib/modules
/sw.js
/cheerpj_dist/4.2/etc/users
/cheerpj_dist/4.2/etc/localtime
/cheerpj_dist/4.2/17/lib/modules
/cheerpj_dist/4.2/17/lib/modules
/cheerpj_dist/4.2/17/lib/modules
/cheerpj_dist/4.2/17/lib/modules
/cheerpj_dist/4.2/17/lib/modules
/cheerpj_dist/4.2/17/lib/modules
/cheerpj_dist/4.2/17/lib/modules
/cheerpj_dist/4.2/17/lib/modules
/cheerpj_dist/4.2/17/lib/modules
/cheerpj_dist/4.2/17/jre/lib/cheerpj-handlers.jar
/cheerpj_dist/4.2/17/lib/modules
/cheerpj_dist/4.2/17/jre/lib/cheerpj-handlers.jar
/cheerpj_dist/4.2/17/jre/lib/cheerpj-awt.jar
/cheerpj_dist/4.2/17/jre/lib/cheerpj-awt.jar
/cheerpj_dist/4.2/17/jre/lib/cheerpj-jsobject.jar
/cheerpj_dist/4.2/17/jre/lib/cheerpj-jsobject.jar
/files/starfarer_obf.jar
/files/fs.common_obf.jar
/files/fs.sound_obf.jar
/files/starfarer.api.jar
/files/json.jar
/files/xstream-1.4.10.jar
/files/log4j-1.2.9.jar
/files/commons-compiler.jar
/files/commons-compiler-jdk.jar
/files/janino.jar
/files/jinput.jar
/files/lwjgl.jar
/files/lwjgl_util.jar
/files/jorbis-0.0.15.jar
/files/jogg-0.0.7.jar
/files//config.jar
/cheerpj_dist/4.2/17/lib/modules
/cheerpj_dist/4.2/17/lib/modules
/cheerpj_dist/4.2/17/lib/modules
/cheerpj_dist/4.2/17/lib/modules
/cheerpj_dist/4.2/17/lib/modules
/cheerpj_dist/4.2/17/lib/modules
/files/starfarer_obf.jar
/files/starfarer_obf.jar
/files/starfarer_obf.jar
/files/starfarer_obf.jar
/files/starfarer_obf.jar
/cheerpj_dist/4.2/17/lib/modules
/cheerpj_dist/4.2/17/lib/modules
/cheerpj_dist/4.2/17/lib/modules
/cheerpj_dist/4.2/17/lib/modules
/cheerpj_dist/4.2/17/lib/modules
/cheerpj_dist/4.2/17/lib/modules
/cheerpj_dist/4.2/17/lib/modules
/files/fs.common_obf.jar
/cheerpj_dist/4.2/17/lib/modules
/files/fs.common_obf.jar
/files/fs.sound_obf.jar
/files/starfarer.api.jar
/files/starfarer.api.jar
/files/starfarer.api.jar
/files/starfarer.api.jar
/files/starfarer.api.jar
/files/json.jar
/files/xstream-1.4.10.jar
/files/xstream-1.4.10.jar
/files/xstream-1.4.10.jar
/files/log4j-1.2.9.jar
/files/log4j-1.2.9.jar
/cheerpj_dist/4.2/17/lib/modules
/cheerpj_dist/4.2/17/lib/modules
/files/commons-compiler.jar
/files/commons-compiler-jdk.jar
/files/janino.jar
/files/janino.jar
/files/janino.jar
/files/jinput.jar
/files/jinput.jar
/files/lwjgl.jar
/files/lwjgl.jar
/files/lwjgl.jar
/files/lwjgl.jar
/files/lwjgl_util.jar
/files/lwjgl_util.jar
/files/jorbis-0.0.15.jar
/files/jogg-0.0.7.jar
/files//config.jar
/cheerpj_dist/4.2/17/lib/modules
/cheerpj_dist/4.2/17/lib/modules
/cheerpj_dist/4.2/17/lib/modules
/cheerpj_dist/4.2/17/lib/modules
/cheerpj_dist/4.2/17/lib/modules
/cheerpj_dist/4.2/17/lib/modules
/cheerpj_dist/4.2/17/lib/modules
/cheerpj_dist/4.2/17/lib/modules
/cheerpj_dist/4.2/17/lib/modules
/cheerpj_dist/4.2/17/lib/modules
/cheerpj_dist/4.2/17/conf/security/java.security
/cheerpj_dist/4.2/17/conf/security/java.security
/cheerpj_dist/4.2/17/lib/modules
/files//?/.accessibility.properties
/files/starfarer_obf.jar
/files/starfarer_obf.jar
/files/starfarer_obf.jar
/cheerpj_dist/4.2/17/lib/modules
/cheerpj_dist/4.2/17/lib/modules
/cheerpj_dist/4.2/17/lib/modules
/cheerpj_dist/4.2/17/lib/modules
/cheerpj_dist/4.2/17/lib/modules
/cheerpj_dist/4.2/17/lib/modules
/files/starfarer_obf.jar
/files/starfarer_obf.jar
/files/starfarer_obf.jar
/files//data/config/settings.json
/files//data/config/settings.json
/cheerpj_dist/4.2/17/lib/modules
/cheerpj_dist/4.2/17/lib/modules
/cheerpj_dist/4.2/17/lib/modules
/files//jawt.js
/files/lwjgl.jar
/files/lwjgl.jar
/cheerpj_dist/4.2/17/lib/modules
/cheerpj_dist/4.2/17/lib/modules
/cheerpj_dist/4.2/17/lib/modules
/cheerpj_dist/4.2/17/lib/modules
/cheerpj_dist/4.2/17/lib/modules
/cheerpj_dist/4.2/17/lib/modules
/cheerpj_dist/4.2/17/lib/modules
/cheerpj_dist/4.2/17/lib/modules
/cheerpj_dist/4.2/17/lib/modules
/cheerpj_dist/4.2/17/conf/swing.properties
/cheerpj_dist/4.2/17/lib/modules
/cheerpj_dist/4.2/17/lib/modules
/cheerpj_dist/4.2/17/lib/modules
/cheerpj_dist/4.2/17/lib/fonts/badfonts.txt
/cheerpj_dist/4.2/17/lib/fonts
/cheerpj_dist/4.2/17/lib/fonts
/files//?/.java/fonts/17.0.16-internal/fcinfo-1-192.168.1.1-Linux-1.0-en-US.properties
/files//?/.java/fonts/17.0.16-internal/fcinfo-1-192.168.1.1-Linux-1.0-en-US.properties
/cheerpj_dist/4.2/fc/fonts/fonts.conf
/starsector_v44.html
/files/shim_fs.js
/cheerpj_dist/4.2/cj3.wasm
/cheerpj_dist/4.2/cj3n17.wasm
/cheerpj_dist/4.2/17/lib/modules
/cheerpj_dist/4.2/17/lib/modules
/cheerpj_dist/4.2/17/lib/modules
/cheerpj_dist/4.2/17/lib/modules
/cheerpj_dist/4.2/17/lib/modules
/cheerpj_dist/4.2/17/lib/modules
/cheerpj_dist/4.2/17/lib/modules
/cheerpj_dist/4.2/17/lib/modules
/cheerpj_dist/4.2/17/lib/modules
/cheerpj_dist/4.2/17/lib/modules
/cheerpj_dist/4.2/17/lib/modules
/cheerpj_dist/4.2/17/lib/modules
/cheerpj_dist/4.2/17/lib/modules
/cheerpj_dist/4.2/17/lib/modules
/cheerpj_dist/4.2/17/lib/modules
/cheerpj_dist/4.2/17/lib/modules
/cheerpj_dist/4.2/17/lib/modules
/cheerpj_dist/4.2/17/lib/modules
/cheerpj_dist/4.2/17/lib/modules
/cheerpj_dist/4.2/17/lib/modules
/cheerpj_dist/4.2/etc/users
/cheerpj_dist/4.2/etc/localtime
/cheerpj_dist/4.2/17/lib/modules
/cheerpj_dist/4.2/17/lib/modules
/cheerpj_dist/4.2/17/lib/modules
/cheerpj_dist/4.2/17/lib/modules
/cheerpj_dist/4.2/17/lib/modules
/cheerpj_dist/4.2/17/lib/modules
/cheerpj_dist/4.2/17/lib/modules
/cheerpj_dist/4.2/17/lib/modules
/cheerpj_dist/4.2/17/lib/modules
/cheerpj_dist/4.2/17/lib/modules
/cheerpj_dist/4.2/17/jre/lib/cheerpj-handlers.jar
/cheerpj_dist/4.2/17/lib/modules
/cheerpj_dist/4.2/17/lib/modules
/cheerpj_dist/4.2/17/jre/lib/cheerpj-handlers.jar
/cheerpj_dist/4.2/17/jre/lib/cheerpj-awt.jar
/cheerpj_dist/4.2/17/jre/lib/cheerpj-awt.jar
/cheerpj_dist/4.2/17/jre/lib/cheerpj-jsobject.jar
/cheerpj_dist/4.2/17/jre/lib/cheerpj-jsobject.jar
/files/starfarer_obf.jar
/files/fs.common_obf.jar
/files/fs.sound_obf.jar
/files/starfarer.api.jar
/files/json.jar
/files/xstream-1.4.10.jar
/files/log4j-1.2.9.jar
/files/commons-compiler.jar
/files/commons-compiler-jdk.jar
/files/janino.jar
/files/jinput.jar
/files/lwjgl.jar
/files/lwjgl_util.jar
/files/jorbis-0.0.15.jar
/files/jogg-0.0.7.jar
/files//config.jar
/cheerpj_dist/4.2/17/lib/modules
/cheerpj_dist/4.2/17/lib/modules
/cheerpj_dist/4.2/17/lib/modules
/cheerpj_dist/4.2/17/lib/modules
/cheerpj_dist/4.2/17/lib/modules
/cheerpj_dist/4.2/17/lib/modules
/files/starfarer_obf.jar
/files/starfarer_obf.jar
/files/starfarer_obf.jar
/files/starfarer_obf.jar
/files/starfarer_obf.jar
/cheerpj_dist/4.2/17/lib/modules
/cheerpj_dist/4.2/17/lib/modules
/cheerpj_dist/4.2/17/lib/modules
/cheerpj_dist/4.2/17/lib/modules
/cheerpj_dist/4.2/17/lib/modules
/cheerpj_dist/4.2/17/lib/modules
/files/fs.common_obf.jar
/files/fs.common_obf.jar
/cheerpj_dist/4.2/17/lib/modules
/files/fs.common_obf.jar
/files/fs.sound_obf.jar
/files/starfarer.api.jar
/files/starfarer.api.jar
/files/starfarer.api.jar
/files/starfarer.api.jar
/files/starfarer.api.jar
/files/json.jar
/files/xstream-1.4.10.jar
/files/xstream-1.4.10.jar
/files/log4j-1.2.9.jar
/files/log4j-1.2.9.jar
/files/log4j-1.2.9.jar
/cheerpj_dist/4.2/17/lib/modules
/cheerpj_dist/4.2/17/lib/modules
/files/commons-compiler.jar
/files/commons-compiler-jdk.jar
/files/janino.jar
/files/janino.jar
/files/janino.jar
/files/jinput.jar
/files/jinput.jar
/files/lwjgl.jar
/files/lwjgl.jar
/files/lwjgl.jar
/files/lwjgl.jar
/files/lwjgl_util.jar
/files/lwjgl_util.jar
/files/jorbis-0.0.15.jar
/files/jogg-0.0.7.jar
/files//config.jar
/cheerpj_dist/4.2/17/lib/modules
/cheerpj_dist/4.2/17/lib/modules
/cheerpj_dist/4.2/17/lib/modules
/cheerpj_dist/4.2/17/lib/modules
/cheerpj_dist/4.2/17/lib/modules
/cheerpj_dist/4.2/17/lib/modules
/cheerpj_dist/4.2/17/lib/modules
/cheerpj_dist/4.2/17/lib/modules
/cheerpj_dist/4.2/17/lib/modules
/cheerpj_dist/4.2/17/lib/modules
/cheerpj_dist/4.2/17/conf/security/java.security
/cheerpj_dist/4.2/17/conf/security/java.security
/cheerpj_dist/4.2/17/lib/modules
/files//?/.accessibility.properties
/files/starfarer_obf.jar
/files/starfarer_obf.jar
/files/starfarer_obf.jar
/cheerpj_dist/4.2/17/lib/modules
/cheerpj_dist/4.2/17/lib/modules
/cheerpj_dist/4.2/17/lib/modules
/cheerpj_dist/4.2/17/lib/modules
/cheerpj_dist/4.2/17/lib/modules
/cheerpj_dist/4.2/17/lib/modules
/cheerpj_dist/4.2/17/lib/modules
/files/starfarer_obf.jar
/files/starfarer_obf.jar
/files/starfarer_obf.jar
/files//data/config/settings.json
/files//data/config/settings.json
/cheerpj_dist/4.2/17/lib/modules
/cheerpj_dist/4.2/17/lib/modules
/cheerpj_dist/4.2/17/lib/modules
/files//jawt.js
/files/lwjgl.jar
/files/lwjgl.jar
/cheerpj_dist/4.2/17/lib/modules
/cheerpj_dist/4.2/17/lib/modules
/cheerpj_dist/4.2/17/lib/modules
/cheerpj_dist/4.2/17/lib/modules
/cheerpj_dist/4.2/17/lib/modules
/cheerpj_dist/4.2/17/lib/modules
/cheerpj_dist/4.2/17/lib/modules
/cheerpj_dist/4.2/17/lib/modules
/cheerpj_dist/4.2/17/lib/modules
/cheerpj_dist/4.2/17/conf/swing.properties
/cheerpj_dist/4.2/17/lib/modules
/cheerpj_dist/4.2/17/lib/modules
/cheerpj_dist/4.2/17/lib/modules
/cheerpj_dist/4.2/17/lib/fonts/badfonts.txt
/cheerpj_dist/4.2/17/lib/fonts
/cheerpj_dist/4.2/17/lib/fonts
/files//?/.java/fonts/17.0.16-internal/fcinfo-1-192.168.1.1-Linux-1.0-en-US.properties
/files//?/.java/fonts/17.0.16-internal/fcinfo-1-192.168.1.1-Linux-1.0-en-US.properties
/cheerpj_dist/4.2/fc/fonts/fonts.conf
/starsector_v44.html?debug=1
/cheerpj_dist/4.2/cj3.wasm
/cheerpj_dist/4.2/cj3n17.wasm
/cheerpj_dist/4.2/17/lib/modules
/cheerpj_dist/4.2/17/lib/modules
/cheerpj_dist/4.2/17/lib/modules
/cheerpj_dist/4.2/17/lib/modules
/cheerpj_dist/4.2/17/lib/modules
/cheerpj_dist/4.2/17/lib/modules
/cheerpj_dist/4.2/17/lib/modules
/cheerpj_dist/4.2/17/lib/modules
/cheerpj_dist/4.2/17/lib/modules
/cheerpj_dist/4.2/17/lib/modules
/cheerpj_dist/4.2/17/lib/modules
/cheerpj_dist/4.2/17/lib/modules
/cheerpj_dist/4.2/17/lib/modules
/cheerpj_dist/4.2/17/lib/modules
/cheerpj_dist/4.2/17/lib/modules
/cheerpj_dist/4.2/17/lib/modules
/cheerpj_dist/4.2/17/lib/modules
/cheerpj_dist/4.2/17/lib/modules
/cheerpj_dist/4.2/17/lib/modules
/cheerpj_dist/4.2/17/lib/modules
/sw.js
/cheerpj_dist/4.2/etc/users
/cheerpj_dist/4.2/etc/localtime
/cheerpj_dist/4.2/17/lib/modules
/cheerpj_dist/4.2/17/lib/modules
/cheerpj_dist/4.2/17/lib/modules
/cheerpj_dist/4.2/17/lib/modules
/cheerpj_dist/4.2/17/lib/modules
/cheerpj_dist/4.2/17/lib/modules
/cheerpj_dist/4.2/17/lib/modules
/cheerpj_dist/4.2/17/lib/modules
/cheerpj_dist/4.2/17/lib/modules
/cheerpj_dist/4.2/17/lib/modules
/cheerpj_dist/4.2/17/jre/lib/cheerpj-handlers.jar
/cheerpj_dist/4.2/17/lib/modules
/cheerpj_dist/4.2/17/jre/lib/cheerpj-handlers.jar
/cheerpj_dist/4.2/17/jre/lib/cheerpj-awt.jar
/cheerpj_dist/4.2/17/jre/lib/cheerpj-awt.jar
/cheerpj_dist/4.2/17/jre/lib/cheerpj-jsobject.jar
/cheerpj_dist/4.2/17/jre/lib/cheerpj-jsobject.jar
/files/starfarer_obf.jar
/files/fs.common_obf.jar
/files/fs.sound_obf.jar
/files/starfarer.api.jar
/files/json.jar
/files/xstream-1.4.10.jar
/files/log4j-1.2.9.jar
/files/commons-compiler.jar
/files/commons-compiler-jdk.jar
/files/janino.jar
/files/jinput.jar
/files/lwjgl.jar
/files/lwjgl_util.jar
/files/jorbis-0.0.15.jar
/files/jogg-0.0.7.jar
/files//config.jar
/cheerpj_dist/4.2/17/lib/modules
/cheerpj_dist/4.2/17/lib/modules
/cheerpj_dist/4.2/17/lib/modules
/cheerpj_dist/4.2/17/lib/modules
/cheerpj_dist/4.2/17/lib/modules
/cheerpj_dist/4.2/17/lib/modules
/files/starfarer_obf.jar
/files/starfarer_obf.jar
/files/starfarer_obf.jar
/files/starfarer_obf.jar
/files/starfarer_obf.jar
/files/starfarer_obf.jar
/cheerpj_dist/4.2/17/lib/modules
/cheerpj_dist/4.2/17/lib/modules
/cheerpj_dist/4.2/17/lib/modules
/cheerpj_dist/4.2/17/lib/modules
/cheerpj_dist/4.2/17/lib/modules
/cheerpj_dist/4.2/17/lib/modules
/cheerpj_dist/4.2/17/lib/modules
/files/fs.common_obf.jar
/cheerpj_dist/4.2/17/lib/modules
/files/fs.common_obf.jar
/files/fs.sound_obf.jar
/files/starfarer.api.jar
/files/starfarer.api.jar
/files/starfarer.api.jar
/files/starfarer.api.jar
/files/starfarer.api.jar
/files/json.jar
/files/xstream-1.4.10.jar
/files/xstream-1.4.10.jar
/files/xstream-1.4.10.jar
/files/log4j-1.2.9.jar
/files/log4j-1.2.9.jar
/files/log4j-1.2.9.jar
/cheerpj_dist/4.2/17/lib/modules
/cheerpj_dist/4.2/17/lib/modules
/files/commons-compiler.jar
/files/commons-compiler-jdk.jar
/files/janino.jar
/files/janino.jar
/files/janino.jar
/files/jinput.jar
/files/jinput.jar
/files/lwjgl.jar
/files/lwjgl.jar
/files/lwjgl.jar
/files/lwjgl_util.jar
/files/lwjgl_util.jar
/files/jorbis-0.0.15.jar
/files/jogg-0.0.7.jar
/files//config.jar
/cheerpj_dist/4.2/17/lib/modules
/cheerpj_dist/4.2/17/lib/modules
/cheerpj_dist/4.2/17/lib/modules
/cheerpj_dist/4.2/17/lib/modules
/cheerpj_dist/4.2/17/lib/modules
/cheerpj_dist/4.2/17/lib/modules
/cheerpj_dist/4.2/17/lib/modules
/cheerpj_dist/4.2/17/lib/modules
/cheerpj_dist/4.2/17/lib/modules
/cheerpj_dist/4.2/17/lib/modules
/cheerpj_dist/4.2/17/lib/modules
/cheerpj_dist/4.2/17/lib/modules
/cheerpj_dist/4.2/17/conf/security/java.security
/cheerpj_dist/4.2/17/conf/security/java.security
/cheerpj_dist/4.2/17/lib/modules
/files//?/.accessibility.properties
/files/starfarer_obf.jar
/files/starfarer_obf.jar
/files/starfarer_obf.jar
/cheerpj_dist/4.2/17/lib/modules
/cheerpj_dist/4.2/17/lib/modules
/cheerpj_dist/4.2/17/lib/modules
/cheerpj_dist/4.2/17/lib/modules
/cheerpj_dist/4.2/17/lib/modules
/cheerpj_dist/4.2/17/lib/modules
/files/starfarer_obf.jar
/files/starfarer_obf.jar
/files/starfarer_obf.jar
/files//data/config/settings.json
/files//data/config/settings.json
/cheerpj_dist/4.2/17/lib/modules
/cheerpj_dist/4.2/17/lib/modules
/cheerpj_dist/4.2/17/lib/modules
/files//jawt.js
/files/lwjgl.jar
/files/lwjgl.jar
/cheerpj_dist/4.2/17/lib/modules
/cheerpj_dist/4.2/17/lib/modules
/cheerpj_dist/4.2/17/lib/modules
/cheerpj_dist/4.2/17/lib/modules
/cheerpj_dist/4.2/17/lib/modules
/cheerpj_dist/4.2/17/lib/modules
/cheerpj_dist/4.2/17/lib/modules
/cheerpj_dist/4.2/17/lib/modules
/cheerpj_dist/4.2/17/lib/modules
/cheerpj_dist/4.2/17/lib/modules
/cheerpj_dist/4.2/17/conf/swing.properties
/cheerpj_dist/4.2/17/lib/modules
/cheerpj_dist/4.2/17/lib/modules
/cheerpj_dist/4.2/17/lib/modules
/cheerpj_dist/4.2/17/lib/fonts/badfonts.txt
/cheerpj_dist/4.2/17/lib/fonts
/cheerpj_dist/4.2/17/lib/fonts
/files//?/.java/fonts/17.0.16-internal/fcinfo-1-192.168.1.1-Linux-1.0-en-US.properties
/files//?/.java/fonts/17.0.16-internal/fcinfo-1-192.168.1.1-Linux-1.0-en-US.properties
/cheerpj_dist/4.2/fc/fonts/fonts.conf
/starsector_v44.html
/cheerpj_dist/4.2/cj3.wasm
/cheerpj_dist/4.2/c.html
/cheerpj_dist/4.2/cj3n17.wasm
/cheerpj_dist/4.2/17/lib/modules
/cheerpj_dist/4.2/17/lib/modules
/cheerpj_dist/4.2/17/lib/modules
/cheerpj_dist/4.2/17/lib/modules
/cheerpj_dist/4.2/17/lib/modules
/cheerpj_dist/4.2/17/lib/modules
/cheerpj_dist/4.2/17/lib/modules
/cheerpj_dist/4.2/17/lib/modules
/cheerpj_dist/4.2/17/lib/modules
/cheerpj_dist/4.2/17/lib/modules
/cheerpj_dist/4.2/17/lib/modules
/cheerpj_dist/4.2/17/lib/modules
/cheerpj_dist/4.2/17/lib/modules
/cheerpj_dist/4.2/17/lib/modules
/cheerpj_dist/4.2/17/lib/modules
/cheerpj_dist/4.2/17/lib/modules
/cheerpj_dist/4.2/17/lib/modules
/cheerpj_dist/4.2/17/lib/modules
/cheerpj_dist/4.2/17/lib/modules
/cheerpj_dist/4.2/etc/users
/cheerpj_dist/4.2/etc/localtime
/cheerpj_dist/4.2/17/lib/modules
/cheerpj_dist/4.2/17/lib/modules
/cheerpj_dist/4.2/17/lib/modules
/cheerpj_dist/4.2/17/lib/modules
/cheerpj_dist/4.2/17/lib/modules
/cheerpj_dist/4.2/17/lib/modules
/cheerpj_dist/4.2/17/lib/modules
/cheerpj_dist/4.2/17/lib/modules
/cheerpj_dist/4.2/17/lib/modules
/cheerpj_dist/4.2/17/lib/modules
/cheerpj_dist/4.2/17/lib/modules
pj-handlers.jar
/cheerpj_dist/4.2/17/lib/modules
/cheerpj_dist/4.2/17/jre/lib/cheerpj-handlers.jar
/cheerpj_dist/4.2/17/jre/lib/cheerpj-awt.jar
/cheerpj_dist/4.2/17/jre/lib/cheerpj-awt.jar
/cheerpj_dist/4.2/17/jre/lib/cheerpj-jsobject.jar
/cheerpj_dist/4.2/17/jre/lib/cheerpj-jsobject.jar
/files/starfarer_obf.jar
/files/fs.common_obf.jar
/files/fs.sound_obf.jar
/files/starfarer.api.jar
/files/json.jar
/files/xstream-1.4.10.jar
/files/log4j-1.2.9.jar
/files/commons-compiler.jar
/files/commons-compiler-jdk.jar
/files/janino.jar
/files/jinput.jar
/files/lwjgl.jar
/files/lwjgl_util.jar
/files/jorbis-0.0.15.jar
/files/jogg-0.0.7.jar
/files//config.jar
/cheerpj_dist/4.2/17/lib/modules
/cheerpj_dist/4.2/17/lib/modules
/cheerpj_dist/4.2/17/lib/modules
/cheerpj_dist/4.2/17/lib/modules
/cheerpj_dist/4.2/17/lib/modules
/cheerpj_dist/4.2/17/lib/modules
/files/starfarer_obf.jar
/files/starfarer_obf.jar
/files/starfarer_obf.jar
/files/starfarer_obf.jar
/files/starfarer_obf.jar
/files/starfarer_obf.jar
/cheerpj_dist/4.2/17/lib/modules
/cheerpj_dist/4.2/17/lib/modules
/cheerpj_dist/4.2/17/lib/modules
/cheerpj_dist/4.2/17/lib/modules
/cheerpj_dist/4.2/17/lib/modules
/cheerpj_dist/4.2/17/lib/modules
/cheerpj_dist/4.2/17/lib/modules
/files/fs.common_obf.jar
/files/fs.common_obf.jar
/cheerpj_dist/4.2/17/lib/modules
/files/fs.common_obf.jar
/files/fs.sound_obf.jar
/files/starfarer.api.jar
/files/starfarer.api.jar
/files/starfarer.api.jar
/files/starfarer.api.jar
/files/starfarer.api.jar
/files/json.jar
/files/xstream-1.4.10.jar
/files/xstream-1.4.10.jar
/files/xstream-1.4.10.jar
/files/log4j-1.2.9.jar
/files/log4j-1.2.9.jar
/files/log4j-1.2.9.jar
/cheerpj_dist/4.2/17/lib/modules
/cheerpj_dist/4.2/17/lib/modules
/files/commons-compiler.jar
/files/commons-compiler-jdk.jar
/files/janino.jar
/files/janino.jar
/files/janino.jar
/files/jinput.jar
/files/jinput.jar
/files/lwjgl.jar
/files/lwjgl.jar
/files/lwjgl.jar
/files/lwjgl.jar
/files/lwjgl_util.jar
/files/lwjgl_util.jar
/files/jorbis-0.0.15.jar
/files/jogg-0.0.7.jar
/files//config.jar
/cheerpj_dist/4.2/17/lib/modules
/cheerpj_dist/4.2/17/lib/modules
/cheerpj_dist/4.2/17/lib/modules
/cheerpj_dist/4.2/17/lib/modules
/cheerpj_dist/4.2/17/lib/modules
/cheerpj_dist/4.2/17/lib/modules
/cheerpj_dist/4.2/17/lib/modules
/cheerpj_dist/4.2/17/lib/modules
/cheerpj_dist/4.2/17/lib/modules
/cheerpj_dist/4.2/17/lib/modules
/cheerpj_dist/4.2/17/lib/modules
/cheerpj_dist/4.2/17/conf/security/java.security
/cheerpj_dist/4.2/17/conf/security/java.security
/cheerpj_dist/4.2/17/lib/modules
/files//?/.accessibility.properties
/files/starfarer_obf.jar
/files/starfarer_obf.jar
/files/starfarer_obf.jar
/cheerpj_dist/4.2/17/lib/modules
/cheerpj_dist/4.2/17/lib/modules
/cheerpj_dist/4.2/17/lib/modules
/cheerpj_dist/4.2/17/lib/modules
/cheerpj_dist/4.2/17/lib/modules
/cheerpj_dist/4.2/17/lib/modules
/cheerpj_dist/4.2/17/lib/modules
/files/starfarer_obf.jar
/files/starfarer_obf.jar
/files/starfarer_obf.jar
/files//data/config/settings.json
/files//data/config/settings.json
/cheerpj_dist/4.2/17/lib/modules
/cheerpj_dist/4.2/17/lib/modules
/cheerpj_dist/4.2/17/lib/modules
/files//jawt.js
/files/lwjgl.jar
/files/lwjgl.jar
/cheerpj_dist/4.2/17/lib/modules
/cheerpj_dist/4.2/17/lib/modules
/cheerpj_dist/4.2/17/lib/modules
/cheerpj_dist/4.2/17/lib/modules
/cheerpj_dist/4.2/17/lib/modules
/cheerpj_dist/4.2/17/lib/modules
/cheerpj_dist/4.2/17/lib/modules
/cheerpj_dist/4.2/17/lib/modules
/cheerpj_dist/4.2/17/conf/swing.properties
/cheerpj_dist/4.2/17/lib/modules
/cheerpj_dist/4.2/17/lib/modules
/cheerpj_dist/4.2/17/lib/modules
/cheerpj_dist/4.2/17/lib/fonts/badfonts.txt
/cheerpj_dist/4.2/17/lib/fonts
/cheerpj_dist/4.2/17/lib/fonts
/files//?/.java/fonts/17.0.16-internal/fcinfo-1-192.168.1.1-Linux-1.0-en-US.properties
/files//?/.java/fonts/17.0.16-internal/fcinfo-1-192.168.1.1-Linux-1.0-en-US.properties
/cheerpj_dist/4.2/fc/fonts/fonts.conf
/starsector_v44.html
/cheerpj_dist/4.2/cj3.wasm
/cheerpj_dist/4.2/cj3n17.wasm
/cheerpj_dist/4.2/17/lib/modules
/cheerpj_dist/4.2/17/lib/modules
/cheerpj_dist/4.2/17/lib/modules
/cheerpj_dist/4.2/17/lib/modules
/cheerpj_dist/4.2/17/lib/modules
/cheerpj_dist/4.2/17/lib/modules
/cheerpj_dist/4.2/17/lib/modules
/cheerpj_dist/4.2/17/lib/modules
/cheerpj_dist/4.2/17/lib/modules
/cheerpj_dist/4.2/17/lib/modules
/cheerpj_dist/4.2/17/lib/modules
/cheerpj_dist/4.2/17/lib/modules
/cheerpj_dist/4.2/17/lib/modules
/cheerpj_dist/4.2/17/lib/modules
/cheerpj_dist/4.2/17/lib/modules
/cheerpj_dist/4.2/17/lib/modules
/cheerpj_dist/4.2/17/lib/modules
/cheerpj_dist/4.2/17/lib/modules
/cheerpj_dist/4.2/17/lib/modules
/cheerpj_dist/4.2/17/lib/modules
/sw.js
/cheerpj_dist/4.2/etc/users
/cheerpj_dist/4.2/etc/localtime
/cheerpj_dist/4.2/17/lib/modules
/cheerpj_dist/4.2/17/lib/modules
/cheerpj_dist/4.2/17/lib/modules
/cheerpj_dist/4.2/17/lib/modules
/cheerpj_dist/4.2/17/lib/modules
/cheerpj_dist/4.2/17/lib/modules
/cheerpj_dist/4.2/17/lib/modules
/cheerpj_dist/4.2/17/lib/modules
/cheerpj_dist/4.2/17/lib/modules
/cheerpj_dist/4.2/17/lib/modules
/cheerpj_dist/4.2/17/lib/modules
pj-handlers.jar
/cheerpj_dist/4.2/17/lib/modules
/cheerpj_dist/4.2/17/jre/lib/cheerpj-handlers.jar
/cheerpj_dist/4.2/17/jre/lib/cheerpj-awt.jar
/cheerpj_dist/4.2/17/jre/lib/cheerpj-awt.jar
/cheerpj_dist/4.2/17/jre/lib/cheerpj-jsobject.jar
/cheerpj_dist/4.2/17/jre/lib/cheerpj-jsobject.jar
/files/starfarer_obf.jar
/files/fs.common_obf.jar
/files/fs.sound_obf.jar
/files/starfarer.api.jar
/files/json.jar
/files/xstream-1.4.10.jar
/files/log4j-1.2.9.jar
/files/commons-compiler.jar
/files/commons-compiler-jdk.jar
/files/janino.jar
/files/jinput.jar
/files/lwjgl.jar
/files/lwjgl_util.jar
/files/jorbis-0.0.15.jar
/files/jogg-0.0.7.jar
/files//config.jar
/cheerpj_dist/4.2/17/lib/modules
/cheerpj_dist/4.2/17/lib/modules
/cheerpj_dist/4.2/17/lib/modules
/cheerpj_dist/4.2/17/lib/modules
/cheerpj_dist/4.2/17/lib/modules
/cheerpj_dist/4.2/17/lib/modules
/files/starfarer_obf.jar
/files/starfarer_obf.jar
/files/starfarer_obf.jar
/files/starfarer_obf.jar
/files/starfarer_obf.jar
/cheerpj_dist/4.2/17/lib/modules
/cheerpj_dist/4.2/17/lib/modules
/cheerpj_dist/4.2/17/lib/modules
/cheerpj_dist/4.2/17/lib/modules
/cheerpj_dist/4.2/17/lib/modules
/cheerpj_dist/4.2/17/lib/modules
/cheerpj_dist/4.2/17/lib/modules
/files/fs.common_obf.jar
/files/fs.common_obf.jar
/files/fs.common_obf.jar
/cheerpj_dist/4.2/17/lib/modules
/files/fs.sound_obf.jar
/files/starfarer.api.jar
/files/starfarer.api.jar
/files/starfarer.api.jar
/files/starfarer.api.jar
/files/starfarer.api.jar
/files/json.jar
/files/xstream-1.4.10.jar
/files/xstream-1.4.10.jar
/files/xstream-1.4.10.jar
/files/log4j-1.2.9.jar
/files/log4j-1.2.9.jar
/files/log4j-1.2.9.jar
/cheerpj_dist/4.2/17/lib/modules
/cheerpj_dist/4.2/17/lib/modules
/files/commons-compiler.jar
/files/commons-compiler-jdk.jar
/files/janino.jar
/files/janino.jar
/files/jinput.jar
/files/jinput.jar
/files/lwjgl.jar
/files/lwjgl.jar
/files/lwjgl.jar
/files/lwjgl_util.jar
/files/lwjgl_util.jar
/files/jorbis-0.0.15.jar
/files/jogg-0.0.7.jar
/files//config.jar
/cheerpj_dist/4.2/17/lib/modules
/cheerpj_dist/4.2/17/lib/modules
/cheerpj_dist/4.2/17/lib/modules
/cheerpj_dist/4.2/17/lib/modules
/cheerpj_dist/4.2/17/lib/modules
/cheerpj_dist/4.2/17/lib/modules
/cheerpj_dist/4.2/17/lib/modules
/cheerpj_dist/4.2/17/lib/modules
/cheerpj_dist/4.2/17/lib/modules
/cheerpj_dist/4.2/17/lib/modules
/cheerpj_dist/4.2/17/lib/modules
/cheerpj_dist/4.2/17/conf/security/java.security
/cheerpj_dist/4.2/17/conf/security/java.security
/cheerpj_dist/4.2/17/lib/modules
/files//?/.accessibility.properties
/files/starfarer_obf.jar
/files/starfarer_obf.jar
/cheerpj_dist/4.2/17/lib/modules
/cheerpj_dist/4.2/17/lib/modules
/cheerpj_dist/4.2/17/lib/modules
/cheerpj_dist/4.2/17/lib/modules
/cheerpj_dist/4.2/17/lib/modules
/cheerpj_dist/4.2/17/lib/modules
/files/starfarer_obf.jar
/files/starfarer_obf.jar
/files//data/config/settings.json
/files//data/config/settings.json
/cheerpj_dist/4.2/17/lib/modules
/cheerpj_dist/4.2/17/lib/modules
/cheerpj_dist/4.2/17/lib/modules
/files//jawt.js
/files/lwjgl.jar
/files/lwjgl.jar
/cheerpj_dist/4.2/17/lib/modules
/cheerpj_dist/4.2/17/lib/modules
/cheerpj_dist/4.2/17/lib/modules
/cheerpj_dist/4.2/17/lib/modules
/cheerpj_dist/4.2/17/lib/modules
/cheerpj_dist/4.2/17/lib/modules
/cheerpj_dist/4.2/17/lib/modules
/cheerpj_dist/4.2/17/lib/modules
/cheerpj_dist/4.2/17/lib/modules
/cheerpj_dist/4.2/17/conf/swing.properties
/cheerpj_dist/4.2/17/lib/modules
/cheerpj_dist/4.2/17/lib/modules
/cheerpj_dist/4.2/17/lib/modules
/cheerpj_dist/4.2/17/lib/fonts/badfonts.txt
/cheerpj_dist/4.2/17/lib/fonts
/cheerpj_dist/4.2/17/lib/fonts
/files//?/.java/fonts/17.0.16-internal/fcinfo-1-192.168.1.1-Linux-1.0-en-US.properties
/files//?/.java/fonts/17.0.16-internal/fcinfo-1-192.168.1.1-Linux-1.0-en-US.properties
/cheerpj_dist/4.2/fc/fonts/fonts.conf
/starsector_v44.html
/cheerpj_dist/4.2/cj3.wasm
/cheerpj_dist/4.2/c.html
/cheerpj_dist/4.2/cj3n17.wasm
/cheerpj_dist/4.2/17/lib/modules
/cheerpj_dist/4.2/17/lib/modules
/cheerpj_dist/4.2/17/lib/modules
/cheerpj_dist/4.2/17/lib/modules
/cheerpj_dist/4.2/17/lib/modules
/cheerpj_dist/4.2/17/lib/modules
/cheerpj_dist/4.2/17/lib/modules
/cheerpj_dist/4.2/17/lib/modules
/cheerpj_dist/4.2/17/lib/modules
/cheerpj_dist/4.2/17/lib/modules
/cheerpj_dist/4.2/17/lib/modules
/cheerpj_dist/4.2/17/lib/modules
/sw.js
/cheerpj_dist/4.2/17/lib/modules
/cheerpj_dist/4.2/17/lib/modules
/cheerpj_dist/4.2/17/lib/modules
/cheerpj_dist/4.2/17/lib/modules
/cheerpj_dist/4.2/17/lib/modules
/cheerpj_dist/4.2/17/lib/modules
/cheerpj_dist/4.2/17/lib/modules
/cheerpj_dist/4.2/etc/users
/cheerpj_dist/4.2/etc/localtime
/cheerpj_dist/4.2/17/lib/modules
/cheerpj_dist/4.2/17/lib/modules
/cheerpj_dist/4.2/17/lib/modules
/cheerpj_dist/4.2/17/lib/modules
/cheerpj_dist/4.2/17/lib/modules
/cheerpj_dist/4.2/17/lib/modules
/cheerpj_dist/4.2/17/lib/modules
/cheerpj_dist/4.2/17/lib/modules
/cheerpj_dist/4.2/17/lib/modules
/cheerpj_dist/4.2/17/jre/lib/cheerpj-handlers.jar
/cheerpj_dist/4.2/17/lib/modules
/cheerpj_dist/4.2/17/lib/modules
/cheerpj_dist/4.2/17/jre/lib/cheerpj-handlers.jar
/cheerpj_dist/4.2/17/jre/lib/cheerpj-awt.jar
/cheerpj_dist/4.2/17/jre/lib/cheerpj-awt.jar
/cheerpj_dist/4.2/17/jre/lib/cheerpj-jsobject.jar
/cheerpj_dist/4.2/17/jre/lib/cheerpj-jsobject.jar
/files/starfarer_obf.jar
/files/fs.common_obf.jar
/files/fs.sound_obf.jar
/files/starfarer.api.jar
/files/json.jar
/files/xstream-1.4.10.jar
/files/log4j-1.2.9.jar
/files/commons-compiler.jar
/files/commons-compiler-jdk.jar
/files/janino.jar
/files/jinput.jar
/files/lwjgl.jar
/files/lwjgl_util.jar
/files/jorbis-0.0.15.jar
/files/jogg-0.0.7.jar
/files//config.jar
/cheerpj_dist/4.2/17/lib/modules
/cheerpj_dist/4.2/17/lib/modules
/cheerpj_dist/4.2/17/lib/modules
/cheerpj_dist/4.2/17/lib/modules
/cheerpj_dist/4.2/17/lib/modules
/cheerpj_dist/4.2/17/lib/modules
/files/starfarer_obf.jar
/files/starfarer_obf.jar
/files/starfarer_obf.jar
/files/starfarer_obf.jar
/files/starfarer_obf.jar
/cheerpj_dist/4.2/17/lib/modules
/cheerpj_dist/4.2/17/lib/modules
/cheerpj_dist/4.2/17/lib/modules
/cheerpj_dist/4.2/17/lib/modules
/cheerpj_dist/4.2/17/lib/modules
/cheerpj_dist/4.2/17/lib/modules
/cheerpj_dist/4.2/17/lib/modules
/cheerpj_dist/4.2/17/lib/modules
/files/fs.common_obf.jar
/files/fs.common_obf.jar
/cheerpj_dist/4.2/17/lib/modules
/files/fs.common_obf.jar
/files/fs.sound_obf.jar
/files/starfarer.api.jar
/files/starfarer.api.jar
/files/starfarer.api.jar
/files/starfarer.api.jar
/files/starfarer.api.jar
/files/json.jar
/files/xstream-1.4.10.jar
/files/xstream-1.4.10.jar
/files/xstream-1.4.10.jar
/files/log4j-1.2.9.jar
/files/log4j-1.2.9.jar
/cheerpj_dist/4.2/17/lib/modules
/cheerpj_dist/4.2/17/lib/modules
/files/commons-compiler.jar
/files/commons-compiler-jdk.jar
/files/janino.jar
/files/janino.jar
/files/janino.jar
/files/jinput.jar
/files/jinput.jar
/files/lwjgl.jar
/files/lwjgl.jar
/files/lwjgl.jar
/files/lwjgl_util.jar
/files/lwjgl_util.jar
/files/jorbis-0.0.15.jar
/files/jogg-0.0.7.jar
/files//config.jar
/cheerpj_dist/4.2/17/lib/modules
/cheerpj_dist/4.2/17/lib/modules
/cheerpj_dist/4.2/17/lib/modules
/cheerpj_dist/4.2/17/lib/modules
/cheerpj_dist/4.2/17/lib/modules
/cheerpj_dist/4.2/17/lib/modules
/cheerpj_dist/4.2/17/lib/modules
/cheerpj_dist/4.2/17/lib/modules
/cheerpj_dist/4.2/17/lib/modules
/cheerpj_dist/4.2/17/lib/modules
/cheerpj_dist/4.2/17/lib/modules
/cheerpj_dist/4.2/17/lib/modules
/cheerpj_dist/4.2/17/conf/security/java.security
/cheerpj_dist/4.2/17/conf/security/java.security
/cheerpj_dist/4.2/17/lib/modules
/files//?/.accessibility.properties
/files/starfarer_obf.jar
/files/starfarer_obf.jar
/files/starfarer_obf.jar
/cheerpj_dist/4.2/17/lib/modules
/cheerpj_dist/4.2/17/lib/modules
/cheerpj_dist/4.2/17/lib/modules
/cheerpj_dist/4.2/17/lib/modules
/cheerpj_dist/4.2/17/lib/modules
/cheerpj_dist/4.2/17/lib/modules
/cheerpj_dist/4.2/17/lib/modules
/files/starfarer_obf.jar
/files/starfarer_obf.jar
/files/starfarer_obf.jar
/files//data/config/settings.json
/files//data/config/settings.json
/cheerpj_dist/4.2/17/lib/modules
/cheerpj_dist/4.2/17/lib/modules
/cheerpj_dist/4.2/17/lib/modules
/files//jawt.js
/files/lwjgl.jar
/files/lwjgl.jar
/cheerpj_dist/4.2/17/lib/modules
/cheerpj_dist/4.2/17/lib/modules
/cheerpj_dist/4.2/17/lib/modules
/cheerpj_dist/4.2/17/lib/modules
/cheerpj_dist/4.2/17/lib/modules
/cheerpj_dist/4.2/17/lib/modules
/cheerpj_dist/4.2/17/lib/modules
/cheerpj_dist/4.2/17/lib/modules
/cheerpj_dist/4.2/17/lib/modules
operties
/cheerpj_dist/4.2/17/lib/modules
/cheerpj_dist/4.2/17/lib/modules
/cheerpj_dist/4.2/17/lib/modules
/cheerpj_dist/4.2/17/lib/fonts/badfonts.txt
/cheerpj_dist/4.2/17/lib/fonts
/cheerpj_dist/4.2/17/lib/fonts
/files//?/.java/fonts/17.0.16-internal/fcinfo-1-192.168.1.1-Linux-1.0-en-US.properties
/files//?/.java/fonts/17.0.16-internal/fcinfo-1-192.168.1.1-Linux-1.0-en-US.properties
/cheerpj_dist/4.2/fc/fonts/fonts.conf
/starsector_v44.html
/starsector_v44.html
/files/lwjgl.js
/sw.js
/starsector_v44.html
/sw.js
/cheerpj_dist/4.2/17/lib/modules
/starsector_v44.html
/sw.js
/starsector_v44.html
/sw.js
/starsector_v44.html
/sw.js
/starsector_v44.html
/cheerpj_dist/4.2/17/lib/modules
/cheerpj_dist/4.2/cj3.wasm
/cheerpj_dist/4.2/cj3n17.wasm
/cheerpj_dist/4.2/c.html
/cheerpj_dist/4.2/17/lib/modules
/cheerpj_dist/4.2/17/lib/modules
/cheerpj_dist/4.2/17/lib/modules
/cheerpj_dist/4.2/17/lib/modules
/cheerpj_dist/4.2/17/lib/modules
/cheerpj_dist/4.2/17/lib/modules
/cheerpj_dist/4.2/17/lib/modules
/cheerpj_dist/4.2/17/lib/modules
/cheerpj_dist/4.2/17/lib/modules
/cheerpj_dist/4.2/17/lib/modules
/cheerpj_dist/4.2/17/lib/modules
/cheerpj_dist/4.2/17/lib/modules
/cheerpj_dist/4.2/17/lib/modules
/cheerpj_dist/4.2/17/lib/modules
/cheerpj_dist/4.2/17/lib/modules
/cheerpj_dist/4.2/17/lib/modules
/cheerpj_dist/4.2/17/lib/modules
/cheerpj_dist/4.2/17/lib/modules
/cheerpj_dist/4.2/17/lib/modules
/cheerpj_dist/4.2/17/lib/modules
/sw.js
/cheerpj_dist/4.2/etc/users
/cheerpj_dist/4.2/etc/localtime
/cheerpj_dist/4.2/17/lib/modules
/cheerpj_dist/4.2/17/lib/modules
/cheerpj_dist/4.2/17/lib/modules
/cheerpj_dist/4.2/17/lib/modules
/cheerpj_dist/4.2/17/lib/modules
/cheerpj_dist/4.2/17/lib/modules
/cheerpj_dist/4.2/17/lib/modules
/cheerpj_dist/4.2/17/lib/modules
/cheerpj_dist/4.2/17/lib/modules
/cheerpj_dist/4.2/17/jre/lib/cheerpj-handlers.jar
/cheerpj_dist/4.2/17/lib/modules
/cheerpj_dist/4.2/17/lib/modules
/cheerpj_dist/4.2/17/jre/lib/cheerpj-handlers.jar
/cheerpj_dist/4.2/17/jre/lib/cheerpj-awt.jar
/cheerpj_dist/4.2/17/jre/lib/cheerpj-awt.jar
/cheerpj_dist/4.2/17/jre/lib/cheerpj-jsobject.jar
/cheerpj_dist/4.2/17/jre/lib/cheerpj-jsobject.jar
/files/starfarer_obf.jar
/files/fs.common_obf.jar
/files/fs.sound_obf.jar
/files/starfarer.api.jar
/files/json.jar
/files/xstream-1.4.10.jar
/files/log4j-1.2.9.jar
/files/commons-compiler.jar
/files/commons-compiler-jdk.jar
/files/janino.jar
/files/jinput.jar
/files/lwjgl.jar
/files/lwjgl_util.jar
/files/jorbis-0.0.15.jar
/files/jogg-0.0.7.jar
/files//config.jar
/cheerpj_dist/4.2/17/lib/modules
/cheerpj_dist/4.2/17/lib/modules
/cheerpj_dist/4.2/17/lib/modules
/cheerpj_dist/4.2/17/lib/modules
/cheerpj_dist/4.2/17/lib/modules
/cheerpj_dist/4.2/17/lib/modules
/files/starfarer_obf.jar
/files/starfarer_obf.jar
/files/starfarer_obf.jar
/files/starfarer_obf.jar
/files/starfarer_obf.jar
/files/starfarer_obf.jar
/files/fs.common_obf.jar
/files/fs.common_obf.jar
/files/fs.sound_obf.jar
/files/starfarer.api.jar
/files/starfarer.api.jar
/files/starfarer.api.jar
/files/starfarer.api.jar
/files/starfarer.api.jar
/files/json.jar
/files/xstream-1.4.10.jar
/files/xstream-1.4.10.jar
/files/xstream-1.4.10.jar
/files/log4j-1.2.9.jar
/files/log4j-1.2.9.jar
/files/log4j-1.2.9.jar
/files/commons-compiler.jar
/files/commons-compiler-jdk.jar
/files/janino.jar
/files/janino.jar
/files/janino.jar
/files/jinput.jar
/files/jinput.jar
/files/lwjgl.jar
/files/lwjgl.jar
/files/lwjgl.jar
/files/lwjgl.jar
/files/lwjgl_util.jar
/files/lwjgl_util.jar
/files/jorbis-0.0.15.jar
/files/jogg-0.0.7.jar
/files//config.jar
/cheerpj_dist/4.2/17/lib/modules
/cheerpj_dist/4.2/17/lib/modules
/cheerpj_dist/4.2/17/lib/modules
/cheerpj_dist/4.2/17/conf/security/java.security
/cheerpj_dist/4.2/17/conf/security/java.security
/cheerpj_dist/4.2/17/lib/modules
/starsector_v44.html
/cheerpj_dist/4.2/17/lib/modules
/cheerpj_dist/4.2/cj3.wasm
/cheerpj_dist/4.2/c.html
/cheerpj_dist/4.2/cj3n17.wasm
/cheerpj_dist/4.2/17/lib/modules
/cheerpj_dist/4.2/17/lib/modules
/cheerpj_dist/4.2/17/lib/modules
/cheerpj_dist/4.2/17/lib/modules
/cheerpj_dist/4.2/17/lib/modules
/cheerpj_dist/4.2/17/lib/modules
/cheerpj_dist/4.2/17/lib/modules
/cheerpj_dist/4.2/17/lib/modules
/cheerpj_dist/4.2/17/lib/modules
/cheerpj_dist/4.2/17/lib/modules
/cheerpj_dist/4.2/17/lib/modules
/cheerpj_dist/4.2/17/lib/modules
/cheerpj_dist/4.2/17/lib/modules
/cheerpj_dist/4.2/17/lib/modules
/cheerpj_dist/4.2/17/lib/modules
/cheerpj_dist/4.2/17/lib/modules
/cheerpj_dist/4.2/17/lib/modules
/cheerpj_dist/4.2/17/lib/modules
/cheerpj_dist/4.2/17/lib/modules
/cheerpj_dist/4.2/17/lib/modules
/sw.js
/cheerpj_dist/4.2/etc/users
/cheerpj_dist/4.2/etc/localtime
/cheerpj_dist/4.2/17/lib/modules
/cheerpj_dist/4.2/17/lib/modules
/cheerpj_dist/4.2/17/lib/modules
/cheerpj_dist/4.2/17/lib/modules
/cheerpj_dist/4.2/17/lib/modules
/cheerpj_dist/4.2/17/lib/modules
/cheerpj_dist/4.2/17/lib/modules
/cheerpj_dist/4.2/17/lib/modules
/cheerpj_dist/4.2/17/lib/modules
/cheerpj_dist/4.2/17/lib/modules
/cheerpj_dist/4.2/17/lib/modules
/cheerpj_dist/4.2/17/jre/lib/cheerpj-handlers.jar
/cheerpj_dist/4.2/17/lib/modules
/cheerpj_dist/4.2/17/jre/lib/cheerpj-handlers.jar
/cheerpj_dist/4.2/17/jre/lib/cheerpj-awt.jar
/cheerpj_dist/4.2/17/jre/lib/cheerpj-awt.jar
/cheerpj_dist/4.2/17/jre/lib/cheerpj-jsobject.jar
/cheerpj_dist/4.2/17/jre/lib/cheerpj-jsobject.jar
/files/starfarer_obf.jar
/files/fs.common_obf.jar
/files/fs.sound_obf.jar
/files/starfarer.api.jar
/files/json.jar
/files/xstream-1.4.10.jar
/files/log4j-1.2.9.jar
/files/commons-compiler.jar
/files/commons-compiler-jdk.jar
/files/janino.jar
/files/jinput.jar
/files/lwjgl.jar
/files/lwjgl_util.jar
/files/jorbis-0.0.15.jar
/files/jogg-0.0.7.jar
/files//config.jar
/cheerpj_dist/4.2/17/lib/modules
/cheerpj_dist/4.2/17/lib/modules
/cheerpj_dist/4.2/17/lib/modules
/cheerpj_dist/4.2/17/lib/modules
/cheerpj_dist/4.2/17/lib/modules
/cheerpj_dist/4.2/17/lib/modules
/files/starfarer_obf.jar
/files/starfarer_obf.jar
/files/starfarer_obf.jar
/files/starfarer_obf.jar
/files/starfarer_obf.jar
/files/starfarer_obf.jar
/files/fs.common_obf.jar
/files/fs.common_obf.jar
/files/fs.common_obf.jar
/files/fs.sound_obf.jar
/files/starfarer.api.jar
/files/starfarer.api.jar
/files/starfarer.api.jar
/files/starfarer.api.jar
/files/starfarer.api.jar
/files/json.jar
/files/xstream-1.4.10.jar
/files/xstream-1.4.10.jar
/files/xstream-1.4.10.jar
/files/log4j-1.2.9.jar
/files/log4j-1.2.9.jar
/files/commons-compiler.jar
/files/commons-compiler-jdk.jar
/files/janino.jar
/files/janino.jar
/files/janino.jar
/files/jinput.jar
/files/jinput.jar
/files/lwjgl.jar
/files/lwjgl.jar
/files/lwjgl.jar
/files/lwjgl_util.jar
/files/lwjgl_util.jar
/files/jorbis-0.0.15.jar
/files/jogg-0.0.7.jar
/files//config.jar
/cheerpj_dist/4.2/17/lib/modules
/cheerpj_dist/4.2/17/lib/modules
/cheerpj_dist/4.2/17/lib/modules
/cheerpj_dist/4.2/17/conf/security/java.security
/cheerpj_dist/4.2/17/conf/security/java.security
/cheerpj_dist/4.2/17/lib/modules
/starsector_v44.html
/cheerpj_dist/4.2/17/lib/modules
/cheerpj_dist/4.2/cj3.wasm
/cheerpj_dist/4.2/cj3n17.wasm
/cheerpj_dist/4.2/c.html
/cheerpj_dist/4.2/17/lib/modules
/cheerpj_dist/4.2/17/lib/modules
/cheerpj_dist/4.2/17/lib/modules
/cheerpj_dist/4.2/17/lib/modules
/cheerpj_dist/4.2/17/lib/modules
/cheerpj_dist/4.2/17/lib/modules
/cheerpj_dist/4.2/17/lib/modules
/cheerpj_dist/4.2/17/lib/modules
/cheerpj_dist/4.2/17/lib/modules
/cheerpj_dist/4.2/17/lib/modules
/cheerpj_dist/4.2/17/lib/modules
/cheerpj_dist/4.2/17/lib/modules
/cheerpj_dist/4.2/17/lib/modules
/cheerpj_dist/4.2/17/lib/modules
/cheerpj_dist/4.2/17/lib/modules
/cheerpj_dist/4.2/17/lib/modules
/cheerpj_dist/4.2/17/lib/modules
/cheerpj_dist/4.2/17/lib/modules
/sw.js
_dist/4.2/17/lib/modules
/cheerpj_dist/4.2/etc/users
/cheerpj_dist/4.2/etc/localtime
/cheerpj_dist/4.2/17/lib/modules
/cheerpj_dist/4.2/17/lib/modules
/cheerpj_dist/4.2/17/lib/modules
/cheerpj_dist/4.2/17/lib/modules
/cheerpj_dist/4.2/17/lib/modules
/cheerpj_dist/4.2/17/lib/modules
/cheerpj_dist/4.2/17/lib/modules
/cheerpj_dist/4.2/17/lib/modules
/cheerpj_dist/4.2/17/lib/modules
/cheerpj_dist/4.2/17/lib/modules
/cheerpj_dist/4.2/17/jre/lib/cheerpj-handlers.jar
/cheerpj_dist/4.2/17/lib/modules
/cheerpj_dist/4.2/17/jre/lib/cheerpj-handlers.jar
/cheerpj_dist/4.2/17/jre/lib/cheerpj-awt.jar
/cheerpj_dist/4.2/17/jre/lib/cheerpj-awt.jar
/cheerpj_dist/4.2/17/jre/lib/cheerpj-jsobject.jar
/cheerpj_dist/4.2/17/jre/lib/cheerpj-jsobject.jar
/files/starfarer_obf.jar
/files/fs.common_obf.jar
/files/fs.sound_obf.jar
/files/starfarer.api.jar
/files/json.jar
/files/xstream-1.4.10.jar
/files/log4j-1.2.9.jar
/files/commons-compiler.jar
/files/commons-compiler-jdk.jar
/files/janino.jar
/files/jinput.jar
/files/lwjgl.jar
/files/lwjgl_util.jar
/files/jorbis-0.0.15.jar
/files/jogg-0.0.7.jar
/files//config.jar
/cheerpj_dist/4.2/17/lib/modules
/cheerpj_dist/4.2/17/lib/modules
/cheerpj_dist/4.2/17/lib/modules
/cheerpj_dist/4.2/17/lib/modules
/cheerpj_dist/4.2/17/lib/modules
/cheerpj_dist/4.2/17/lib/modules
/files/starfarer_obf.jar
/files/starfarer_obf.jar
/files/starfarer_obf.jar
/files/starfarer_obf.jar
/files/starfarer_obf.jar
/files/starfarer_obf.jar
/cheerpj_dist/4.2/17/lib/modules
/cheerpj_dist/4.2/17/lib/modules
/cheerpj_dist/4.2/17/lib/modules
/cheerpj_dist/4.2/17/lib/modules
/cheerpj_dist/4.2/17/lib/modules
/cheerpj_dist/4.2/17/lib/modules
/cheerpj_dist/4.2/17/lib/modules
/cheerpj_dist/4.2/17/lib/modules
/files/fs.common_obf.jar
/files/fs.common_obf.jar
/cheerpj_dist/4.2/17/lib/modules
/files/fs.common_obf.jar
/files/fs.sound_obf.jar
/files/starfarer.api.jar
/files/starfarer.api.jar
/files/starfarer.api.jar
/files/starfarer.api.jar
/files/starfarer.api.jar
/files/json.jar
/files/xstream-1.4.10.jar
/files/xstream-1.4.10.jar
/files/xstream-1.4.10.jar
/files/log4j-1.2.9.jar
/files/log4j-1.2.9.jar
/files/log4j-1.2.9.jar
/cheerpj_dist/4.2/17/lib/modules
/cheerpj_dist/4.2/17/lib/modules
/files/commons-compiler.jar
/files/commons-compiler-jdk.jar
/files/janino.jar
/files/janino.jar
/files/janino.jar
/files/jinput.jar
/files/jinput.jar
/files/lwjgl.jar
/files/lwjgl.jar
/files/lwjgl.jar
/files/lwjgl.jar
/files/lwjgl_util.jar
/files/lwjgl_util.jar
/files/jorbis-0.0.15.jar
/files/jogg-0.0.7.jar
/files//config.jar
/cheerpj_dist/4.2/17/lib/modules
/cheerpj_dist/4.2/17/lib/modules
/cheerpj_dist/4.2/17/lib/modules
/cheerpj_dist/4.2/17/lib/modules
/cheerpj_dist/4.2/17/lib/modules
/cheerpj_dist/4.2/17/lib/modules
/cheerpj_dist/4.2/17/lib/modules
/cheerpj_dist/4.2/17/lib/modules
/cheerpj_dist/4.2/17/lib/modules
/cheerpj_dist/4.2/17/lib/modules
/cheerpj_dist/4.2/17/lib/modules
/cheerpj_dist/4.2/17/lib/modules
/cheerpj_dist/4.2/17/conf/security/java.security
/cheerpj_dist/4.2/17/conf/security/java.security
/cheerpj_dist/4.2/17/lib/modules
/files//?/.accessibility.properties
/files/starfarer_obf.jar
/files/starfarer_obf.jar
/files/starfarer_obf.jar
/cheerpj_dist/4.2/17/lib/modules
/cheerpj_dist/4.2/17/lib/modules
/cheerpj_dist/4.2/17/lib/modules
/cheerpj_dist/4.2/17/lib/modules
/cheerpj_dist/4.2/17/lib/modules
/cheerpj_dist/4.2/17/lib/modules
/files/starfarer_obf.jar
/files/starfarer_obf.jar
/files/starfarer_obf.jar
/files//data/config/settings.json
/files//data/config/settings.json
/cheerpj_dist/4.2/17/lib/modules
/cheerpj_dist/4.2/17/lib/modules
/files//jawt.js
/files/lwjgl.jar
/files/lwjgl.jar
/cheerpj_dist/4.2/17/lib/modules
/cheerpj_dist/4.2/17/lib/modules
/cheerpj_dist/4.2/17/lib/modules
/cheerpj_dist/4.2/17/lib/modules
/cheerpj_dist/4.2/17/lib/modules
/cheerpj_dist/4.2/17/lib/modules
/cheerpj_dist/4.2/17/lib/modules
/cheerpj_dist/4.2/17/lib/modules
/cheerpj_dist/4.2/17/lib/modules
/cheerpj_dist/4.2/17/conf/swing.properties
/cheerpj_dist/4.2/17/lib/modules
/cheerpj_dist/4.2/17/lib/modules
/cheerpj_dist/4.2/17/lib/modules
/cheerpj_dist/4.2/17/lib/fonts/badfonts.txt
/cheerpj_dist/4.2/17/lib/fonts
/cheerpj_dist/4.2/17/lib/fonts
/files//?/.java/fonts/17.0.16-internal/fcinfo-1-192.168.1.1-Linux-1.0-en-US.properties
/files//?/.java/fonts/17.0.16-internal/fcinfo-1-192.168.1.1-Linux-1.0-en-US.properties
/cheerpj_dist/4.2/fc/fonts/fonts.conf
/starsector_v44.html
/cheerpj_dist/4.2/17/lib/modules
/cheerpj_dist/4.2/cj3.wasm
/cheerpj_dist/4.2/c.html
/cheerpj_dist/4.2/cj3n17.wasm
/cheerpj_dist/4.2/17/lib/modules
/cheerpj_dist/4.2/17/lib/modules
/cheerpj_dist/4.2/17/lib/modules
/cheerpj_dist/4.2/17/lib/modules
/cheerpj_dist/4.2/17/lib/modules
/cheerpj_dist/4.2/17/lib/modules
/cheerpj_dist/4.2/17/lib/modules
/cheerpj_dist/4.2/17/lib/modules
/cheerpj_dist/4.2/17/lib/modules
/cheerpj_dist/4.2/17/lib/modules
/cheerpj_dist/4.2/17/lib/modules
/cheerpj_dist/4.2/17/lib/modules
/cheerpj_dist/4.2/17/lib/modules
/cheerpj_dist/4.2/17/lib/modules
/cheerpj_dist/4.2/17/lib/modules
/cheerpj_dist/4.2/17/lib/modules
/cheerpj_dist/4.2/17/lib/modules
/cheerpj_dist/4.2/17/lib/modules
/cheerpj_dist/4.2/17/lib/modules
/cheerpj_dist/4.2/17/lib/modules
/sw.js
/cheerpj_dist/4.2/etc/users
/cheerpj_dist/4.2/etc/localtime
/cheerpj_dist/4.2/17/lib/modules
/cheerpj_dist/4.2/17/lib/modules
/cheerpj_dist/4.2/17/lib/modules
/cheerpj_dist/4.2/17/lib/modules
/cheerpj_dist/4.2/17/lib/modules
/cheerpj_dist/4.2/17/lib/modules
/cheerpj_dist/4.2/17/lib/modules
/cheerpj_dist/4.2/17/lib/modules
/cheerpj_dist/4.2/17/lib/modules
/cheerpj_dist/4.2/17/lib/modules
/cheerpj_dist/4.2/17/lib/modules
pj-handlers.jar
/cheerpj_dist/4.2/17/lib/modules
/cheerpj_dist/4.2/17/jre/lib/cheerpj-handlers.jar
/cheerpj_dist/4.2/17/jre/lib/cheerpj-awt.jar
/cheerpj_dist/4.2/17/jre/lib/cheerpj-awt.jar
/cheerpj_dist/4.2/17/jre/lib/cheerpj-jsobject.jar
/cheerpj_dist/4.2/17/jre/lib/cheerpj-jsobject.jar
/files/starfarer_obf.jar
/files/fs.common_obf.jar
/files/fs.sound_obf.jar
/files/starfarer.api.jar
/files/json.jar
/files/xstream-1.4.10.jar
/files/log4j-1.2.9.jar
/files/commons-compiler.jar
/files/commons-compiler-jdk.jar
/files/janino.jar
/files/jinput.jar
/files/lwjgl.jar
/files/lwjgl_util.jar
/files/jorbis-0.0.15.jar
/files/jogg-0.0.7.jar
/files//config.jar
/cheerpj_dist/4.2/17/lib/modules
/cheerpj_dist/4.2/17/lib/modules
/cheerpj_dist/4.2/17/lib/modules
/cheerpj_dist/4.2/17/lib/modules
/cheerpj_dist/4.2/17/lib/modules
/cheerpj_dist/4.2/17/lib/modules
/files/starfarer_obf.jar
/files/starfarer_obf.jar
/files/starfarer_obf.jar
/files/starfarer_obf.jar
/files/starfarer_obf.jar
/files/starfarer_obf.jar
/cheerpj_dist/4.2/17/lib/modules
/cheerpj_dist/4.2/17/lib/modules
/cheerpj_dist/4.2/17/lib/modules
/cheerpj_dist/4.2/17/lib/modules
/cheerpj_dist/4.2/17/lib/modules
/cheerpj_dist/4.2/17/lib/modules
/cheerpj_dist/4.2/17/lib/modules
/files/fs.common_obf.jar
/files/fs.common_obf.jar
/cheerpj_dist/4.2/17/lib/modules
/files/fs.common_obf.jar
/files/fs.sound_obf.jar
/files/starfarer.api.jar
/files/starfarer.api.jar
/files/starfarer.api.jar
/files/starfarer.api.jar
/files/starfarer.api.jar
/files/json.jar
/files/xstream-1.4.10.jar
/files/xstream-1.4.10.jar
/files/xstream-1.4.10.jar
/files/log4j-1.2.9.jar
/files/log4j-1.2.9.jar
/files/log4j-1.2.9.jar
/cheerpj_dist/4.2/17/lib/modules
/cheerpj_dist/4.2/17/lib/modules
/files/commons-compiler.jar
/files/commons-compiler-jdk.jar
/files/janino.jar
/files/janino.jar
/files/janino.jar
/files/jinput.jar
/files/jinput.jar
/files/lwjgl.jar
/files/lwjgl.jar
/files/lwjgl.jar
/files/lwjgl_util.jar
/files/lwjgl_util.jar
/files/jorbis-0.0.15.jar
/files/jogg-0.0.7.jar
/files//config.jar
/cheerpj_dist/4.2/17/lib/modules
/cheerpj_dist/4.2/17/lib/modules
/cheerpj_dist/4.2/17/lib/modules
/cheerpj_dist/4.2/17/lib/modules
/cheerpj_dist/4.2/17/lib/modules
/cheerpj_dist/4.2/17/lib/modules
/cheerpj_dist/4.2/17/lib/modules
/cheerpj_dist/4.2/17/lib/modules
/cheerpj_dist/4.2/17/lib/modules
/cheerpj_dist/4.2/17/lib/modules
/cheerpj_dist/4.2/17/lib/modules
/cheerpj_dist/4.2/17/conf/security/java.security
/cheerpj_dist/4.2/17/conf/security/java.security
/cheerpj_dist/4.2/17/lib/modules
/files//?/.accessibility.properties
/files/starfarer_obf.jar
/files/starfarer_obf.jar
/cheerpj_dist/4.2/17/lib/modules
/files/starfarer_obf.jar
/cheerpj_dist/4.2/17/lib/modules
/cheerpj_dist/4.2/17/lib/modules
/cheerpj_dist/4.2/17/lib/modules
/cheerpj_dist/4.2/17/lib/modules
/cheerpj_dist/4.2/17/lib/modules
/files/starfarer_obf.jar
/files/starfarer_obf.jar
/files/starfarer_obf.jar
/files//data/config/settings.json
/files//data/config/settings.json
/cheerpj_dist/4.2/17/lib/modules
/cheerpj_dist/4.2/17/lib/modules
/cheerpj_dist/4.2/17/lib/modules
/files//jawt.js
/files/lwjgl.jar
/files/lwjgl.jar
/cheerpj_dist/4.2/17/lib/modules
/cheerpj_dist/4.2/17/lib/modules
/cheerpj_dist/4.2/17/lib/modules
/cheerpj_dist/4.2/17/lib/modules
/cheerpj_dist/4.2/17/lib/modules
/cheerpj_dist/4.2/17/lib/modules
/cheerpj_dist/4.2/17/lib/modules
/cheerpj_dist/4.2/17/lib/modules
/cheerpj_dist/4.2/17/lib/modules
/cheerpj_dist/4.2/17/lib/modules
/cheerpj_dist/4.2/17/conf/swing.properties
/cheerpj_dist/4.2/17/lib/modules
/cheerpj_dist/4.2/17/lib/modules
/cheerpj_dist/4.2/17/lib/modules
/cheerpj_dist/4.2/17/lib/fonts/badfonts.txt
/cheerpj_dist/4.2/17/lib/fonts
/cheerpj_dist/4.2/17/lib/fonts
/files//?/.java/fonts/17.0.16-internal/fcinfo-1-192.168.1.1-Linux-1.0-en-US.properties
/files//?/.java/fonts/17.0.16-internal/fcinfo-1-192.168.1.1-Linux-1.0-en-US.properties
/cheerpj_dist/4.2/fc/fonts/fonts.conf
/starsector_v44.html
/cheerpj_dist/4.2/17/lib/modules
/cheerpj_dist/4.2/cj3.wasm
/cheerpj_dist/4.2/cj3n17.wasm
/cheerpj_dist/4.2/17/lib/modules
/cheerpj_dist/4.2/17/lib/modules
/cheerpj_dist/4.2/17/lib/modules
/cheerpj_dist/4.2/17/lib/modules
/cheerpj_dist/4.2/17/lib/modules
/cheerpj_dist/4.2/17/lib/modules
/cheerpj_dist/4.2/17/lib/modules
/cheerpj_dist/4.2/17/lib/modules
/cheerpj_dist/4.2/17/lib/modules
/cheerpj_dist/4.2/17/lib/modules
/cheerpj_dist/4.2/17/lib/modules
/cheerpj_dist/4.2/17/lib/modules
/cheerpj_dist/4.2/17/lib/modules
/cheerpj_dist/4.2/17/lib/modules
/cheerpj_dist/4.2/17/lib/modules
/cheerpj_dist/4.2/17/lib/modules
/cheerpj_dist/4.2/17/lib/modules
/cheerpj_dist/4.2/17/lib/modules
/cheerpj_dist/4.2/17/lib/modules
/cheerpj_dist/4.2/17/lib/modules
/sw.js
/cheerpj_dist/4.2/etc/users
/cheerpj_dist/4.2/etc/localtime
/cheerpj_dist/4.2/17/lib/modules
/cheerpj_dist/4.2/17/lib/modules
/cheerpj_dist/4.2/17/lib/modules
/cheerpj_dist/4.2/17/lib/modules
/cheerpj_dist/4.2/17/lib/modules
/cheerpj_dist/4.2/17/lib/modules
/cheerpj_dist/4.2/17/lib/modules
/cheerpj_dist/4.2/17/lib/modules
/cheerpj_dist/4.2/17/lib/modules
/cheerpj_dist/4.2/17/lib/modules
/cheerpj_dist/4.2/17/lib/modules
pj-handlers.jar
/cheerpj_dist/4.2/17/lib/modules
/cheerpj_dist/4.2/17/jre/lib/cheerpj-handlers.jar
/cheerpj_dist/4.2/17/jre/lib/cheerpj-awt.jar
/cheerpj_dist/4.2/17/jre/lib/cheerpj-awt.jar
/cheerpj_dist/4.2/17/jre/lib/cheerpj-jsobject.jar
/cheerpj_dist/4.2/17/jre/lib/cheerpj-jsobject.jar
/files/starfarer_obf.jar
/files/fs.common_obf.jar
/files/fs.sound_obf.jar
/files/starfarer.api.jar
/files/json.jar
/files/xstream-1.4.10.jar
/files/log4j-1.2.9.jar
/files/commons-compiler.jar
/files/commons-compiler-jdk.jar
/files/janino.jar
/files/jinput.jar
/files/lwjgl.jar
/files/lwjgl_util.jar
/files/jorbis-0.0.15.jar
/files/jogg-0.0.7.jar
/files//config.jar
/cheerpj_dist/4.2/17/lib/modules
/cheerpj_dist/4.2/17/lib/modules
/cheerpj_dist/4.2/17/lib/modules
/cheerpj_dist/4.2/17/lib/modules
/cheerpj_dist/4.2/17/lib/modules
/cheerpj_dist/4.2/17/lib/modules
/files/starfarer_obf.jar
/files/starfarer_obf.jar
/files/starfarer_obf.jar
/files/starfarer_obf.jar
/files/starfarer_obf.jar
/cheerpj_dist/4.2/17/lib/modules
/cheerpj_dist/4.2/17/lib/modules
/cheerpj_dist/4.2/17/lib/modules
/cheerpj_dist/4.2/17/lib/modules
/cheerpj_dist/4.2/17/lib/modules
/cheerpj_dist/4.2/17/lib/modules
/cheerpj_dist/4.2/17/lib/modules
/files/fs.common_obf.jar
/files/fs.common_obf.jar
/cheerpj_dist/4.2/17/lib/modules
/files/fs.common_obf.jar
/files/fs.sound_obf.jar
/files/starfarer.api.jar
/files/starfarer.api.jar
/files/starfarer.api.jar
/files/starfarer.api.jar
/files/starfarer.api.jar
/files/json.jar
/files/xstream-1.4.10.jar
/files/xstream-1.4.10.jar
/files/xstream-1.4.10.jar
/files/log4j-1.2.9.jar
/files/log4j-1.2.9.jar
/files/log4j-1.2.9.jar
/cheerpj_dist/4.2/17/lib/modules
/cheerpj_dist/4.2/17/lib/modules
/files/commons-compiler.jar
/files/commons-compiler-jdk.jar
/files/janino.jar
/files/janino.jar
/files/janino.jar
/files/jinput.jar
/files/jinput.jar
/files/lwjgl.jar
/files/lwjgl.jar
/files/lwjgl.jar
/files/lwjgl.jar
/files/lwjgl_util.jar
/files/lwjgl_util.jar
/files/jorbis-0.0.15.jar
/files/jogg-0.0.7.jar
/files//config.jar
/cheerpj_dist/4.2/17/lib/modules
/cheerpj_dist/4.2/17/lib/modules
/cheerpj_dist/4.2/17/lib/modules
/cheerpj_dist/4.2/17/lib/modules
/cheerpj_dist/4.2/17/lib/modules
/cheerpj_dist/4.2/17/lib/modules
/cheerpj_dist/4.2/17/lib/modules
/cheerpj_dist/4.2/17/lib/modules
/cheerpj_dist/4.2/17/lib/modules
/cheerpj_dist/4.2/17/lib/modules
/cheerpj_dist/4.2/17/lib/modules
/cheerpj_dist/4.2/17/lib/modules
/cheerpj_dist/4.2/17/conf/security/java.security
/cheerpj_dist/4.2/17/conf/security/java.security
/cheerpj_dist/4.2/17/lib/modules
/files//?/.accessibility.properties
/files/starfarer_obf.jar
/files/starfarer_obf.jar
/files/starfarer_obf.jar
/cheerpj_dist/4.2/17/lib/modules
/cheerpj_dist/4.2/17/lib/modules
/cheerpj_dist/4.2/17/lib/modules
/cheerpj_dist/4.2/17/lib/modules
/cheerpj_dist/4.2/17/lib/modules
/cheerpj_dist/4.2/17/lib/modules
/cheerpj_dist/4.2/17/lib/modules
/files/starfarer_obf.jar
/files/starfarer_obf.jar
/files/starfarer_obf.jar
/files//data/config/settings.json
/files//data/config/settings.json
/cheerpj_dist/4.2/17/lib/modules
/cheerpj_dist/4.2/17/lib/modules
/cheerpj_dist/4.2/17/lib/modules
/files//jawt.js
/files/lwjgl.jar
/files/lwjgl.jar
/cheerpj_dist/4.2/17/lib/modules
/cheerpj_dist/4.2/17/lib/modules
/cheerpj_dist/4.2/17/lib/modules
/cheerpj_dist/4.2/17/lib/modules
/cheerpj_dist/4.2/17/lib/modules
/cheerpj_dist/4.2/17/lib/modules
/cheerpj_dist/4.2/17/lib/modules
/cheerpj_dist/4.2/17/lib/modules
/cheerpj_dist/4.2/17/lib/modules
/cheerpj_dist/4.2/17/lib/modules
/cheerpj_dist/4.2/17/conf/swing.properties
/cheerpj_dist/4.2/17/lib/modules
/cheerpj_dist/4.2/17/lib/modules
/cheerpj_dist/4.2/17/lib/modules
/cheerpj_dist/4.2/17/lib/fonts/badfonts.txt
/cheerpj_dist/4.2/17/lib/fonts
/cheerpj_dist/4.2/17/lib/fonts
/files//?/.java/fonts/17.0.16-internal/fcinfo-1-192.168.1.1-Linux-1.0-en-US.properties
/files//?/.java/fonts/17.0.16-internal/fcinfo-1-192.168.1.1-Linux-1.0-en-US.properties
/cheerpj_dist/4.2/fc/fonts/fonts.conf
/starsector_v44.html
/cheerpj_dist/4.2/17/lib/modules
/cheerpj_dist/4.2/cj3.wasm
/cheerpj_dist/4.2/c.html
/cheerpj_dist/4.2/cj3n17.wasm
/cheerpj_dist/4.2/17/lib/modules
/cheerpj_dist/4.2/17/lib/modules
/cheerpj_dist/4.2/17/lib/modules
/cheerpj_dist/4.2/17/lib/modules
/cheerpj_dist/4.2/17/lib/modules
/cheerpj_dist/4.2/17/lib/modules
/cheerpj_dist/4.2/17/lib/modules
/cheerpj_dist/4.2/17/lib/modules
/cheerpj_dist/4.2/17/lib/modules
/cheerpj_dist/4.2/17/lib/modules
/cheerpj_dist/4.2/17/lib/modules
/cheerpj_dist/4.2/17/lib/modules
/cheerpj_dist/4.2/17/lib/modules
/cheerpj_dist/4.2/17/lib/modules
/cheerpj_dist/4.2/17/lib/modules
/cheerpj_dist/4.2/17/lib/modules
/cheerpj_dist/4.2/17/lib/modules
/cheerpj_dist/4.2/17/lib/modules
/cheerpj_dist/4.2/17/lib/modules
/cheerpj_dist/4.2/17/lib/modules
/sw.js
/cheerpj_dist/4.2/etc/users
/cheerpj_dist/4.2/etc/localtime
/cheerpj_dist/4.2/17/lib/modules
/cheerpj_dist/4.2/17/lib/modules
/cheerpj_dist/4.2/17/lib/modules
/cheerpj_dist/4.2/17/lib/modules
/cheerpj_dist/4.2/17/lib/modules
/cheerpj_dist/4.2/17/lib/modules
/cheerpj_dist/4.2/17/lib/modules
/cheerpj_dist/4.2/17/lib/modules
/cheerpj_dist/4.2/17/lib/modules
/cheerpj_dist/4.2/17/lib/modules
/cheerpj_dist/4.2/17/lib/modules
/cheerpj_dist/4.2/17/jre/lib/cheerpj-handlers.jar
/cheerpj_dist/4.2/17/lib/modules
/cheerpj_dist/4.2/17/jre/lib/cheerpj-handlers.jar
/cheerpj_dist/4.2/17/jre/lib/cheerpj-awt.jar
/cheerpj_dist/4.2/17/jre/lib/cheerpj-awt.jar
/cheerpj_dist/4.2/17/jre/lib/cheerpj-jsobject.jar
/cheerpj_dist/4.2/17/jre/lib/cheerpj-jsobject.jar
/files/starfarer_obf.jar
/files/fs.common_obf.jar
/files/fs.sound_obf.jar
/files/starfarer.api.jar
/files/json.jar
/files/xstream-1.4.10.jar
/files/log4j-1.2.9.jar
/files/commons-compiler.jar
/files/commons-compiler-jdk.jar
/files/janino.jar
/files/jinput.jar
/files/lwjgl.jar
/files/lwjgl_util.jar
/files/jorbis-0.0.15.jar
/files/jogg-0.0.7.jar
/files//config.jar
/cheerpj_dist/4.2/17/lib/modules
/cheerpj_dist/4.2/17/lib/modules
/cheerpj_dist/4.2/17/lib/modules
/cheerpj_dist/4.2/17/lib/modules
/cheerpj_dist/4.2/17/lib/modules
/cheerpj_dist/4.2/17/lib/modules
/files/starfarer_obf.jar
/files/starfarer_obf.jar
/files/starfarer_obf.jar
/files/starfarer_obf.jar
/files/starfarer_obf.jar
/files/starfarer_obf.jar
/files/starfarer_obf.jar
/files/starfarer_obf.jar
/files/fs.common_obf.jar
/files/fs.common_obf.jar
/files/fs.common_obf.jar
/cheerpj_dist/4.2/17/lib/modules
/cheerpj_dist/4.2/17/lib/modules
/cheerpj_dist/4.2/17/lib/modules
/files/fs.sound_obf.jar
/cheerpj_dist/4.2/17/lib/modules
/files/starfarer.api.jar
/files/starfarer.api.jar
/files/starfarer.api.jar
/files/starfarer.api.jar
/files/starfarer.api.jar
/files/json.jar
/files/xstream-1.4.10.jar
/files/xstream-1.4.10.jar
/files/xstream-1.4.10.jar
/files/log4j-1.2.9.jar
/files/log4j-1.2.9.jar
/files/log4j-1.2.9.jar
/cheerpj_dist/4.2/17/lib/modules
/cheerpj_dist/4.2/17/lib/modules
/files/commons-compiler.jar
/files/commons-compiler-jdk.jar
/files/janino.jar
/files/janino.jar
/files/jinput.jar
/files/jinput.jar
/files/lwjgl.jar
/files/lwjgl.jar
/files/lwjgl.jar
/files/lwjgl.jar
/files/lwjgl_util.jar
/files/lwjgl_util.jar
/files/lwjgl_util.jar
/files/lwjgl_util.jar
/files/lwjgl_util.jar
/files/jorbis-0.0.15.jar
/files/jogg-0.0.7.jar
/files//config.jar
/cheerpj_dist/4.2/17/lib/modules
/cheerpj_dist/4.2/17/lib/modules
/cheerpj_dist/4.2/17/lib/modules
/cheerpj_dist/4.2/17/lib/modules
/cheerpj_dist/4.2/17/lib/modules
/cheerpj_dist/4.2/17/lib/modules
/cheerpj_dist/4.2/17/lib/modules
/files/starfarer_obf.jar
/files/starfarer_obf.jar
/files/starfarer_obf.jar
/starsector_v44.html
/cheerpj_dist/4.2/17/lib/modules
/cheerpj_dist/4.2/cj3.wasm
/cheerpj_dist/4.2/c.html
/cheerpj_dist/4.2/cj3n17.wasm
/cheerpj_dist/4.2/17/lib/modules
/cheerpj_dist/4.2/17/lib/modules
/cheerpj_dist/4.2/17/lib/modules
/cheerpj_dist/4.2/17/lib/modules
/cheerpj_dist/4.2/17/lib/modules
/cheerpj_dist/4.2/17/lib/modules
/cheerpj_dist/4.2/17/lib/modules
/cheerpj_dist/4.2/17/lib/modules
/cheerpj_dist/4.2/17/lib/modules
/cheerpj_dist/4.2/17/lib/modules
/cheerpj_dist/4.2/17/lib/modules
/cheerpj_dist/4.2/17/lib/modules
/cheerpj_dist/4.2/17/lib/modules
/cheerpj_dist/4.2/17/lib/modules
/cheerpj_dist/4.2/17/lib/modules
/cheerpj_dist/4.2/17/lib/modules
/cheerpj_dist/4.2/17/lib/modules
/cheerpj_dist/4.2/17/lib/modules
/cheerpj_dist/4.2/17/lib/modules
/cheerpj_dist/4.2/17/lib/modules
/cheerpj_dist/4.2/etc/users
/cheerpj_dist/4.2/etc/localtime
/cheerpj_dist/4.2/17/lib/modules
/cheerpj_dist/4.2/17/lib/modules
/cheerpj_dist/4.2/17/lib/modules
/cheerpj_dist/4.2/17/lib/modules
/cheerpj_dist/4.2/17/lib/modules
/cheerpj_dist/4.2/17/lib/modules
/cheerpj_dist/4.2/17/lib/modules
/cheerpj_dist/4.2/17/lib/modules
/cheerpj_dist/4.2/17/lib/modules
/cheerpj_dist/4.2/17/lib/modules
/cheerpj_dist/4.2/17/jre/lib/cheerpj-handlers.jar
/cheerpj_dist/4.2/17/lib/modules
/cheerpj_dist/4.2/17/lib/modules
/cheerpj_dist/4.2/17/jre/lib/cheerpj-handlers.jar
/cheerpj_dist/4.2/17/jre/lib/cheerpj-awt.jar
/cheerpj_dist/4.2/17/jre/lib/cheerpj-awt.jar
/cheerpj_dist/4.2/17/jre/lib/cheerpj-jsobject.jar
/cheerpj_dist/4.2/17/jre/lib/cheerpj-jsobject.jar
/files/starfarer_obf.jar
/files/fs.common_obf.jar
/files/fs.sound_obf.jar
/files/starfarer.api.jar
/files/json.jar
/files/xstream-1.4.10.jar
/files/log4j-1.2.9.jar
/files/commons-compiler.jar
/files/commons-compiler-jdk.jar
/files/janino.jar
/files/jinput.jar
/files/lwjgl.jar
/files/lwjgl_util.jar
/files/jorbis-0.0.15.jar
/files/jogg-0.0.7.jar
/files//config.jar
/cheerpj_dist/4.2/17/lib/modules
/cheerpj_dist/4.2/17/lib/modules
/cheerpj_dist/4.2/17/lib/modules
/cheerpj_dist/4.2/17/lib/modules
/cheerpj_dist/4.2/17/lib/modules
/cheerpj_dist/4.2/17/lib/modules
/files/starfarer_obf.jar
/files/starfarer_obf.jar
/files/starfarer_obf.jar
/files/starfarer_obf.jar
/files/starfarer_obf.jar
/files/starfarer_obf.jar
/files/starfarer_obf.jar
/files/starfarer_obf.jar
/files/fs.common_obf.jar
/files/fs.common_obf.jar
/files/fs.common_obf.jar
/cheerpj_dist/4.2/17/lib/modules
/cheerpj_dist/4.2/17/lib/modules
/cheerpj_dist/4.2/17/lib/modules
/files/fs.sound_obf.jar
/cheerpj_dist/4.2/17/lib/modules
/files/starfarer.api.jar
/files/starfarer.api.jar
/files/starfarer.api.jar
/files/starfarer.api.jar
/files/starfarer.api.jar
/files/json.jar
/files/xstream-1.4.10.jar
/files/xstream-1.4.10.jar
/files/xstream-1.4.10.jar
/files/log4j-1.2.9.jar
/files/log4j-1.2.9.jar
/files/log4j-1.2.9.jar
/cheerpj_dist/4.2/17/lib/modules
/cheerpj_dist/4.2/17/lib/modules
/files/commons-compiler.jar
/files/commons-compiler-jdk.jar
/files/janino.jar
/files/janino.jar
/files/janino.jar
/files/jinput.jar
/files/jinput.jar
/files/lwjgl.jar
/files/lwjgl.jar
/files/lwjgl.jar
/files/lwjgl.jar
/files/lwjgl_util.jar
/files/lwjgl_util.jar
/files/jorbis-0.0.15.jar
/files/jogg-0.0.7.jar
/files//config.jar
/cheerpj_dist/4.2/17/lib/modules
/cheerpj_dist/4.2/17/lib/modules
/cheerpj_dist/4.2/17/lib/modules
/cheerpj_dist/4.2/17/lib/modules
/cheerpj_dist/4.2/17/lib/modules
/cheerpj_dist/4.2/17/lib/modules
/cheerpj_dist/4.2/17/lib/modules
/files/starfarer_obf.jar
/files/starfarer_obf.jar
/files/starfarer_obf.jar
/starsector_v44.html
/cheerpj_dist/4.2/17/lib/modules
/cheerpj_dist/4.2/cj3.wasm
/cheerpj_dist/4.2/c.html
/cheerpj_dist/4.2/cj3n17.wasm
/cheerpj_dist/4.2/17/lib/modules
/cheerpj_dist/4.2/17/lib/modules
/cheerpj_dist/4.2/17/lib/modules
/cheerpj_dist/4.2/17/lib/modules
/cheerpj_dist/4.2/17/lib/modules
/cheerpj_dist/4.2/17/lib/modules
/cheerpj_dist/4.2/17/lib/modules
/cheerpj_dist/4.2/17/lib/modules
/cheerpj_dist/4.2/17/lib/modules
/cheerpj_dist/4.2/17/lib/modules
/cheerpj_dist/4.2/17/lib/modules
/cheerpj_dist/4.2/17/lib/modules
/cheerpj_dist/4.2/17/lib/modules
/cheerpj_dist/4.2/17/lib/modules
/cheerpj_dist/4.2/17/lib/modules
/cheerpj_dist/4.2/17/lib/modules
/cheerpj_dist/4.2/17/lib/modules
/cheerpj_dist/4.2/17/lib/modules
/cheerpj_dist/4.2/17/lib/modules
/cheerpj_dist/4.2/17/lib/modules
/sw.js
/cheerpj_dist/4.2/etc/users
/cheerpj_dist/4.2/etc/localtime
/cheerpj_dist/4.2/17/lib/modules
/cheerpj_dist/4.2/17/lib/modules
/cheerpj_dist/4.2/17/lib/modules
/cheerpj_dist/4.2/17/lib/modules
/cheerpj_dist/4.2/17/lib/modules
/cheerpj_dist/4.2/17/lib/modules
/cheerpj_dist/4.2/17/lib/modules
/cheerpj_dist/4.2/17/lib/modules
/cheerpj_dist/4.2/17/lib/modules
/cheerpj_dist/4.2/17/lib/modules
/cheerpj_dist/4.2/17/jre/lib/cheerpj-handlers.jar
/cheerpj_dist/4.2/17/lib/modules
/cheerpj_dist/4.2/17/jre/lib/cheerpj-handlers.jar
/cheerpj_dist/4.2/17/jre/lib/cheerpj-awt.jar
/cheerpj_dist/4.2/17/jre/lib/cheerpj-awt.jar
/cheerpj_dist/4.2/17/jre/lib/cheerpj-jsobject.jar
/cheerpj_dist/4.2/17/jre/lib/cheerpj-jsobject.jar
/files/starfarer_obf.jar
/files/fs.common_obf.jar
/files/fs.sound_obf.jar
/files/starfarer.api.jar
/files/json.jar
/files/xstream-1.4.10.jar
/files/log4j-1.2.9.jar
/files/commons-compiler.jar
/files/commons-compiler-jdk.jar
/files/janino.jar
/files/jinput.jar
/files/lwjgl.jar
/files/lwjgl_util.jar
/files/jorbis-0.0.15.jar
/files/jogg-0.0.7.jar
/files//config.jar
/cheerpj_dist/4.2/17/lib/modules
/cheerpj_dist/4.2/17/lib/modules
/cheerpj_dist/4.2/17/lib/modules
/cheerpj_dist/4.2/17/lib/modules
/cheerpj_dist/4.2/17/lib/modules
/cheerpj_dist/4.2/17/lib/modules
/files/starfarer_obf.jar
/files/starfarer_obf.jar
/files/starfarer_obf.jar
/files/starfarer_obf.jar
/files/starfarer_obf.jar
/files/starfarer_obf.jar
/files/starfarer_obf.jar
/files/starfarer_obf.jar
/files/fs.common_obf.jar
/files/fs.common_obf.jar
/cheerpj_dist/4.2/17/lib/modules
/cheerpj_dist/4.2/17/lib/modules
/cheerpj_dist/4.2/17/lib/modules
/cheerpj_dist/4.2/17/lib/modules
/files/starfarer.api.jar
/files/starfarer.api.jar
/files/starfarer.api.jar
/files/starfarer.api.jar
/files/starfarer.api.jar
/files/json.jar
/files/xstream-1.4.10.jar
/files/xstream-1.4.10.jar
/files/xstream-1.4.10.jar
/files/log4j-1.2.9.jar
/files/log4j-1.2.9.jar
/files/log4j-1.2.9.jar
/cheerpj_dist/4.2/17/lib/modules
/cheerpj_dist/4.2/17/lib/modules
/files/commons-compiler.jar
/files/commons-compiler-jdk.jar
/files/janino.jar
/files/janino.jar
/files/janino.jar
/files/jinput.jar
/files/jinput.jar
/files/lwjgl.jar
/files/lwjgl.jar
/files/lwjgl.jar
/files/lwjgl.jar
/files/lwjgl_util.jar
/files/lwjgl_util.jar
/files/jorbis-0.0.15.jar
/files/jogg-0.0.7.jar
/files//config.jar
/cheerpj_dist/4.2/17/lib/modules
/cheerpj_dist/4.2/17/lib/modules
/cheerpj_dist/4.2/17/lib/modules
/cheerpj_dist/4.2/17/lib/modules
/cheerpj_dist/4.2/17/lib/modules
/cheerpj_dist/4.2/17/lib/modules
/cheerpj_dist/4.2/17/lib/modules
/files/starfarer_obf.jar
/files/starfarer_obf.jar
/files/starfarer_obf.jar
/starsector_v44.html
/cheerpj_dist/4.2/17/lib/modules
/cheerpj_dist/4.2/cj3.wasm
/cheerpj_dist/4.2/c.html
/cheerpj_dist/4.2/cj3n17.wasm
/cheerpj_dist/4.2/17/lib/modules
/cheerpj_dist/4.2/17/lib/modules
/cheerpj_dist/4.2/17/lib/modules
/cheerpj_dist/4.2/17/lib/modules
/cheerpj_dist/4.2/17/lib/modules
/cheerpj_dist/4.2/17/lib/modules
/cheerpj_dist/4.2/17/lib/modules
/cheerpj_dist/4.2/17/lib/modules
/cheerpj_dist/4.2/17/lib/modules
/cheerpj_dist/4.2/17/lib/modules
/cheerpj_dist/4.2/17/lib/modules
/cheerpj_dist/4.2/17/lib/modules
/cheerpj_dist/4.2/17/lib/modules
/cheerpj_dist/4.2/17/lib/modules
/cheerpj_dist/4.2/17/lib/modules
/cheerpj_dist/4.2/17/lib/modules
/cheerpj_dist/4.2/17/lib/modules
/cheerpj_dist/4.2/17/lib/modules
/cheerpj_dist/4.2/17/lib/modules
/cheerpj_dist/4.2/17/lib/modules
/sw.js
/cheerpj_dist/4.2/etc/users
/cheerpj_dist/4.2/etc/localtime
/cheerpj_dist/4.2/17/lib/modules
/cheerpj_dist/4.2/17/lib/modules
/cheerpj_dist/4.2/17/lib/modules
/cheerpj_dist/4.2/17/lib/modules
/cheerpj_dist/4.2/17/lib/modules
/cheerpj_dist/4.2/17/lib/modules
/cheerpj_dist/4.2/17/lib/modules
/cheerpj_dist/4.2/17/lib/modules
/cheerpj_dist/4.2/17/lib/modules
/cheerpj_dist/4.2/17/lib/modules
/cheerpj_dist/4.2/17/jre/lib/cheerpj-handlers.jar
/cheerpj_dist/4.2/17/lib/modules
/cheerpj_dist/4.2/17/jre/lib/cheerpj-handlers.jar
/cheerpj_dist/4.2/17/jre/lib/cheerpj-awt.jar
/cheerpj_dist/4.2/17/jre/lib/cheerpj-awt.jar
/cheerpj_dist/4.2/17/jre/lib/cheerpj-jsobject.jar
/cheerpj_dist/4.2/17/jre/lib/cheerpj-jsobject.jar
/files/starfarer_obf.jar
/files/fs.common_obf.jar
/files/fs.sound_obf.jar
/files/starfarer.api.jar
/files/json.jar
/files/xstream-1.4.10.jar
/files/log4j-1.2.9.jar
/files/commons-compiler.jar
/files/commons-compiler-jdk.jar
/files/janino.jar
/files/jinput.jar
/files/lwjgl.jar
/files/lwjgl_util.jar
/files/jorbis-0.0.15.jar
/files/jogg-0.0.7.jar
/files//config.jar
/cheerpj_dist/4.2/17/lib/modules
/cheerpj_dist/4.2/17/lib/modules
/cheerpj_dist/4.2/17/lib/modules
/cheerpj_dist/4.2/17/lib/modules
/cheerpj_dist/4.2/17/lib/modules
/cheerpj_dist/4.2/17/lib/modules
/files/starfarer_obf.jar
/files/starfarer_obf.jar
/files/starfarer_obf.jar
/files/starfarer_obf.jar
/files/starfarer_obf.jar
/files/starfarer_obf.jar
/files/starfarer_obf.jar
/files/starfarer_obf.jar
/files/fs.common_obf.jar
/files/fs.common_obf.jar
/files/fs.common_obf.jar
/cheerpj_dist/4.2/17/lib/modules
/cheerpj_dist/4.2/17/lib/modules
/cheerpj_dist/4.2/17/lib/modules
/files/fs.sound_obf.jar
/cheerpj_dist/4.2/17/lib/modules
/files/starfarer.api.jar
/files/starfarer.api.jar
/files/starfarer.api.jar
/files/starfarer.api.jar
/files/starfarer.api.jar
/files/json.jar
/files/xstream-1.4.10.jar
/files/xstream-1.4.10.jar
/files/xstream-1.4.10.jar
/files/log4j-1.2.9.jar
/files/log4j-1.2.9.jar
/files/log4j-1.2.9.jar
/cheerpj_dist/4.2/17/lib/modules
/cheerpj_dist/4.2/17/lib/modules
/files/commons-compiler.jar
/files/commons-compiler-jdk.jar
/files/janino.jar
/files/janino.jar
/files/jinput.jar
/files/jinput.jar
/files/lwjgl.jar
/files/lwjgl.jar
/files/lwjgl.jar
/files/lwjgl.jar
/files/lwjgl_util.jar
/files/lwjgl_util.jar
/files/jorbis-0.0.15.jar
/files/jogg-0.0.7.jar
/files//config.jar
/cheerpj_dist/4.2/17/lib/modules
/cheerpj_dist/4.2/17/lib/modules
/cheerpj_dist/4.2/17/lib/modules
/cheerpj_dist/4.2/17/lib/modules
/cheerpj_dist/4.2/17/lib/modules
/cheerpj_dist/4.2/17/lib/modules
/cheerpj_dist/4.2/17/lib/modules
/files/starfarer_obf.jar
/files/starfarer_obf.jar
/files/starfarer_obf.jar
/starsector_v44.html
/cheerpj_dist/4.2/17/lib/modules
/cheerpj_dist/4.2/cj3.wasm
/cheerpj_dist/4.2/cj3n17.wasm
/cheerpj_dist/4.2/17/lib/modules
/cheerpj_dist/4.2/17/lib/modules
/cheerpj_dist/4.2/17/lib/modules
/cheerpj_dist/4.2/17/lib/modules
/cheerpj_dist/4.2/17/lib/modules
/cheerpj_dist/4.2/17/lib/modules
/cheerpj_dist/4.2/17/lib/modules
/cheerpj_dist/4.2/17/lib/modules
/cheerpj_dist/4.2/17/lib/modules
/cheerpj_dist/4.2/17/lib/modules
/cheerpj_dist/4.2/17/lib/modules
/cheerpj_dist/4.2/17/lib/modules
/sw.js
/cheerpj_dist/4.2/17/lib/modules
/cheerpj_dist/4.2/17/lib/modules
/cheerpj_dist/4.2/17/lib/modules
/cheerpj_dist/4.2/17/lib/modules
/cheerpj_dist/4.2/17/lib/modules
/cheerpj_dist/4.2/17/lib/modules
/cheerpj_dist/4.2/17/lib/modules
/cheerpj_dist/4.2/17/lib/modules
/cheerpj_dist/4.2/etc/users
/cheerpj_dist/4.2/etc/localtime
/cheerpj_dist/4.2/17/lib/modules
/cheerpj_dist/4.2/17/lib/modules
/cheerpj_dist/4.2/17/lib/modules
/cheerpj_dist/4.2/17/lib/modules
/cheerpj_dist/4.2/17/lib/modules
/cheerpj_dist/4.2/17/lib/modules
/cheerpj_dist/4.2/17/lib/modules
/cheerpj_dist/4.2/17/lib/modules
/cheerpj_dist/4.2/17/lib/modules
/cheerpj_dist/4.2/17/lib/modules
pj-handlers.jar
/cheerpj_dist/4.2/17/lib/modules
/cheerpj_dist/4.2/17/jre/lib/cheerpj-handlers.jar
/cheerpj_dist/4.2/17/jre/lib/cheerpj-awt.jar
/cheerpj_dist/4.2/17/jre/lib/cheerpj-awt.jar
/cheerpj_dist/4.2/17/jre/lib/cheerpj-jsobject.jar
/cheerpj_dist/4.2/17/jre/lib/cheerpj-jsobject.jar
/files/starfarer_obf.jar
/files/fs.common_obf.jar
/files/fs.sound_obf.jar
/files/starfarer.api.jar
/files/json.jar
/files/xstream-1.4.10.jar
/files/log4j-1.2.9.jar
/files/commons-compiler.jar
/files/commons-compiler-jdk.jar
/files/janino.jar
/files/jinput.jar
/files/lwjgl.jar
/files/lwjgl_util.jar
/files/jorbis-0.0.15.jar
/files/jogg-0.0.7.jar
/files//config.jar
/cheerpj_dist/4.2/17/lib/modules
/cheerpj_dist/4.2/17/lib/modules
/cheerpj_dist/4.2/17/lib/modules
/cheerpj_dist/4.2/17/lib/modules
/cheerpj_dist/4.2/17/lib/modules
/cheerpj_dist/4.2/17/lib/modules
/files/starfarer_obf.jar
/files/starfarer_obf.jar
/files/starfarer_obf.jar
/files/starfarer_obf.jar
/files/starfarer_obf.jar
/files/starfarer_obf.jar
/files/starfarer_obf.jar
/files/starfarer_obf.jar
/files/fs.common_obf.jar
/files/fs.common_obf.jar
/files/fs.common_obf.jar
/cheerpj_dist/4.2/17/lib/modules
/cheerpj_dist/4.2/17/lib/modules
/cheerpj_dist/4.2/17/lib/modules
/files/fs.sound_obf.jar
/cheerpj_dist/4.2/17/lib/modules
/files/starfarer.api.jar
/files/starfarer.api.jar
/files/starfarer.api.jar
/files/starfarer.api.jar
/files/starfarer.api.jar
/files/json.jar
/files/xstream-1.4.10.jar
/files/xstream-1.4.10.jar
/files/xstream-1.4.10.jar
/files/log4j-1.2.9.jar
/files/log4j-1.2.9.jar
/files/log4j-1.2.9.jar
/cheerpj_dist/4.2/17/lib/modules
/cheerpj_dist/4.2/17/lib/modules
/files/commons-compiler.jar
/files/commons-compiler-jdk.jar
/files/janino.jar
/files/janino.jar
/files/janino.jar
/files/jinput.jar
/files/jinput.jar
/files/lwjgl.jar
/files/lwjgl.jar
/files/lwjgl.jar
/files/lwjgl_util.jar
/files/lwjgl_util.jar
/files/jorbis-0.0.15.jar
/files/jogg-0.0.7.jar
/files//config.jar
/cheerpj_dist/4.2/17/lib/modules
/cheerpj_dist/4.2/17/lib/modules
/cheerpj_dist/4.2/17/lib/modules
/cheerpj_dist/4.2/17/lib/modules
/cheerpj_dist/4.2/17/lib/modules
/cheerpj_dist/4.2/17/lib/modules
/cheerpj_dist/4.2/17/lib/modules
/files/starfarer_obf.jar
/files/starfarer_obf.jar
/files/starfarer_obf.jar
/starsector_v44.html
/cheerpj_dist/4.2/17/lib/modules
/cheerpj_dist/4.2/cj3.wasm
/cheerpj_dist/4.2/c.html
/cheerpj_dist/4.2/cj3n17.wasm
/cheerpj_dist/4.2/17/lib/modules
/cheerpj_dist/4.2/17/lib/modules
/cheerpj_dist/4.2/17/lib/modules
/cheerpj_dist/4.2/17/lib/modules
/cheerpj_dist/4.2/17/lib/modules
/cheerpj_dist/4.2/17/lib/modules
/cheerpj_dist/4.2/17/lib/modules
/cheerpj_dist/4.2/17/lib/modules
/cheerpj_dist/4.2/17/lib/modules
/cheerpj_dist/4.2/17/lib/modules
/cheerpj_dist/4.2/17/lib/modules
/cheerpj_dist/4.2/17/lib/modules
/cheerpj_dist/4.2/17/lib/modules
/cheerpj_dist/4.2/17/lib/modules
/cheerpj_dist/4.2/17/lib/modules
/cheerpj_dist/4.2/17/lib/modules
/cheerpj_dist/4.2/17/lib/modules
/cheerpj_dist/4.2/17/lib/modules
/cheerpj_dist/4.2/17/lib/modules
/cheerpj_dist/4.2/17/lib/modules
/sw.js
/cheerpj_dist/4.2/etc/users
/cheerpj_dist/4.2/etc/localtime
/cheerpj_dist/4.2/17/lib/modules
/cheerpj_dist/4.2/17/lib/modules
/cheerpj_dist/4.2/17/lib/modules
/cheerpj_dist/4.2/17/lib/modules
/cheerpj_dist/4.2/17/lib/modules
/cheerpj_dist/4.2/17/lib/modules
/cheerpj_dist/4.2/17/lib/modules
/cheerpj_dist/4.2/17/lib/modules
/cheerpj_dist/4.2/17/lib/modules
/cheerpj_dist/4.2/17/lib/modules
/cheerpj_dist/4.2/17/lib/modules
/cheerpj_dist/4.2/17/jre/lib/cheerpj-handlers.jar
/cheerpj_dist/4.2/17/lib/modules
/cheerpj_dist/4.2/17/jre/lib/cheerpj-handlers.jar
/cheerpj_dist/4.2/17/jre/lib/cheerpj-awt.jar
/cheerpj_dist/4.2/17/jre/lib/cheerpj-awt.jar
/cheerpj_dist/4.2/17/jre/lib/cheerpj-jsobject.jar
/cheerpj_dist/4.2/17/jre/lib/cheerpj-jsobject.jar
/files/starfarer_obf.jar
/files/fs.common_obf.jar
/files/fs.sound_obf.jar
/files/starfarer.api.jar
/files/json.jar
/files/xstream-1.4.10.jar
/files/log4j-1.2.9.jar
/files/commons-compiler.jar
/files/commons-compiler-jdk.jar
/files/janino.jar
/files/jinput.jar
/files/lwjgl.jar
/files/lwjgl_util.jar
/files/jorbis-0.0.15.jar
/files/jogg-0.0.7.jar
/files//config.jar
/cheerpj_dist/4.2/17/lib/modules
/cheerpj_dist/4.2/17/lib/modules
/cheerpj_dist/4.2/17/lib/modules
/cheerpj_dist/4.2/17/lib/modules
/cheerpj_dist/4.2/17/lib/modules
/cheerpj_dist/4.2/17/lib/modules
/files/starfarer_obf.jar
/files/starfarer_obf.jar
/files/starfarer_obf.jar
/files/starfarer_obf.jar
/files/starfarer_obf.jar
/files/starfarer_obf.jar
/files/starfarer_obf.jar
/files/starfarer_obf.jar
/files/fs.common_obf.jar
/files/fs.common_obf.jar
/files/fs.common_obf.jar
/cheerpj_dist/4.2/17/lib/modules
/cheerpj_dist/4.2/17/lib/modules
/cheerpj_dist/4.2/17/lib/modules
/cheerpj_dist/4.2/17/lib/modules
/files/fs.sound_obf.jar
/files/starfarer.api.jar
/files/starfarer.api.jar
/files/starfarer.api.jar
/files/starfarer.api.jar
/files/json.jar
/files/xstream-1.4.10.jar
/files/xstream-1.4.10.jar
/files/log4j-1.2.9.jar
/files/log4j-1.2.9.jar
/files/log4j-1.2.9.jar
/cheerpj_dist/4.2/17/lib/modules
/cheerpj_dist/4.2/17/lib/modules
/files/commons-compiler.jar
/files/commons-compiler-jdk.jar
/files/janino.jar
/files/janino.jar
/files/janino.jar
/files/jinput.jar
/files/jinput.jar
/files/lwjgl.jar
/files/lwjgl.jar
/files/lwjgl.jar
/files/lwjgl_util.jar
/files/lwjgl_util.jar
/files/jorbis-0.0.15.jar
/files/jogg-0.0.7.jar
/files//config.jar
/cheerpj_dist/4.2/17/lib/modules
/cheerpj_dist/4.2/17/lib/modules
/cheerpj_dist/4.2/17/lib/modules
/cheerpj_dist/4.2/17/lib/modules
/cheerpj_dist/4.2/17/lib/modules
/cheerpj_dist/4.2/17/lib/modules
/files/starfarer_obf.jar
/files/starfarer_obf.jar
/files/starfarer_obf.jar
/starsector_v44.html
/cheerpj_dist/4.2/17/lib/modules
/cheerpj_dist/4.2/cj3.wasm
/cheerpj_dist/4.2/c.html
/cheerpj_dist/4.2/cj3n17.wasm
/cheerpj_dist/4.2/17/lib/modules
/cheerpj_dist/4.2/17/lib/modules
/cheerpj_dist/4.2/17/lib/modules
/cheerpj_dist/4.2/17/lib/modules
/cheerpj_dist/4.2/17/lib/modules
/cheerpj_dist/4.2/17/lib/modules
/cheerpj_dist/4.2/17/lib/modules
/cheerpj_dist/4.2/17/lib/modules
/cheerpj_dist/4.2/17/lib/modules
/cheerpj_dist/4.2/17/lib/modules
/cheerpj_dist/4.2/17/lib/modules
/cheerpj_dist/4.2/17/lib/modules
/cheerpj_dist/4.2/17/lib/modules
/cheerpj_dist/4.2/17/lib/modules
/cheerpj_dist/4.2/17/lib/modules
/cheerpj_dist/4.2/17/lib/modules
/cheerpj_dist/4.2/17/lib/modules
/cheerpj_dist/4.2/17/lib/modules
/cheerpj_dist/4.2/17/lib/modules
/cheerpj_dist/4.2/17/lib/modules
/sw.js
/cheerpj_dist/4.2/etc/users
/cheerpj_dist/4.2/etc/localtime
/cheerpj_dist/4.2/17/lib/modules
/cheerpj_dist/4.2/17/lib/modules
/cheerpj_dist/4.2/17/lib/modules
/cheerpj_dist/4.2/17/lib/modules
/cheerpj_dist/4.2/17/lib/modules
/cheerpj_dist/4.2/17/lib/modules
/cheerpj_dist/4.2/17/lib/modules
/cheerpj_dist/4.2/17/lib/modules
/cheerpj_dist/4.2/17/jre/lib/cheerpj-handlers.jar
/cheerpj_dist/4.2/17/lib/modules
/cheerpj_dist/4.2/17/jre/lib/cheerpj-handlers.jar
/cheerpj_dist/4.2/17/jre/lib/cheerpj-awt.jar
/cheerpj_dist/4.2/17/jre/lib/cheerpj-awt.jar
/cheerpj_dist/4.2/17/jre/lib/cheerpj-jsobject.jar
/cheerpj_dist/4.2/17/jre/lib/cheerpj-jsobject.jar
/files/starfarer_obf.jar
/files/fs.common_obf.jar
/files/fs.sound_obf.jar
/files/starfarer.api.jar
/files/json.jar
/files/xstream-1.4.10.jar
/files/log4j-1.2.9.jar
/files/commons-compiler.jar
/files/commons-compiler-jdk.jar
/files/janino.jar
/files/jinput.jar
/files/lwjgl.jar
/files/lwjgl_util.jar
/files/jorbis-0.0.15.jar
/files/jogg-0.0.7.jar
/files//config.jar
/cheerpj_dist/4.2/17/lib/modules
/cheerpj_dist/4.2/17/lib/modules
/cheerpj_dist/4.2/17/lib/modules
/cheerpj_dist/4.2/17/lib/modules
/cheerpj_dist/4.2/17/lib/modules
/files/starfarer_obf.jar
/files/starfarer_obf.jar
/files/starfarer_obf.jar
/files/starfarer_obf.jar
/files/starfarer_obf.jar
/files/starfarer_obf.jar
/files/starfarer_obf.jar
/files/starfarer_obf.jar
/files/fs.common_obf.jar
/files/fs.common_obf.jar
/files/fs.common_obf.jar
/cheerpj_dist/4.2/17/lib/modules
/cheerpj_dist/4.2/17/lib/modules
/cheerpj_dist/4.2/17/lib/modules
/cheerpj_dist/4.2/17/lib/modules
/files/fs.sound_obf.jar
/files/starfarer.api.jar
/files/starfarer.api.jar
/files/starfarer.api.jar
/files/starfarer.api.jar
/files/json.jar
/files/xstream-1.4.10.jar
/files/xstream-1.4.10.jar
/files/log4j-1.2.9.jar
/files/log4j-1.2.9.jar
/files/log4j-1.2.9.jar
/cheerpj_dist/4.2/17/lib/modules
/cheerpj_dist/4.2/17/lib/modules
/files/commons-compiler.jar
/files/commons-compiler-jdk.jar
/files/janino.jar
/files/janino.jar
/files/janino.jar
/files/jinput.jar
/files/jinput.jar
/files/lwjgl.jar
/files/lwjgl.jar
/files/lwjgl.jar
/files/lwjgl.jar
/files/lwjgl_util.jar
/files/lwjgl_util.jar
/files/jorbis-0.0.15.jar
/files/jogg-0.0.7.jar
/files//config.jar
/cheerpj_dist/4.2/17/lib/modules
/cheerpj_dist/4.2/17/lib/modules
/cheerpj_dist/4.2/17/lib/modules
/cheerpj_dist/4.2/17/lib/modules
/cheerpj_dist/4.2/17/lib/modules
/cheerpj_dist/4.2/17/lib/modules
/files/starfarer_obf.jar
/files/starfarer_obf.jar
/files/starfarer_obf.jar
/starsector_v44.html
/cheerpj_dist/4.2/17/lib/modules
/cheerpj_dist/4.2/cj3.wasm
/cheerpj_dist/4.2/c.html
/cheerpj_dist/4.2/cj3n17.wasm
/cheerpj_dist/4.2/17/lib/modules
/cheerpj_dist/4.2/17/lib/modules
/cheerpj_dist/4.2/17/lib/modules
/cheerpj_dist/4.2/17/lib/modules
/cheerpj_dist/4.2/17/lib/modules
/cheerpj_dist/4.2/17/lib/modules
/cheerpj_dist/4.2/17/lib/modules
/cheerpj_dist/4.2/17/lib/modules
/cheerpj_dist/4.2/17/lib/modules
/cheerpj_dist/4.2/17/lib/modules
/cheerpj_dist/4.2/17/lib/modules
/cheerpj_dist/4.2/17/lib/modules
/cheerpj_dist/4.2/17/lib/modules
/cheerpj_dist/4.2/17/lib/modules
/cheerpj_dist/4.2/17/lib/modules
/cheerpj_dist/4.2/17/lib/modules
/cheerpj_dist/4.2/17/lib/modules
/cheerpj_dist/4.2/17/lib/modules
/cheerpj_dist/4.2/17/lib/modules
/cheerpj_dist/4.2/17/lib/modules
/sw.js
/cheerpj_dist/4.2/etc/users
/cheerpj_dist/4.2/etc/localtime
/cheerpj_dist/4.2/17/lib/modules
/cheerpj_dist/4.2/17/lib/modules
/cheerpj_dist/4.2/17/lib/modules
/cheerpj_dist/4.2/17/lib/modules
/cheerpj_dist/4.2/17/lib/modules
/cheerpj_dist/4.2/17/lib/modules
/cheerpj_dist/4.2/17/lib/modules
/cheerpj_dist/4.2/17/lib/modules
/cheerpj_dist/4.2/17/lib/modules
/cheerpj_dist/4.2/17/jre/lib/cheerpj-handlers.jar
/cheerpj_dist/4.2/17/lib/modules
/cheerpj_dist/4.2/17/jre/lib/cheerpj-handlers.jar
/cheerpj_dist/4.2/17/jre/lib/cheerpj-awt.jar
/cheerpj_dist/4.2/17/jre/lib/cheerpj-awt.jar
/cheerpj_dist/4.2/17/jre/lib/cheerpj-jsobject.jar
/cheerpj_dist/4.2/17/jre/lib/cheerpj-jsobject.jar
/files/starfarer_obf.jar
/files/fs.common_obf.jar
/files/fs.sound_obf.jar
/files/starfarer.api.jar
/files/json.jar
/files/xstream-1.4.10.jar
/files/log4j-1.2.9.jar
/files/commons-compiler.jar
/files/commons-compiler-jdk.jar
/files/janino.jar
/files/jinput.jar
/files/lwjgl.jar
/files/lwjgl_util.jar
/files/jorbis-0.0.15.jar
/files/jogg-0.0.7.jar
/files//config.jar
/cheerpj_dist/4.2/17/lib/modules
/cheerpj_dist/4.2/17/lib/modules
/cheerpj_dist/4.2/17/lib/modules
/cheerpj_dist/4.2/17/lib/modules
/cheerpj_dist/4.2/17/lib/modules
/cheerpj_dist/4.2/17/lib/modules
/files/starfarer_obf.jar
/files/starfarer_obf.jar
/files/starfarer_obf.jar
/files/starfarer_obf.jar
/files/starfarer_obf.jar
/files/starfarer_obf.jar
/files/starfarer_obf.jar
/files/starfarer_obf.jar
/files/fs.common_obf.jar
/files/fs.common_obf.jar
/files/fs.common_obf.jar
/cheerpj_dist/4.2/17/lib/modules
/cheerpj_dist/4.2/17/lib/modules
/cheerpj_dist/4.2/17/lib/modules
/files/fs.sound_obf.jar
/cheerpj_dist/4.2/17/lib/modules
/files/starfarer.api.jar
/files/starfarer.api.jar
/files/starfarer.api.jar
/files/starfarer.api.jar
/files/starfarer.api.jar
/files/json.jar
/files/xstream-1.4.10.jar
/files/xstream-1.4.10.jar
/files/xstream-1.4.10.jar
/files/log4j-1.2.9.jar
/files/log4j-1.2.9.jar
/cheerpj_dist/4.2/17/lib/modules
/cheerpj_dist/4.2/17/lib/modules
/files/commons-compiler.jar
/files/commons-compiler-jdk.jar
/files/janino.jar
/files/janino.jar
/files/jinput.jar
/files/jinput.jar
/files/lwjgl.jar
/files/lwjgl.jar
/files/lwjgl.jar
/files/lwjgl.jar
/files/lwjgl_util.jar
/files/lwjgl_util.jar
/files/jorbis-0.0.15.jar
/files/jogg-0.0.7.jar
/files//config.jar
/cheerpj_dist/4.2/17/lib/modules
/cheerpj_dist/4.2/17/lib/modules
/cheerpj_dist/4.2/17/lib/modules
/cheerpj_dist/4.2/17/lib/modules
/cheerpj_dist/4.2/17/lib/modules
/cheerpj_dist/4.2/17/lib/modules
/cheerpj_dist/4.2/17/lib/modules
/files/starfarer_obf.jar
/files/starfarer_obf.jar
/files/starfarer_obf.jar
/starsector_v44.html
/cheerpj_dist/4.2/17/lib/modules
/cheerpj_dist/4.2/cj3.wasm
/cheerpj_dist/4.2/c.html
/cheerpj_dist/4.2/cj3n17.wasm
/cheerpj_dist/4.2/17/lib/modules
/cheerpj_dist/4.2/17/lib/modules
/cheerpj_dist/4.2/17/lib/modules
/cheerpj_dist/4.2/17/lib/modules
/cheerpj_dist/4.2/17/lib/modules
/cheerpj_dist/4.2/17/lib/modules
/cheerpj_dist/4.2/17/lib/modules
/cheerpj_dist/4.2/17/lib/modules
/cheerpj_dist/4.2/17/lib/modules
/cheerpj_dist/4.2/17/lib/modules
/cheerpj_dist/4.2/17/lib/modules
/cheerpj_dist/4.2/17/lib/modules
/cheerpj_dist/4.2/17/lib/modules
/cheerpj_dist/4.2/17/lib/modules
/cheerpj_dist/4.2/17/lib/modules
/cheerpj_dist/4.2/17/lib/modules
/cheerpj_dist/4.2/17/lib/modules
/cheerpj_dist/4.2/17/lib/modules
/cheerpj_dist/4.2/17/lib/modules
/cheerpj_dist/4.2/17/lib/modules
/sw.js
/cheerpj_dist/4.2/etc/users
/cheerpj_dist/4.2/etc/localtime
/cheerpj_dist/4.2/17/lib/modules
/cheerpj_dist/4.2/17/lib/modules
/cheerpj_dist/4.2/17/lib/modules
/cheerpj_dist/4.2/17/lib/modules
/cheerpj_dist/4.2/17/lib/modules
/cheerpj_dist/4.2/17/lib/modules
/cheerpj_dist/4.2/17/lib/modules
/cheerpj_dist/4.2/17/lib/modules
/cheerpj_dist/4.2/17/lib/modules
/cheerpj_dist/4.2/17/lib/modules
/cheerpj_dist/4.2/17/lib/modules
/cheerpj_dist/4.2/17/jre/lib/cheerpj-handlers.jar
/cheerpj_dist/4.2/17/lib/modules
/cheerpj_dist/4.2/17/jre/lib/cheerpj-handlers.jar
/cheerpj_dist/4.2/17/jre/lib/cheerpj-awt.jar
/cheerpj_dist/4.2/17/jre/lib/cheerpj-awt.jar
/cheerpj_dist/4.2/17/jre/lib/cheerpj-jsobject.jar
/cheerpj_dist/4.2/17/jre/lib/cheerpj-jsobject.jar
/files/starfarer_obf.jar
/files/fs.common_obf.jar
/files/fs.sound_obf.jar
/files/starfarer.api.jar
/files/json.jar
/files/xstream-1.4.10.jar
/files/log4j-1.2.9.jar
/files/commons-compiler.jar
/files/commons-compiler-jdk.jar
/files/janino.jar
/files/jinput.jar
/files/lwjgl.jar
/files/lwjgl_util.jar
/files/jorbis-0.0.15.jar
/files/jogg-0.0.7.jar
/files//config.jar
/cheerpj_dist/4.2/17/lib/modules
/cheerpj_dist/4.2/17/lib/modules
/cheerpj_dist/4.2/17/lib/modules
/cheerpj_dist/4.2/17/lib/modules
/cheerpj_dist/4.2/17/lib/modules
/cheerpj_dist/4.2/17/lib/modules
/files/starfarer_obf.jar
/files/starfarer_obf.jar
/files/starfarer_obf.jar
/files/starfarer_obf.jar
/files/starfarer_obf.jar
/files/starfarer_obf.jar
/cheerpj_dist/4.2/17/lib/modules
/cheerpj_dist/4.2/17/lib/modules
/cheerpj_dist/4.2/17/lib/modules
/cheerpj_dist/4.2/17/lib/modules
/cheerpj_dist/4.2/17/lib/modules
/cheerpj_dist/4.2/17/lib/modules
/files/fs.common_obf.jar
/files/fs.common_obf.jar
/cheerpj_dist/4.2/17/lib/modules
/files/fs.common_obf.jar
/files/fs.sound_obf.jar
/files/starfarer.api.jar
/files/starfarer.api.jar
/files/starfarer.api.jar
/files/starfarer.api.jar
/files/starfarer.api.jar
/files/json.jar
/files/xstream-1.4.10.jar
/files/xstream-1.4.10.jar
/files/log4j-1.2.9.jar
/files/log4j-1.2.9.jar
/cheerpj_dist/4.2/17/lib/modules
/cheerpj_dist/4.2/17/lib/modules
/files/commons-compiler.jar
/files/commons-compiler-jdk.jar
/files/janino.jar
/files/janino.jar
/files/jinput.jar
/files/jinput.jar
/files/lwjgl.jar
/files/lwjgl.jar
/files/lwjgl.jar
/files/lwjgl_util.jar
/files/lwjgl_util.jar
/files/jorbis-0.0.15.jar
/files/jogg-0.0.7.jar
/files//config.jar
/cheerpj_dist/4.2/17/lib/modules
/cheerpj_dist/4.2/17/lib/modules
/cheerpj_dist/4.2/17/lib/modules
/cheerpj_dist/4.2/17/lib/modules
/cheerpj_dist/4.2/17/lib/modules
/cheerpj_dist/4.2/17/lib/modules
/cheerpj_dist/4.2/17/lib/modules
/cheerpj_dist/4.2/17/lib/modules
/cheerpj_dist/4.2/17/lib/modules
/cheerpj_dist/4.2/17/lib/modules
/cheerpj_dist/4.2/17/conf/security/java.security
/cheerpj_dist/4.2/17/conf/security/java.security
/cheerpj_dist/4.2/17/lib/modules
/files//?/.accessibility.properties
/files/starfarer_obf.jar
/files/starfarer_obf.jar
/files/starfarer_obf.jar
/cheerpj_dist/4.2/17/lib/modules
/cheerpj_dist/4.2/17/lib/modules
/cheerpj_dist/4.2/17/lib/modules
/cheerpj_dist/4.2/17/lib/modules
/cheerpj_dist/4.2/17/lib/modules
/cheerpj_dist/4.2/17/lib/modules
/cheerpj_dist/4.2/17/lib/modules
/files/starfarer_obf.jar
/files/starfarer_obf.jar
/files/starfarer_obf.jar
/files//data/config/settings.json
/files//data/config/settings.json
/files/starfarer.api.jar
/cheerpj_dist/4.2/17/lib/modules
/files//?/.java/.userPrefs
/cheerpj_dist/4.2/17/lib/modules
/files//?/.java/.userPrefs/.userRootModFile.?
/files//?/.java/.userPrefs/com
/files//?/.java/.userPrefs/com/fs
/files//?/.java/.userPrefs/com/fs/starfarer
/files//?/.java/.userPrefs/com/fs/starfarer/prefs.xml
/cheerpj_dist/4.2/17/lib/modules
/cheerpj_dist/4.2/17/lib/modules
/cheerpj_dist/4.2/17/lib/modules
/cheerpj_dist/4.2/17/conf/jaxp.properties
/cheerpj_dist/4.2/17/lib/modules
/cheerpj_dist/4.2/17/lib/modules
/cheerpj_dist/4.2/17/conf/jaxp.properties
/cheerpj_dist/4.2/17/lib/modules
/cheerpj_dist/4.2/17/lib/modules
/cheerpj_dist/4.2/17/lib/modules
/cheerpj_dist/4.2/17/lib/modules
/cheerpj_dist/4.2/17/lib/modules
/cheerpj_dist/4.2/17/lib/modules
/cheerpj_dist/4.2/17/lib/modules
/cheerpj_dist/4.2/17/lib/modules
/cheerpj_dist/4.2/17/lib/modules
/files//?/.java/.userPrefs/com/fs/starfarer/prefs.xml
/cheerpj_dist/4.2/17/lib/modules
/cheerpj_dist/4.2/etc/timezone
/cheerpj_dist/4.2/17/lib/tzdb.dat
/cheerpj_dist/4.2/17/lib/modules
/cheerpj_dist/4.2/17/lib/modules
/cheerpj_dist/4.2/etc/users
/cheerpj_dist/4.2/etc/localtime
/cheerpj_dist/4.2/17/lib/modules
/files/starfarer_obf.jar
/files/starfarer_obf.jar
/cheerpj_dist/4.2/etc/users
/cheerpj_dist/4.2/etc/localtime
/cheerpj_dist/4.2/17/conf/security/java.security
/cheerpj_dist/4.2/etc/users
/cheerpj_dist/4.2/etc/localtime
/cheerpj_dist/4.2/etc/users
/cheerpj_dist/4.2/etc/localtime
/cheerpj_dist/4.2/etc/users
/cheerpj_dist/4.2/etc/localtime
/starsector_v44.html
/cheerpj_dist/4.2/17/lib/modules
/cheerpj_dist/4.2/cj3.wasm
/cheerpj_dist/4.2/c.html
/cheerpj_dist/4.2/cj3n17.wasm
/cheerpj_dist/4.2/17/lib/modules
/cheerpj_dist/4.2/17/lib/modules
/cheerpj_dist/4.2/17/lib/modules
/cheerpj_dist/4.2/17/lib/modules
/cheerpj_dist/4.2/17/lib/modules
/cheerpj_dist/4.2/17/lib/modules
/cheerpj_dist/4.2/17/lib/modules
/cheerpj_dist/4.2/17/lib/modules
/cheerpj_dist/4.2/17/lib/modules
/cheerpj_dist/4.2/17/lib/modules
/cheerpj_dist/4.2/17/lib/modules
/cheerpj_dist/4.2/17/lib/modules
/cheerpj_dist/4.2/17/lib/modules
/cheerpj_dist/4.2/17/lib/modules
/cheerpj_dist/4.2/17/lib/modules
/cheerpj_dist/4.2/17/lib/modules
/cheerpj_dist/4.2/17/lib/modules
/cheerpj_dist/4.2/17/lib/modules
/cheerpj_dist/4.2/17/lib/modules
/cheerpj_dist/4.2/17/lib/modules
/sw.js
/cheerpj_dist/4.2/etc/users
/cheerpj_dist/4.2/etc/localtime
/cheerpj_dist/4.2/17/lib/modules
/cheerpj_dist/4.2/17/lib/modules
/cheerpj_dist/4.2/17/lib/modules
/cheerpj_dist/4.2/17/lib/modules
/cheerpj_dist/4.2/17/lib/modules
/cheerpj_dist/4.2/17/lib/modules
/cheerpj_dist/4.2/17/lib/modules
/cheerpj_dist/4.2/17/lib/modules
/cheerpj_dist/4.2/17/lib/modules
/cheerpj_dist/4.2/17/lib/modules
/cheerpj_dist/4.2/17/jre/lib/cheerpj-handlers.jar
/cheerpj_dist/4.2/17/lib/modules
/cheerpj_dist/4.2/17/lib/modules
/cheerpj_dist/4.2/17/jre/lib/cheerpj-handlers.jar
/cheerpj_dist/4.2/17/jre/lib/cheerpj-awt.jar
/cheerpj_dist/4.2/17/jre/lib/cheerpj-awt.jar
/cheerpj_dist/4.2/17/jre/lib/cheerpj-jsobject.jar
/cheerpj_dist/4.2/17/jre/lib/cheerpj-jsobject.jar
/files/starfarer_obf.jar
/files/fs.common_obf.jar
/files/fs.sound_obf.jar
/files/starfarer.api.jar
/files/json.jar
/files/xstream-1.4.10.jar
/files/log4j-1.2.9.jar
/files/commons-compiler.jar
/files/commons-compiler-jdk.jar
/files/janino.jar
/files/jinput.jar
/files/lwjgl.jar
/files/lwjgl_util.jar
/files/jorbis-0.0.15.jar
/files/jogg-0.0.7.jar
/files//config.jar
/cheerpj_dist/4.2/17/lib/modules
/cheerpj_dist/4.2/17/lib/modules
/cheerpj_dist/4.2/17/lib/modules
/cheerpj_dist/4.2/17/lib/modules
/cheerpj_dist/4.2/17/lib/modules
/cheerpj_dist/4.2/17/lib/modules
/files/starfarer_obf.jar
/files/starfarer_obf.jar
/files/starfarer_obf.jar
/files/starfarer_obf.jar
/files/starfarer_obf.jar
/files/starfarer_obf.jar
/cheerpj_dist/4.2/17/lib/modules
/cheerpj_dist/4.2/17/lib/modules
/cheerpj_dist/4.2/17/lib/modules
/cheerpj_dist/4.2/17/lib/modules
/cheerpj_dist/4.2/17/lib/modules
/cheerpj_dist/4.2/17/lib/modules
/cheerpj_dist/4.2/17/lib/modules
/cheerpj_dist/4.2/17/lib/modules
/files/fs.common_obf.jar
/files/fs.common_obf.jar
/cheerpj_dist/4.2/17/lib/modules
/files/fs.common_obf.jar
/files/fs.sound_obf.jar
/files/starfarer.api.jar
/files/starfarer.api.jar
/files/starfarer.api.jar
/files/starfarer.api.jar
/files/starfarer.api.jar
/files/json.jar
/files/xstream-1.4.10.jar
/files/xstream-1.4.10.jar
/files/xstream-1.4.10.jar
/files/log4j-1.2.9.jar
/files/log4j-1.2.9.jar
/files/log4j-1.2.9.jar
/cheerpj_dist/4.2/17/lib/modules
/cheerpj_dist/4.2/17/lib/modules
/files/commons-compiler.jar
/files/commons-compiler-jdk.jar
/files/janino.jar
/files/janino.jar
/files/janino.jar
/files/jinput.jar
/files/jinput.jar
/files/lwjgl.jar
/files/lwjgl.jar
/files/lwjgl.jar
/files/lwjgl.jar
/files/lwjgl_util.jar
/files/lwjgl_util.jar
/files/jorbis-0.0.15.jar
/files/jogg-0.0.7.jar
/files//config.jar
/cheerpj_dist/4.2/17/lib/modules
/cheerpj_dist/4.2/17/lib/modules
/cheerpj_dist/4.2/17/lib/modules
/cheerpj_dist/4.2/17/lib/modules
/cheerpj_dist/4.2/17/lib/modules
/cheerpj_dist/4.2/17/lib/modules
/cheerpj_dist/4.2/17/lib/modules
/cheerpj_dist/4.2/17/lib/modules
/cheerpj_dist/4.2/17/lib/modules
/cheerpj_dist/4.2/17/lib/modules
/cheerpj_dist/4.2/17/lib/modules
/cheerpj_dist/4.2/17/lib/modules
/cheerpj_dist/4.2/17/conf/security/java.security
/cheerpj_dist/4.2/17/conf/security/java.security
/cheerpj_dist/4.2/17/lib/modules
/files//?/.accessibility.properties
/files/starfarer_obf.jar
/files/starfarer_obf.jar
/files/starfarer_obf.jar
/cheerpj_dist/4.2/17/lib/modules
/cheerpj_dist/4.2/17/lib/modules
/cheerpj_dist/4.2/17/lib/modules
/cheerpj_dist/4.2/17/lib/modules
/cheerpj_dist/4.2/17/lib/modules
/cheerpj_dist/4.2/17/lib/modules
/cheerpj_dist/4.2/17/lib/modules
/files/starfarer_obf.jar
/files/starfarer_obf.jar
/files/starfarer_obf.jar
gs.json
/files//data/config/settings.json
/files/starfarer.api.jar
/cheerpj_dist/4.2/17/lib/modules
/files//?/.java/.userPrefs
/files//?/.java/.userPrefs/.userRootModFile.?
/cheerpj_dist/4.2/17/lib/modules
/files//?/.java/.userPrefs/com
/files//?/.java/.userPrefs/com/fs
/files//?/.java/.userPrefs/com/fs/starfarer
/files//?/.java/.userPrefs/com/fs/starfarer/prefs.xml
/cheerpj_dist/4.2/17/lib/modules
/cheerpj_dist/4.2/17/lib/modules
/cheerpj_dist/4.2/17/lib/modules
/cheerpj_dist/4.2/17/conf/jaxp.properties
/cheerpj_dist/4.2/17/lib/modules
/cheerpj_dist/4.2/17/lib/modules
/cheerpj_dist/4.2/17/conf/jaxp.properties
/cheerpj_dist/4.2/17/lib/modules
/cheerpj_dist/4.2/17/lib/modules
/cheerpj_dist/4.2/17/lib/modules
/cheerpj_dist/4.2/17/lib/modules
/cheerpj_dist/4.2/17/lib/modules
/cheerpj_dist/4.2/17/lib/modules
/cheerpj_dist/4.2/17/lib/modules
/files//?/.java/.userPrefs/com/fs/starfarer/prefs.xml
/cheerpj_dist/4.2/17/lib/modules
/cheerpj_dist/4.2/etc/timezone
/cheerpj_dist/4.2/17/lib/tzdb.dat
/cheerpj_dist/4.2/17/lib/modules
/cheerpj_dist/4.2/17/lib/modules
/cheerpj_dist/4.2/17/lib/modules
/cheerpj_dist/4.2/etc/users
/cheerpj_dist/4.2/etc/localtime
/cheerpj_dist/4.2/17/lib/modules
/files/starfarer_obf.jar
/files/starfarer_obf.jar
/cheerpj_dist/4.2/etc/users
/cheerpj_dist/4.2/etc/localtime
/cheerpj_dist/4.2/17/conf/security/java.security
/cheerpj_dist/4.2/etc/users
/cheerpj_dist/4.2/etc/localtime
/cheerpj_dist/4.2/etc/users
/cheerpj_dist/4.2/etc/localtime
/cheerpj_dist/4.2/etc/users
/cheerpj_dist/4.2/etc/localtime
/starsector_v44.html
/cheerpj_dist/4.2/17/lib/modules
/cheerpj_dist/4.2/cj3.wasm
/cheerpj_dist/4.2/cj3n17.wasm
/cheerpj_dist/4.2/c.html
/cheerpj_dist/4.2/17/lib/modules
/cheerpj_dist/4.2/17/lib/modules
/cheerpj_dist/4.2/17/lib/modules
/cheerpj_dist/4.2/17/lib/modules
/cheerpj_dist/4.2/17/lib/modules
/cheerpj_dist/4.2/17/lib/modules
/cheerpj_dist/4.2/17/lib/modules
/cheerpj_dist/4.2/17/lib/modules
/cheerpj_dist/4.2/17/lib/modules
/cheerpj_dist/4.2/17/lib/modules
/cheerpj_dist/4.2/17/lib/modules
/cheerpj_dist/4.2/17/lib/modules
/cheerpj_dist/4.2/17/lib/modules
/cheerpj_dist/4.2/17/lib/modules
/cheerpj_dist/4.2/17/lib/modules
/cheerpj_dist/4.2/17/lib/modules
/cheerpj_dist/4.2/17/lib/modules
/cheerpj_dist/4.2/17/lib/modules
/cheerpj_dist/4.2/17/lib/modules
/cheerpj_dist/4.2/17/lib/modules
/sw.js
/cheerpj_dist/4.2/etc/users
/cheerpj_dist/4.2/etc/localtime
/cheerpj_dist/4.2/17/lib/modules
/cheerpj_dist/4.2/17/lib/modules
/cheerpj_dist/4.2/17/lib/modules
/cheerpj_dist/4.2/17/lib/modules
/cheerpj_dist/4.2/17/lib/modules
/cheerpj_dist/4.2/17/lib/modules
/cheerpj_dist/4.2/17/lib/modules
/cheerpj_dist/4.2/17/lib/modules
/cheerpj_dist/4.2/17/lib/modules
/cheerpj_dist/4.2/17/lib/modules
/cheerpj_dist/4.2/17/jre/lib/cheerpj-handlers.jar
/cheerpj_dist/4.2/17/lib/modules
/cheerpj_dist/4.2/17/jre/lib/cheerpj-handlers.jar
/cheerpj_dist/4.2/17/jre/lib/cheerpj-awt.jar
/cheerpj_dist/4.2/17/jre/lib/cheerpj-awt.jar
/cheerpj_dist/4.2/17/jre/lib/cheerpj-jsobject.jar
/cheerpj_dist/4.2/17/jre/lib/cheerpj-jsobject.jar
/files/starfarer_obf.jar
/files/fs.common_obf.jar
/files/fs.sound_obf.jar
/files/starfarer.api.jar
/files/json.jar
/files/xstream-1.4.10.jar
/files/log4j-1.2.9.jar
/files/commons-compiler.jar
/files/commons-compiler-jdk.jar
/files/janino.jar
/files/jinput.jar
/files/lwjgl.jar
/files/lwjgl_util.jar
/files/jorbis-0.0.15.jar
/files/jogg-0.0.7.jar
/files//config.jar
/cheerpj_dist/4.2/17/lib/modules
/cheerpj_dist/4.2/17/lib/modules
/cheerpj_dist/4.2/17/lib/modules
/cheerpj_dist/4.2/17/lib/modules
/cheerpj_dist/4.2/17/lib/modules
/cheerpj_dist/4.2/17/lib/modules
/files/starfarer_obf.jar
/files/starfarer_obf.jar
/files/starfarer_obf.jar
/files/starfarer_obf.jar
/files/starfarer_obf.jar
/files/starfarer_obf.jar
/cheerpj_dist/4.2/17/lib/modules
/cheerpj_dist/4.2/17/lib/modules
/cheerpj_dist/4.2/17/lib/modules
/cheerpj_dist/4.2/17/lib/modules
/cheerpj_dist/4.2/17/lib/modules
/cheerpj_dist/4.2/17/lib/modules
/cheerpj_dist/4.2/17/lib/modules
/files/fs.common_obf.jar
/files/fs.common_obf.jar
/cheerpj_dist/4.2/17/lib/modules
/files/fs.common_obf.jar
/files/fs.sound_obf.jar
/files/starfarer.api.jar
/files/starfarer.api.jar
/files/starfarer.api.jar
/files/starfarer.api.jar
/files/starfarer.api.jar
/files/json.jar
/files/xstream-1.4.10.jar
/files/xstream-1.4.10.jar
/files/xstream-1.4.10.jar
/files/log4j-1.2.9.jar
/files/log4j-1.2.9.jar
/files/log4j-1.2.9.jar
/cheerpj_dist/4.2/17/lib/modules
/cheerpj_dist/4.2/17/lib/modules
/files/commons-compiler.jar
/files/commons-compiler-jdk.jar
/files/janino.jar
/files/janino.jar
/files/janino.jar
/files/jinput.jar
/files/jinput.jar
/files/lwjgl.jar
/files/lwjgl.jar
/files/lwjgl.jar
/files/lwjgl.jar
/files/lwjgl_util.jar
/files/lwjgl_util.jar
/files/jorbis-0.0.15.jar
/files/jogg-0.0.7.jar
/files//config.jar
/cheerpj_dist/4.2/17/lib/modules
/cheerpj_dist/4.2/17/lib/modules
/cheerpj_dist/4.2/17/lib/modules
/cheerpj_dist/4.2/17/lib/modules
/cheerpj_dist/4.2/17/lib/modules
/cheerpj_dist/4.2/17/lib/modules
/cheerpj_dist/4.2/17/lib/modules
/cheerpj_dist/4.2/17/lib/modules
/cheerpj_dist/4.2/17/lib/modules
/cheerpj_dist/4.2/17/lib/modules
/cheerpj_dist/4.2/17/lib/modules
/cheerpj_dist/4.2/17/lib/modules
/cheerpj_dist/4.2/17/conf/security/java.security
/cheerpj_dist/4.2/17/conf/security/java.security
/cheerpj_dist/4.2/17/lib/modules
/files//?/.accessibility.properties
/files/starfarer_obf.jar
/files/starfarer_obf.jar
/files/starfarer_obf.jar
/cheerpj_dist/4.2/17/lib/modules
/cheerpj_dist/4.2/17/lib/modules
/cheerpj_dist/4.2/17/lib/modules
/cheerpj_dist/4.2/17/lib/modules
/cheerpj_dist/4.2/17/lib/modules
/cheerpj_dist/4.2/17/lib/modules
/files/starfarer_obf.jar
/files/starfarer_obf.jar
/files//data/config/settings.json
/files/starfarer_obf.jar
/files//data/config/settings.json
/files/starfarer.api.jar
/cheerpj_dist/4.2/17/lib/modules
/files//?/.java/.userPrefs
/files//?/.java/.userPrefs/.userRootModFile.?
/cheerpj_dist/4.2/17/lib/modules
/files//?/.java/.userPrefs/com
/files//?/.java/.userPrefs/com/fs
/files//?/.java/.userPrefs/com/fs/starfarer
/files//?/.java/.userPrefs/com/fs/starfarer/prefs.xml
/cheerpj_dist/4.2/17/lib/modules
/cheerpj_dist/4.2/17/lib/modules
/cheerpj_dist/4.2/17/lib/modules
/cheerpj_dist/4.2/17/conf/jaxp.properties
/cheerpj_dist/4.2/17/lib/modules
/cheerpj_dist/4.2/17/lib/modules
/cheerpj_dist/4.2/17/conf/jaxp.properties
/cheerpj_dist/4.2/17/lib/modules
/cheerpj_dist/4.2/17/lib/modules
/cheerpj_dist/4.2/17/lib/modules
/cheerpj_dist/4.2/17/lib/modules
/cheerpj_dist/4.2/17/lib/modules
/cheerpj_dist/4.2/17/lib/modules
/cheerpj_dist/4.2/17/lib/modules
/cheerpj_dist/4.2/17/lib/modules
/cheerpj_dist/4.2/17/lib/modules
/files//?/.java/.userPrefs/com/fs/starfarer/prefs.xml
/cheerpj_dist/4.2/17/lib/modules
/cheerpj_dist/4.2/etc/timezone
/cheerpj_dist/4.2/17/lib/tzdb.dat
/cheerpj_dist/4.2/17/lib/modules
/cheerpj_dist/4.2/17/lib/modules
/cheerpj_dist/4.2/17/lib/modules
/cheerpj_dist/4.2/etc/users
/cheerpj_dist/4.2/etc/localtime
/cheerpj_dist/4.2/17/lib/modules
/files/starfarer_obf.jar
/files/starfarer_obf.jar
/cheerpj_dist/4.2/etc/users
/cheerpj_dist/4.2/etc/localtime
/cheerpj_dist/4.2/17/conf/security/java.security
/cheerpj_dist/4.2/etc/users
/cheerpj_dist/4.2/etc/localtime
/cheerpj_dist/4.2/etc/users
/cheerpj_dist/4.2/etc/localtime
/cheerpj_dist/4.2/etc/users
/cheerpj_dist/4.2/etc/localtime
/starsector_v44.html
/cheerpj_dist/4.2/17/lib/modules
/cheerpj_dist/4.2/cj3.wasm
/cheerpj_dist/4.2/cj3n17.wasm
/cheerpj_dist/4.2/17/lib/modules
/cheerpj_dist/4.2/17/lib/modules
/cheerpj_dist/4.2/17/lib/modules
/cheerpj_dist/4.2/17/lib/modules
/cheerpj_dist/4.2/17/lib/modules
/cheerpj_dist/4.2/17/lib/modules
/cheerpj_dist/4.2/17/lib/modules
/cheerpj_dist/4.2/17/lib/modules
/cheerpj_dist/4.2/17/lib/modules
/cheerpj_dist/4.2/17/lib/modules
/cheerpj_dist/4.2/17/lib/modules
/cheerpj_dist/4.2/17/lib/modules
/cheerpj_dist/4.2/17/lib/modules
/cheerpj_dist/4.2/17/lib/modules
/cheerpj_dist/4.2/17/lib/modules
/cheerpj_dist/4.2/17/lib/modules
/cheerpj_dist/4.2/17/lib/modules
/cheerpj_dist/4.2/17/lib/modules
/cheerpj_dist/4.2/17/lib/modules
/cheerpj_dist/4.2/17/lib/modules
/sw.js
/cheerpj_dist/4.2/etc/users
/cheerpj_dist/4.2/etc/localtime
/cheerpj_dist/4.2/17/lib/modules
/cheerpj_dist/4.2/17/lib/modules
/cheerpj_dist/4.2/17/lib/modules
/cheerpj_dist/4.2/17/lib/modules
/cheerpj_dist/4.2/17/lib/modules
/cheerpj_dist/4.2/17/lib/modules
/cheerpj_dist/4.2/17/lib/modules
/cheerpj_dist/4.2/17/lib/modules
/cheerpj_dist/4.2/17/lib/modules
/cheerpj_dist/4.2/17/jre/lib/cheerpj-handlers.jar
/cheerpj_dist/4.2/17/lib/modules
/cheerpj_dist/4.2/17/lib/modules
/cheerpj_dist/4.2/17/jre/lib/cheerpj-handlers.jar
/cheerpj_dist/4.2/17/jre/lib/cheerpj-awt.jar
/cheerpj_dist/4.2/17/jre/lib/cheerpj-awt.jar
/cheerpj_dist/4.2/17/jre/lib/cheerpj-jsobject.jar
/cheerpj_dist/4.2/17/jre/lib/cheerpj-jsobject.jar
/files/starfarer_obf.jar
/files/fs.common_obf.jar
/files/fs.sound_obf.jar
/files/starfarer.api.jar
/files/json.jar
/files/xstream-1.4.10.jar
/files/log4j-1.2.9.jar
/files/commons-compiler.jar
/files/commons-compiler-jdk.jar
/files/janino.jar
/files/jinput.jar
/files/lwjgl.jar
/files/lwjgl_util.jar
/files/jorbis-0.0.15.jar
/files/jogg-0.0.7.jar
/files//config.jar
/cheerpj_dist/4.2/17/lib/modules
/cheerpj_dist/4.2/17/lib/modules
/cheerpj_dist/4.2/17/lib/modules
/cheerpj_dist/4.2/17/lib/modules
/cheerpj_dist/4.2/17/lib/modules
/cheerpj_dist/4.2/17/lib/modules
/files/starfarer_obf.jar
/files/starfarer_obf.jar
/files/starfarer_obf.jar
/files/starfarer_obf.jar
/files/starfarer_obf.jar
/files/starfarer_obf.jar
/files/fs.common_obf.jar
/files/fs.common_obf.jar
/files/fs.common_obf.jar
/files/fs.sound_obf.jar
/files/starfarer.api.jar
/files/starfarer.api.jar
/files/starfarer.api.jar
/files/starfarer.api.jar
/files/starfarer.api.jar
/files/json.jar
/files/xstream-1.4.10.jar
/files/xstream-1.4.10.jar
/files/xstream-1.4.10.jar
/files/log4j-1.2.9.jar
/files/log4j-1.2.9.jar
/files/log4j-1.2.9.jar
/files/commons-compiler.jar
/files/commons-compiler-jdk.jar
/files/janino.jar
/files/janino.jar
/files/janino.jar
/cheerpj_dist/4.2/17/lib/modules
/cheerpj_dist/4.2/17/lib/modules
/cheerpj_dist/4.2/17/lib/modules
/cheerpj_dist/4.2/17/lib/modules
/cheerpj_dist/4.2/17/conf/security/java.security
/cheerpj_dist/4.2/17/conf/security/java.security
/cheerpj_dist/4.2/17/lib/modules
/cheerpj_dist/4.2/17/lib/modules
/cheerpj_dist/4.2/17/lib/modules
/cheerpj_dist/4.2/17/lib/modules
/cheerpj_dist/4.2/17/lib/modules
/cheerpj_dist/4.2/17/lib/modules
/cheerpj_dist/4.2/17/lib/modules
/files/janino.jar
/cheerpj_dist/4.2/etc/users
/cheerpj_dist/4.2/etc/localtime
/cheerpj_dist/4.2/17/lib/modules
/cheerpj_dist/4.2/17/lib/modules
/files/jinput.jar
/files/jinput.jar
/files/lwjgl.jar
/files/lwjgl.jar
/files/lwjgl.jar
/files/lwjgl.jar
/files/lwjgl_util.jar
/files/lwjgl_util.jar
/files/jorbis-0.0.15.jar
/files/jogg-0.0.7.jar
/files//config.jar
/files//TestEnv.class
/cheerpj_dist/4.2/17/lib/modules
/cheerpj_dist/4.2/17/lib/modules
/cheerpj_dist/4.2/etc/users
/cheerpj_dist/4.2/etc/localtime
/files/starfarer_obf.jar
/files/starfarer_obf.jar
/cheerpj_dist/4.2/17/lib/modules
/cheerpj_dist/4.2/17/lib/modules
/cheerpj_dist/4.2/17/lib/modules
/cheerpj_dist/4.2/17/lib/modules
/cheerpj_dist/4.2/17/lib/modules
/cheerpj_dist/4.2/17/lib/modules
/cheerpj_dist/4.2/17/lib/modules
/files/starfarer_obf.jar
/files/starfarer_obf.jar
/files/starfarer_obf.jar
/starsector_v44.html
/cheerpj_dist/4.2/17/lib/modules
/cheerpj_dist/4.2/cj3.wasm
/cheerpj_dist/4.2/c.html
/cheerpj_dist/4.2/cj3n17.wasm
/cheerpj_dist/4.2/17/lib/modules
/cheerpj_dist/4.2/17/lib/modules
/cheerpj_dist/4.2/17/lib/modules
/cheerpj_dist/4.2/17/lib/modules
/cheerpj_dist/4.2/17/lib/modules
/cheerpj_dist/4.2/17/lib/modules
/cheerpj_dist/4.2/17/lib/modules
/cheerpj_dist/4.2/17/lib/modules
/cheerpj_dist/4.2/17/lib/modules
/cheerpj_dist/4.2/17/lib/modules
/cheerpj_dist/4.2/17/lib/modules
/cheerpj_dist/4.2/17/lib/modules
/cheerpj_dist/4.2/17/lib/modules
/cheerpj_dist/4.2/17/lib/modules
/cheerpj_dist/4.2/17/lib/modules
/cheerpj_dist/4.2/17/lib/modules
/cheerpj_dist/4.2/17/lib/modules
/cheerpj_dist/4.2/17/lib/modules
/cheerpj_dist/4.2/17/lib/modules
/cheerpj_dist/4.2/17/lib/modules
/sw.js
/cheerpj_dist/4.2/etc/users
/cheerpj_dist/4.2/etc/localtime
/cheerpj_dist/4.2/17/lib/modules
/cheerpj_dist/4.2/17/lib/modules
/cheerpj_dist/4.2/17/lib/modules
/cheerpj_dist/4.2/17/lib/modules
/cheerpj_dist/4.2/17/lib/modules
/cheerpj_dist/4.2/17/lib/modules
/cheerpj_dist/4.2/17/lib/modules
/cheerpj_dist/4.2/17/lib/modules
/cheerpj_dist/4.2/17/lib/modules
/cheerpj_dist/4.2/17/lib/modules
/cheerpj_dist/4.2/17/lib/modules
pj-handlers.jar
/cheerpj_dist/4.2/17/lib/modules
/cheerpj_dist/4.2/17/jre/lib/cheerpj-handlers.jar
/cheerpj_dist/4.2/17/jre/lib/cheerpj-awt.jar
/cheerpj_dist/4.2/17/jre/lib/cheerpj-awt.jar
/cheerpj_dist/4.2/17/jre/lib/cheerpj-jsobject.jar
/cheerpj_dist/4.2/17/jre/lib/cheerpj-jsobject.jar
/files/starfarer_obf.jar
/files/fs.common_obf.jar
/files/fs.sound_obf.jar
/files/starfarer.api.jar
/files/json.jar
/files/xstream-1.4.10.jar
/files/log4j-1.2.9.jar
/files/commons-compiler.jar
/files/commons-compiler-jdk.jar
/files/janino.jar
/files/jinput.jar
/files/lwjgl.jar
/files/lwjgl_util.jar
/files/jorbis-0.0.15.jar
/files/jogg-0.0.7.jar
/files//config.jar
/cheerpj_dist/4.2/17/lib/modules
/cheerpj_dist/4.2/17/lib/modules
/cheerpj_dist/4.2/17/lib/modules
/cheerpj_dist/4.2/17/lib/modules
/cheerpj_dist/4.2/17/lib/modules
/cheerpj_dist/4.2/17/lib/modules
/files/starfarer_obf.jar
/files/starfarer_obf.jar
/files/starfarer_obf.jar
/files/starfarer_obf.jar
/files/starfarer_obf.jar
/files/starfarer_obf.jar
/files/fs.common_obf.jar
/files/fs.common_obf.jar
/files/fs.common_obf.jar
/files/fs.sound_obf.jar
/files/starfarer.api.jar
/files/starfarer.api.jar
/files/starfarer.api.jar
/files/starfarer.api.jar
/files/starfarer.api.jar
/files/json.jar
/files/xstream-1.4.10.jar
/files/xstream-1.4.10.jar
/files/xstream-1.4.10.jar
/files/log4j-1.2.9.jar
/files/log4j-1.2.9.jar
/files/log4j-1.2.9.jar
/files/commons-compiler.jar
/files/commons-compiler-jdk.jar
/files/janino.jar
/files/janino.jar
/cheerpj_dist/4.2/17/lib/modules
/cheerpj_dist/4.2/17/lib/modules
/cheerpj_dist/4.2/17/lib/modules
/cheerpj_dist/4.2/17/lib/modules
/cheerpj_dist/4.2/17/conf/security/java.security
/cheerpj_dist/4.2/17/conf/security/java.security
/cheerpj_dist/4.2/17/lib/modules
/cheerpj_dist/4.2/17/lib/modules
/cheerpj_dist/4.2/17/lib/modules
/cheerpj_dist/4.2/17/lib/modules
/cheerpj_dist/4.2/17/lib/modules
/cheerpj_dist/4.2/17/lib/modules
/cheerpj_dist/4.2/17/lib/modules
/files/janino.jar
/cheerpj_dist/4.2/etc/users
/cheerpj_dist/4.2/etc/localtime
/cheerpj_dist/4.2/17/lib/modules
/cheerpj_dist/4.2/17/lib/modules
/files/jinput.jar
/files/jinput.jar
/files/lwjgl.jar
/files/lwjgl.jar
/files/lwjgl.jar
/files/lwjgl.jar
/files/lwjgl_util.jar
/files/lwjgl_util.jar
/files/jorbis-0.0.15.jar
/files/jogg-0.0.7.jar
/files//config.jar
/files//TestEnv.class
/cheerpj_dist/4.2/17/lib/modules
/cheerpj_dist/4.2/17/lib/modules
/cheerpj_dist/4.2/etc/users
/cheerpj_dist/4.2/etc/localtime
/files/starfarer_obf.jar
/files/starfarer_obf.jar
/cheerpj_dist/4.2/17/lib/modules
/cheerpj_dist/4.2/17/lib/modules
/cheerpj_dist/4.2/17/lib/modules
/cheerpj_dist/4.2/17/lib/modules
/cheerpj_dist/4.2/17/lib/modules
/cheerpj_dist/4.2/17/lib/modules
/cheerpj_dist/4.2/17/lib/modules
/files/starfarer_obf.jar
/files/starfarer_obf.jar
/files/starfarer_obf.jar
/starsector_v44.html
/cheerpj_dist/4.2/17/lib/modules
/cheerpj_dist/4.2/cj3.wasm
/cheerpj_dist/4.2/c.html
/cheerpj_dist/4.2/cj3n17.wasm
/cheerpj_dist/4.2/17/lib/modules
/cheerpj_dist/4.2/17/lib/modules
/cheerpj_dist/4.2/17/lib/modules
/cheerpj_dist/4.2/17/lib/modules
/cheerpj_dist/4.2/17/lib/modules
/cheerpj_dist/4.2/17/lib/modules
/cheerpj_dist/4.2/17/lib/modules
/cheerpj_dist/4.2/17/lib/modules
/cheerpj_dist/4.2/17/lib/modules
/cheerpj_dist/4.2/17/lib/modules
/cheerpj_dist/4.2/17/lib/modules
/cheerpj_dist/4.2/17/lib/modules
/cheerpj_dist/4.2/17/lib/modules
/cheerpj_dist/4.2/17/lib/modules
/cheerpj_dist/4.2/17/lib/modules
/cheerpj_dist/4.2/17/lib/modules
/cheerpj_dist/4.2/17/lib/modules
/cheerpj_dist/4.2/17/lib/modules
/cheerpj_dist/4.2/17/lib/modules
/cheerpj_dist/4.2/17/lib/modules
/sw.js
/cheerpj_dist/4.2/etc/users
/cheerpj_dist/4.2/etc/localtime
/cheerpj_dist/4.2/17/lib/modules
/cheerpj_dist/4.2/17/lib/modules
/cheerpj_dist/4.2/17/lib/modules
/files/data/config/settings.json
/files/data/config/
/cheerpj_dist/4.2/17/lib/modules
/cheerpj_dist/4.2/17/lib/modules
/cheerpj_dist/4.2/17/lib/modules
/cheerpj_dist/4.2/17/lib/modules
/cheerpj_dist/4.2/17/lib/modules
/cheerpj_dist/4.2/17/lib/modules
/cheerpj_dist/4.2/17/lib/modules
/cheerpj_dist/4.2/17/lib/modules
/cheerpj_dist/4.2/17/jre/lib/cheerpj-handlers.jar
/cheerpj_dist/4.2/17/lib/modules
/cheerpj_dist/4.2/17/jre/lib/cheerpj-handlers.jar
/cheerpj_dist/4.2/17/jre/lib/cheerpj-awt.jar
/cheerpj_dist/4.2/17/jre/lib/cheerpj-awt.jar
/cheerpj_dist/4.2/17/jre/lib/cheerpj-jsobject.jar
/cheerpj_dist/4.2/17/jre/lib/cheerpj-jsobject.jar
/files/starfarer_obf.jar
/files/fs.common_obf.jar
/files/fs.sound_obf.jar
/files/starfarer.api.jar
/files/json.jar
/files/xstream-1.4.10.jar
/files/log4j-1.2.9.jar
/files/commons-compiler.jar
/files/commons-compiler-jdk.jar
/files/janino.jar
/files/jinput.jar
/files/lwjgl.jar
/files/lwjgl_util.jar
/files/jorbis-0.0.15.jar
/files/jogg-0.0.7.jar
/files//config.jar
/cheerpj_dist/4.2/17/lib/modules
/cheerpj_dist/4.2/17/lib/modules
/cheerpj_dist/4.2/17/lib/modules
/cheerpj_dist/4.2/17/lib/modules
/cheerpj_dist/4.2/17/lib/modules
/cheerpj_dist/4.2/17/lib/modules
/files/starfarer_obf.jar
/files/starfarer_obf.jar
/files/starfarer_obf.jar
/files/starfarer_obf.jar
/files/starfarer_obf.jar
/files/starfarer_obf.jar
/files/fs.common_obf.jar
/files/fs.common_obf.jar
/files/fs.common_obf.jar
/files/fs.sound_obf.jar
/files/starfarer.api.jar
/files/starfarer.api.jar
/files/starfarer.api.jar
/files/starfarer.api.jar
/files/starfarer.api.jar
/files/json.jar
/files/xstream-1.4.10.jar
/files/xstream-1.4.10.jar
/files/xstream-1.4.10.jar
/files/log4j-1.2.9.jar
/files/log4j-1.2.9.jar
/files/log4j-1.2.9.jar
/files/commons-compiler.jar
/files/commons-compiler-jdk.jar
/files/janino.jar
/files/janino.jar
/files/janino.jar
/cheerpj_dist/4.2/17/lib/modules
/cheerpj_dist/4.2/17/lib/modules
/cheerpj_dist/4.2/17/lib/modules
/cheerpj_dist/4.2/17/lib/modules
/cheerpj_dist/4.2/17/conf/security/java.security
/cheerpj_dist/4.2/17/conf/security/java.security
/cheerpj_dist/4.2/17/lib/modules
/cheerpj_dist/4.2/17/lib/modules
/cheerpj_dist/4.2/17/lib/modules
/cheerpj_dist/4.2/17/lib/modules
/cheerpj_dist/4.2/17/lib/modules
/cheerpj_dist/4.2/17/lib/modules
/cheerpj_dist/4.2/17/lib/modules
/files/janino.jar
/cheerpj_dist/4.2/etc/users
/cheerpj_dist/4.2/etc/localtime
/cheerpj_dist/4.2/17/lib/modules
/cheerpj_dist/4.2/17/lib/modules
/files/jinput.jar
/files/jinput.jar
/files/lwjgl.jar
/files/lwjgl.jar
/files/lwjgl.jar
/files/lwjgl.jar
/files/lwjgl_util.jar
/files/lwjgl_util.jar
/files/jorbis-0.0.15.jar
/files/jogg-0.0.7.jar
/files//config.jar
/files//TestEnv.class
/cheerpj_dist/4.2/17/lib/modules
/cheerpj_dist/4.2/17/lib/modules
/cheerpj_dist/4.2/etc/users
/cheerpj_dist/4.2/etc/localtime
/files/starfarer_obf.jar
/files/starfarer_obf.jar
/cheerpj_dist/4.2/17/lib/modules
/cheerpj_dist/4.2/17/lib/modules
/cheerpj_dist/4.2/17/lib/modules
/cheerpj_dist/4.2/17/lib/modules
/cheerpj_dist/4.2/17/lib/modules
/cheerpj_dist/4.2/17/lib/modules
/cheerpj_dist/4.2/17/lib/modules
/files/starfarer_obf.jar
/files/starfarer_obf.jar
/files/starfarer_obf.jar
/starsector_v44.html
/cheerpj_dist/4.2/17/lib/modules
/cheerpj_dist/4.2/cj3.wasm
/cheerpj_dist/4.2/c.html
/cheerpj_dist/4.2/cj3n17.wasm
/cheerpj_dist/4.2/17/lib/modules
/cheerpj_dist/4.2/17/lib/modules
/cheerpj_dist/4.2/17/lib/modules
/cheerpj_dist/4.2/17/lib/modules
/cheerpj_dist/4.2/17/lib/modules
/cheerpj_dist/4.2/17/lib/modules
/cheerpj_dist/4.2/17/lib/modules
/cheerpj_dist/4.2/17/lib/modules
/cheerpj_dist/4.2/17/lib/modules
/cheerpj_dist/4.2/17/lib/modules
/cheerpj_dist/4.2/17/lib/modules
/cheerpj_dist/4.2/17/lib/modules
/cheerpj_dist/4.2/17/lib/modules
/cheerpj_dist/4.2/17/lib/modules
/cheerpj_dist/4.2/17/lib/modules
/cheerpj_dist/4.2/17/lib/modules
/cheerpj_dist/4.2/17/lib/modules
/cheerpj_dist/4.2/17/lib/modules
/cheerpj_dist/4.2/17/lib/modules
/cheerpj_dist/4.2/17/lib/modules
/sw.js
/cheerpj_dist/4.2/etc/users
/cheerpj_dist/4.2/etc/localtime
/cheerpj_dist/4.2/17/lib/modules
/cheerpj_dist/4.2/17/lib/modules
/cheerpj_dist/4.2/17/lib/modules
/cheerpj_dist/4.2/17/lib/modules
/cheerpj_dist/4.2/17/lib/modules
/cheerpj_dist/4.2/17/lib/modules
/cheerpj_dist/4.2/17/lib/modules
/cheerpj_dist/4.2/17/lib/modules
/cheerpj_dist/4.2/17/lib/modules
/cheerpj_dist/4.2/17/lib/modules
/cheerpj_dist/4.2/17/jre/lib/cheerpj-handlers.jar
/cheerpj_dist/4.2/17/lib/modules
/cheerpj_dist/4.2/17/lib/modules
/cheerpj_dist/4.2/17/jre/lib/cheerpj-handlers.jar
/cheerpj_dist/4.2/17/jre/lib/cheerpj-awt.jar
/cheerpj_dist/4.2/17/jre/lib/cheerpj-awt.jar
/cheerpj_dist/4.2/17/jre/lib/cheerpj-jsobject.jar
/cheerpj_dist/4.2/17/jre/lib/cheerpj-jsobject.jar
/files/starfarer_obf.jar
/files/fs.common_obf.jar
/files/fs.sound_obf.jar
/files/starfarer.api.jar
/files/json.jar
/files/xstream-1.4.10.jar
/files/log4j-1.2.9.jar
/files/commons-compiler.jar
/files/commons-compiler-jdk.jar
/files/janino.jar
/files/jinput.jar
/files/lwjgl.jar
/files/lwjgl_util.jar
/files/jorbis-0.0.15.jar
/files/jogg-0.0.7.jar
/files//config.jar
/cheerpj_dist/4.2/17/lib/modules
/cheerpj_dist/4.2/17/lib/modules
/cheerpj_dist/4.2/17/lib/modules
/cheerpj_dist/4.2/17/lib/modules
/cheerpj_dist/4.2/17/lib/modules
/cheerpj_dist/4.2/17/lib/modules
/files/starfarer_obf.jar
/files/starfarer_obf.jar
/files/starfarer_obf.jar
/files/starfarer_obf.jar
/files/starfarer_obf.jar
/files/starfarer_obf.jar
/files/fs.common_obf.jar
/files/fs.common_obf.jar
/files/fs.common_obf.jar
/files/fs.sound_obf.jar
/files/starfarer.api.jar
/files/starfarer.api.jar
/files/starfarer.api.jar
/files/starfarer.api.jar
/files/starfarer.api.jar
/files/json.jar
/files/xstream-1.4.10.jar
/files/xstream-1.4.10.jar
/files/xstream-1.4.10.jar
/files/log4j-1.2.9.jar
/files/log4j-1.2.9.jar
/files/log4j-1.2.9.jar
/files/commons-compiler.jar
/files/commons-compiler-jdk.jar
/files/janino.jar
/files/janino.jar
/files/janino.jar
/cheerpj_dist/4.2/17/lib/modules
/cheerpj_dist/4.2/17/lib/modules
/cheerpj_dist/4.2/17/lib/modules
/cheerpj_dist/4.2/17/lib/modules
/cheerpj_dist/4.2/17/conf/security/java.security
/cheerpj_dist/4.2/17/conf/security/java.security
/cheerpj_dist/4.2/17/lib/modules
/cheerpj_dist/4.2/17/lib/modules
/cheerpj_dist/4.2/17/lib/modules
/cheerpj_dist/4.2/17/lib/modules
/cheerpj_dist/4.2/17/lib/modules
/cheerpj_dist/4.2/17/lib/modules
/cheerpj_dist/4.2/17/lib/modules
/files/janino.jar
/cheerpj_dist/4.2/etc/users
/cheerpj_dist/4.2/etc/localtime
/cheerpj_dist/4.2/17/lib/modules
/cheerpj_dist/4.2/17/lib/modules
/files/jinput.jar
/files/jinput.jar
/files/lwjgl.jar
/files/lwjgl.jar
/files/lwjgl.jar
/files/lwjgl.jar
/files/lwjgl_util.jar
/files/lwjgl_util.jar
/files/jorbis-0.0.15.jar
/files/jogg-0.0.7.jar
/files//config.jar
/files//TestEnv.class
/cheerpj_dist/4.2/17/lib/modules
/cheerpj_dist/4.2/17/lib/modules
/cheerpj_dist/4.2/etc/users
/cheerpj_dist/4.2/etc/localtime
/files/starfarer_obf.jar
/files/starfarer_obf.jar
/cheerpj_dist/4.2/17/lib/modules
/cheerpj_dist/4.2/17/lib/modules
/cheerpj_dist/4.2/17/lib/modules
/cheerpj_dist/4.2/17/lib/modules
/cheerpj_dist/4.2/17/lib/modules
/cheerpj_dist/4.2/17/lib/modules
/cheerpj_dist/4.2/17/lib/modules
/files/starfarer_obf.jar
/files/starfarer_obf.jar
/files/starfarer_obf.jar
/starsector_v44.html
/cheerpj_dist/4.2/17/lib/modules
/cheerpj_dist/4.2/cj3.wasm
/cheerpj_dist/4.2/c.html
/cheerpj_dist/4.2/cj3n17.wasm
/cheerpj_dist/4.2/17/lib/modules
/cheerpj_dist/4.2/17/lib/modules
/cheerpj_dist/4.2/17/lib/modules
/cheerpj_dist/4.2/17/lib/modules
/cheerpj_dist/4.2/17/lib/modules
/cheerpj_dist/4.2/17/lib/modules
/cheerpj_dist/4.2/17/lib/modules
/cheerpj_dist/4.2/17/lib/modules
/cheerpj_dist/4.2/17/lib/modules
/cheerpj_dist/4.2/17/lib/modules
/cheerpj_dist/4.2/17/lib/modules
/cheerpj_dist/4.2/17/lib/modules
/cheerpj_dist/4.2/17/lib/modules
/cheerpj_dist/4.2/17/lib/modules
/cheerpj_dist/4.2/17/lib/modules
/cheerpj_dist/4.2/17/lib/modules
/cheerpj_dist/4.2/17/lib/modules
/cheerpj_dist/4.2/17/lib/modules
/cheerpj_dist/4.2/17/lib/modules
/sw.js
/cheerpj_dist/4.2/17/lib/modules
/cheerpj_dist/4.2/etc/users
/cheerpj_dist/4.2/etc/localtime
/cheerpj_dist/4.2/17/lib/modules
/cheerpj_dist/4.2/17/lib/modules
/cheerpj_dist/4.2/17/lib/modules
/cheerpj_dist/4.2/17/lib/modules
/cheerpj_dist/4.2/17/lib/modules
/cheerpj_dist/4.2/17/lib/modules
/cheerpj_dist/4.2/17/lib/modules
/cheerpj_dist/4.2/17/lib/modules
/cheerpj_dist/4.2/17/lib/modules
/cheerpj_dist/4.2/17/lib/modules
/cheerpj_dist/4.2/17/jre/lib/cheerpj-handlers.jar
/cheerpj_dist/4.2/17/lib/modules
/cheerpj_dist/4.2/17/lib/modules
/cheerpj_dist/4.2/17/jre/lib/cheerpj-handlers.jar
/cheerpj_dist/4.2/17/jre/lib/cheerpj-awt.jar
/cheerpj_dist/4.2/17/jre/lib/cheerpj-awt.jar
/cheerpj_dist/4.2/17/jre/lib/cheerpj-jsobject.jar
/cheerpj_dist/4.2/17/jre/lib/cheerpj-jsobject.jar
/files/starfarer_obf.jar
/files/fs.common_obf.jar
/files/fs.sound_obf.jar
/files/starfarer.api.jar
/files/json.jar
/files/xstream-1.4.10.jar
/files/log4j-1.2.9.jar
/files/commons-compiler.jar
/files/commons-compiler-jdk.jar
/files/janino.jar
/files/jinput.jar
/files/lwjgl.jar
/files/lwjgl_util.jar
/files/jorbis-0.0.15.jar
/files/jogg-0.0.7.jar
/files//config.jar
/cheerpj_dist/4.2/17/lib/modules
/cheerpj_dist/4.2/17/lib/modules
/cheerpj_dist/4.2/17/lib/modules
/cheerpj_dist/4.2/17/lib/modules
/cheerpj_dist/4.2/17/lib/modules
/cheerpj_dist/4.2/17/lib/modules
/files/starfarer_obf.jar
/files/starfarer_obf.jar
/files/starfarer_obf.jar
/files/starfarer_obf.jar
/files/starfarer_obf.jar
/files/fs.common_obf.jar
/files/fs.common_obf.jar
/files/fs.common_obf.jar
/files/fs.sound_obf.jar
/files/starfarer.api.jar
/files/starfarer.api.jar
/files/starfarer.api.jar
/files/starfarer.api.jar
/files/starfarer.api.jar
/files/json.jar
/files/xstream-1.4.10.jar
/files/xstream-1.4.10.jar
/files/xstream-1.4.10.jar
/files/log4j-1.2.9.jar
/files/log4j-1.2.9.jar
/files/log4j-1.2.9.jar
/files/commons-compiler.jar
/files/commons-compiler-jdk.jar
/files/janino.jar
/files/janino.jar
/files/janino.jar
/cheerpj_dist/4.2/17/lib/modules
/cheerpj_dist/4.2/17/lib/modules
/cheerpj_dist/4.2/17/lib/modules
/cheerpj_dist/4.2/17/lib/modules
/cheerpj_dist/4.2/17/conf/security/java.security
/cheerpj_dist/4.2/17/conf/security/java.security
/cheerpj_dist/4.2/17/lib/modules
/cheerpj_dist/4.2/17/lib/modules
/cheerpj_dist/4.2/17/lib/modules
/cheerpj_dist/4.2/17/lib/modules
/cheerpj_dist/4.2/17/lib/modules
/cheerpj_dist/4.2/17/lib/modules
/cheerpj_dist/4.2/17/lib/modules
/files/janino.jar
/cheerpj_dist/4.2/etc/users
/cheerpj_dist/4.2/etc/localtime
/cheerpj_dist/4.2/17/lib/modules
/cheerpj_dist/4.2/17/lib/modules
/files/jinput.jar
/files/jinput.jar
/files/lwjgl.jar
/files/lwjgl.jar
/files/lwjgl.jar
/files/lwjgl.jar
/files/lwjgl_util.jar
/files/lwjgl_util.jar
/files/jorbis-0.0.15.jar
/files/jogg-0.0.7.jar
/files//config.jar
/files//TestEnv.class
/cheerpj_dist/4.2/17/lib/modules
/cheerpj_dist/4.2/17/lib/modules
/cheerpj_dist/4.2/etc/users
/cheerpj_dist/4.2/etc/localtime
/files/starfarer_obf.jar
/files/starfarer_obf.jar
/cheerpj_dist/4.2/17/lib/modules
/cheerpj_dist/4.2/17/lib/modules
/cheerpj_dist/4.2/17/lib/modules
/cheerpj_dist/4.2/17/lib/modules
/cheerpj_dist/4.2/17/lib/modules
/cheerpj_dist/4.2/17/lib/modules
/cheerpj_dist/4.2/17/lib/modules
/files/starfarer_obf.jar
/files/starfarer_obf.jar
/files/starfarer_obf.jar
/starsector_v44.html
/sw.js
/starsector_v44.html
/cheerpj_dist/4.2/cj3.wasm
/cheerpj_dist/4.2/c.html
/cheerpj_dist/4.2/cj3n17.wasm
/cheerpj_dist/4.2/17/lib/modules
/cheerpj_dist/4.2/17/lib/modules
/cheerpj_dist/4.2/17/lib/modules
/cheerpj_dist/4.2/17/lib/modules
/cheerpj_dist/4.2/17/lib/modules
/cheerpj_dist/4.2/17/lib/modules
/cheerpj_dist/4.2/17/lib/modules
/cheerpj_dist/4.2/17/lib/modules
/cheerpj_dist/4.2/17/lib/modules
/cheerpj_dist/4.2/17/lib/modules
/cheerpj_dist/4.2/17/lib/modules
/cheerpj_dist/4.2/17/lib/modules
/cheerpj_dist/4.2/17/lib/modules
/cheerpj_dist/4.2/17/lib/modules
/sw.js
/cheerpj_dist/4.2/17/lib/modules
/cheerpj_dist/4.2/17/lib/modules
/cheerpj_dist/4.2/17/lib/modules
/cheerpj_dist/4.2/17/lib/modules
/cheerpj_dist/4.2/17/lib/modules
/cheerpj_dist/4.2/17/lib/modules
/cheerpj_dist/4.2/etc/users
/cheerpj_dist/4.2/etc/localtime
/cheerpj_dist/4.2/17/lib/modules
/cheerpj_dist/4.2/17/lib/modules
/cheerpj_dist/4.2/17/lib/modules
/cheerpj_dist/4.2/17/lib/modules
/cheerpj_dist/4.2/17/lib/modules
/cheerpj_dist/4.2/17/lib/modules
/cheerpj_dist/4.2/17/lib/modules
/cheerpj_dist/4.2/17/lib/modules
/cheerpj_dist/4.2/17/lib/modules
/cheerpj_dist/4.2/17/lib/modules
/cheerpj_dist/4.2/17/jre/lib/cheerpj-handlers.jar
/cheerpj_dist/4.2/17/lib/modules
/cheerpj_dist/4.2/17/lib/modules
/cheerpj_dist/4.2/17/jre/lib/cheerpj-handlers.jar
/cheerpj_dist/4.2/17/jre/lib/cheerpj-awt.jar
/cheerpj_dist/4.2/17/jre/lib/cheerpj-awt.jar
/cheerpj_dist/4.2/17/jre/lib/cheerpj-jsobject.jar
/cheerpj_dist/4.2/17/jre/lib/cheerpj-jsobject.jar
/files/starfarer_obf.jar
/files/fs.common_obf.jar
/files/fs.sound_obf.jar
/files/starfarer.api.jar
/files/json.jar
/files/xstream-1.4.10.jar
/files/log4j-1.2.9.jar
/files/commons-compiler.jar
/files/commons-compiler-jdk.jar
/files/janino.jar
/files/jinput.jar
/files/lwjgl.jar
/files/lwjgl_util.jar
/files/jorbis-0.0.15.jar
/files/jogg-0.0.7.jar
/files//config.jar
/cheerpj_dist/4.2/17/lib/modules
/cheerpj_dist/4.2/17/lib/modules
/cheerpj_dist/4.2/17/lib/modules
/cheerpj_dist/4.2/17/lib/modules
/cheerpj_dist/4.2/17/lib/modules
/cheerpj_dist/4.2/17/lib/modules
/files/starfarer_obf.jar
/files/starfarer_obf.jar
/files/starfarer_obf.jar
/files/starfarer_obf.jar
/files/starfarer_obf.jar
/files/starfarer_obf.jar
/files/starfarer_obf.jar
/files/starfarer_obf.jar
/files/fs.common_obf.jar
/files/fs.common_obf.jar
/files/fs.common_obf.jar
/cheerpj_dist/4.2/17/lib/modules
/cheerpj_dist/4.2/17/lib/modules
/cheerpj_dist/4.2/17/lib/modules
/cheerpj_dist/4.2/17/lib/modules
/files/fs.sound_obf.jar
/files/starfarer.api.jar
/files/starfarer.api.jar
/files/starfarer.api.jar
/files/starfarer.api.jar
/files/starfarer.api.jar
/files/json.jar
/files/xstream-1.4.10.jar
/files/xstream-1.4.10.jar
/files/xstream-1.4.10.jar
/files/log4j-1.2.9.jar
/files/log4j-1.2.9.jar
/files/log4j-1.2.9.jar
/cheerpj_dist/4.2/17/lib/modules
/cheerpj_dist/4.2/17/lib/modules
/files/commons-compiler.jar
/files/commons-compiler-jdk.jar
/files/janino.jar
/files/janino.jar
/files/janino.jar
/files/jinput.jar
/files/jinput.jar
/files/lwjgl.jar
/files/lwjgl.jar
/files/lwjgl.jar
/files/lwjgl.jar
/files/lwjgl_util.jar
/files/lwjgl_util.jar
/files/jorbis-0.0.15.jar
/files/jogg-0.0.7.jar
/files//config.jar
/cheerpj_dist/4.2/17/lib/modules
/cheerpj_dist/4.2/17/lib/modules
/cheerpj_dist/4.2/17/lib/modules
/cheerpj_dist/4.2/17/lib/modules
/cheerpj_dist/4.2/17/lib/modules
/cheerpj_dist/4.2/17/lib/modules
/cheerpj_dist/4.2/17/lib/modules
/files/starfarer_obf.jar
/files/starfarer_obf.jar
/files/starfarer_obf.jar
/starsector_v44.html
/cheerpj_dist/4.2/cj3.wasm
/cheerpj_dist/4.2/c.html
/cheerpj_dist/4.2/cj3n17.wasm
/cheerpj_dist/4.2/17/lib/modules
/cheerpj_dist/4.2/17/lib/modules
/cheerpj_dist/4.2/17/lib/modules
/cheerpj_dist/4.2/17/lib/modules
/cheerpj_dist/4.2/17/lib/modules
/cheerpj_dist/4.2/17/lib/modules
/cheerpj_dist/4.2/17/lib/modules
/cheerpj_dist/4.2/17/lib/modules
/cheerpj_dist/4.2/17/lib/modules
/sw.js
/cheerpj_dist/4.2/17/lib/modules
/cheerpj_dist/4.2/17/lib/modules
/cheerpj_dist/4.2/17/lib/modules
/cheerpj_dist/4.2/17/lib/modules
/cheerpj_dist/4.2/17/lib/modules
/cheerpj_dist/4.2/17/lib/modules
/cheerpj_dist/4.2/17/lib/modules
/cheerpj_dist/4.2/17/lib/modules
/cheerpj_dist/4.2/17/lib/modules
/cheerpj_dist/4.2/17/lib/modules
/cheerpj_dist/4.2/17/lib/modules
/cheerpj_dist/4.2/etc/users
/cheerpj_dist/4.2/etc/localtime
/cheerpj_dist/4.2/17/lib/modules
/cheerpj_dist/4.2/17/lib/modules
/cheerpj_dist/4.2/17/lib/modules
/cheerpj_dist/4.2/17/lib/modules
/cheerpj_dist/4.2/17/lib/modules
/cheerpj_dist/4.2/17/lib/modules
/cheerpj_dist/4.2/17/lib/modules
/cheerpj_dist/4.2/17/lib/modules
/cheerpj_dist/4.2/17/lib/modules
/cheerpj_dist/4.2/17/lib/modules
/cheerpj_dist/4.2/17/jre/lib/cheerpj-handlers.jar
/cheerpj_dist/4.2/17/lib/modules
/cheerpj_dist/4.2/17/lib/modules
/cheerpj_dist/4.2/17/jre/lib/cheerpj-handlers.jar
/cheerpj_dist/4.2/17/jre/lib/cheerpj-awt.jar
/cheerpj_dist/4.2/17/jre/lib/cheerpj-awt.jar
/cheerpj_dist/4.2/17/jre/lib/cheerpj-jsobject.jar
/cheerpj_dist/4.2/17/jre/lib/cheerpj-jsobject.jar
/files/starfarer_obf.jar
/files/fs.common_obf.jar
/files/fs.sound_obf.jar
/files/starfarer.api.jar
/files/json.jar
/files/xstream-1.4.10.jar
/files/log4j-1.2.9.jar
/files/commons-compiler.jar
/files/commons-compiler-jdk.jar
/files/janino.jar
/files/jinput.jar
/files/lwjgl.jar
/files/lwjgl_util.jar
/files/jorbis-0.0.15.jar
/files/jogg-0.0.7.jar
/files//config.jar
/cheerpj_dist/4.2/17/lib/modules
/cheerpj_dist/4.2/17/lib/modules
/cheerpj_dist/4.2/17/lib/modules
/cheerpj_dist/4.2/17/lib/modules
/cheerpj_dist/4.2/17/lib/modules
/cheerpj_dist/4.2/17/lib/modules
/files/starfarer_obf.jar
/files/starfarer_obf.jar
/files/starfarer_obf.jar
/files/starfarer_obf.jar
/files/starfarer_obf.jar
/files/starfarer_obf.jar
/files/starfarer_obf.jar
/files/starfarer_obf.jar
/files/fs.common_obf.jar
/files/fs.common_obf.jar
/files/fs.common_obf.jar
/cheerpj_dist/4.2/17/lib/modules
/cheerpj_dist/4.2/17/lib/modules
/cheerpj_dist/4.2/17/lib/modules
/files/fs.sound_obf.jar
/cheerpj_dist/4.2/17/lib/modules
/files/starfarer.api.jar
/files/starfarer.api.jar
/files/starfarer.api.jar
/files/starfarer.api.jar
/files/starfarer.api.jar
/files/json.jar
/files/xstream-1.4.10.jar
/files/xstream-1.4.10.jar
/files/xstream-1.4.10.jar
/files/log4j-1.2.9.jar
/files/log4j-1.2.9.jar
/files/log4j-1.2.9.jar
/cheerpj_dist/4.2/17/lib/modules
/cheerpj_dist/4.2/17/lib/modules
/files/commons-compiler.jar
/files/commons-compiler-jdk.jar
/files/janino.jar
/files/janino.jar
/files/janino.jar
/files/jinput.jar
/files/jinput.jar
/files/lwjgl.jar
/files/lwjgl.jar
/files/lwjgl.jar
/files/lwjgl.jar
/files/lwjgl_util.jar
/files/lwjgl_util.jar
/files/jorbis-0.0.15.jar
/files/jogg-0.0.7.jar
/files//config.jar
/cheerpj_dist/4.2/17/lib/modules
/cheerpj_dist/4.2/17/lib/modules
/cheerpj_dist/4.2/17/lib/modules
/cheerpj_dist/4.2/17/lib/modules
/cheerpj_dist/4.2/17/lib/modules
/cheerpj_dist/4.2/17/lib/modules
/cheerpj_dist/4.2/17/lib/modules
/files/starfarer_obf.jar
/files/starfarer_obf.jar
/files/starfarer_obf.jar
/starsector_v44.html
/cheerpj_dist/4.2/cj3.wasm
/cheerpj_dist/4.2/c.html
/cheerpj_dist/4.2/cj3n17.wasm
/cheerpj_dist/4.2/17/lib/modules
/cheerpj_dist/4.2/17/lib/modules
/cheerpj_dist/4.2/17/lib/modules
/cheerpj_dist/4.2/17/lib/modules
/cheerpj_dist/4.2/17/lib/modules
/cheerpj_dist/4.2/17/lib/modules
/cheerpj_dist/4.2/17/lib/modules
/cheerpj_dist/4.2/17/lib/modules
/cheerpj_dist/4.2/17/lib/modules
/cheerpj_dist/4.2/17/lib/modules
/cheerpj_dist/4.2/17/lib/modules
/cheerpj_dist/4.2/17/lib/modules
/sw.js
/cheerpj_dist/4.2/17/lib/modules
/cheerpj_dist/4.2/17/lib/modules
/cheerpj_dist/4.2/17/lib/modules
/cheerpj_dist/4.2/17/lib/modules
/cheerpj_dist/4.2/17/lib/modules
/cheerpj_dist/4.2/17/lib/modules
/cheerpj_dist/4.2/17/lib/modules
/cheerpj_dist/4.2/17/lib/modules
/cheerpj_dist/4.2/etc/users
/cheerpj_dist/4.2/etc/localtime
/cheerpj_dist/4.2/17/lib/modules
/cheerpj_dist/4.2/17/lib/modules
/cheerpj_dist/4.2/17/lib/modules
/cheerpj_dist/4.2/17/lib/modules
/cheerpj_dist/4.2/17/lib/modules
/cheerpj_dist/4.2/17/lib/modules
/cheerpj_dist/4.2/17/lib/modules
/cheerpj_dist/4.2/17/lib/modules
/cheerpj_dist/4.2/17/lib/modules
/cheerpj_dist/4.2/17/lib/modules
/cheerpj_dist/4.2/17/jre/lib/cheerpj-handlers.jar
/cheerpj_dist/4.2/17/lib/modules
/cheerpj_dist/4.2/17/lib/modules
/cheerpj_dist/4.2/17/jre/lib/cheerpj-handlers.jar
/cheerpj_dist/4.2/17/jre/lib/cheerpj-awt.jar
/cheerpj_dist/4.2/17/jre/lib/cheerpj-awt.jar
/cheerpj_dist/4.2/17/jre/lib/cheerpj-jsobject.jar
/cheerpj_dist/4.2/17/jre/lib/cheerpj-jsobject.jar
/files/starfarer_obf.jar
/files/fs.common_obf.jar
/files/fs.sound_obf.jar
/files/starfarer.api.jar
/files/json.jar
/files/xstream-1.4.10.jar
/files/log4j-1.2.9.jar
/files/commons-compiler.jar
/files/commons-compiler-jdk.jar
/files/janino.jar
/files/jinput.jar
/files/lwjgl.jar
/files/lwjgl_util.jar
/files/jorbis-0.0.15.jar
/files/jogg-0.0.7.jar
/files//config.jar
/cheerpj_dist/4.2/17/lib/modules
/cheerpj_dist/4.2/17/lib/modules
/cheerpj_dist/4.2/17/lib/modules
/cheerpj_dist/4.2/17/lib/modules
/cheerpj_dist/4.2/17/lib/modules
/cheerpj_dist/4.2/17/lib/modules
/files/starfarer_obf.jar
/files/starfarer_obf.jar
/files/starfarer_obf.jar
/files/starfarer_obf.jar
/files/starfarer_obf.jar
/files/starfarer_obf.jar
/files/starfarer_obf.jar
/files/starfarer_obf.jar
/files/fs.common_obf.jar
/files/fs.common_obf.jar
/files/fs.common_obf.jar
/cheerpj_dist/4.2/17/lib/modules
/cheerpj_dist/4.2/17/lib/modules
/cheerpj_dist/4.2/17/lib/modules
/files/fs.sound_obf.jar
/cheerpj_dist/4.2/17/lib/modules
/files/starfarer.api.jar
/files/starfarer.api.jar
/files/starfarer.api.jar
/files/starfarer.api.jar
/files/starfarer.api.jar
/files/json.jar
/files/xstream-1.4.10.jar
/files/xstream-1.4.10.jar
/files/xstream-1.4.10.jar
/files/log4j-1.2.9.jar
/files/log4j-1.2.9.jar
/files/log4j-1.2.9.jar
/cheerpj_dist/4.2/17/lib/modules
/cheerpj_dist/4.2/17/lib/modules
/files/commons-compiler.jar
/files/commons-compiler-jdk.jar
/files/janino.jar
/files/janino.jar
/files/janino.jar
/files/jinput.jar
/files/jinput.jar
/files/lwjgl.jar
/files/lwjgl.jar
/files/lwjgl.jar
/files/lwjgl.jar
/files/lwjgl_util.jar
/files/lwjgl_util.jar
/files/jorbis-0.0.15.jar
/files/jogg-0.0.7.jar
/files//config.jar
/cheerpj_dist/4.2/17/lib/modules
/cheerpj_dist/4.2/17/lib/modules
/cheerpj_dist/4.2/17/lib/modules
/cheerpj_dist/4.2/17/lib/modules
/cheerpj_dist/4.2/17/lib/modules
/cheerpj_dist/4.2/17/lib/modules
/cheerpj_dist/4.2/17/lib/modules
/files/starfarer_obf.jar
/files/starfarer_obf.jar
/files/starfarer_obf.jar
/starsector_v44.html
/cheerpj_dist/4.2/cj3.wasm
/cheerpj_dist/4.2/c.html
/cheerpj_dist/4.2/cj3n17.wasm
/cheerpj_dist/4.2/17/lib/modules
/cheerpj_dist/4.2/17/lib/modules
/cheerpj_dist/4.2/17/lib/modules
/cheerpj_dist/4.2/17/lib/modules
/cheerpj_dist/4.2/17/lib/modules
/cheerpj_dist/4.2/17/lib/modules
/cheerpj_dist/4.2/17/lib/modules
/cheerpj_dist/4.2/17/lib/modules
/cheerpj_dist/4.2/17/lib/modules
/cheerpj_dist/4.2/17/lib/modules
/cheerpj_dist/4.2/17/lib/modules
/cheerpj_dist/4.2/17/lib/modules
/cheerpj_dist/4.2/17/lib/modules
/cheerpj_dist/4.2/17/lib/modules
/cheerpj_dist/4.2/17/lib/modules
/cheerpj_dist/4.2/17/lib/modules
/cheerpj_dist/4.2/17/lib/modules
/cheerpj_dist/4.2/17/lib/modules
/cheerpj_dist/4.2/17/lib/modules
/cheerpj_dist/4.2/17/lib/modules
/sw.js
/cheerpj_dist/4.2/etc/users
/cheerpj_dist/4.2/etc/localtime
/cheerpj_dist/4.2/17/lib/modules
/cheerpj_dist/4.2/17/lib/modules
/cheerpj_dist/4.2/17/lib/modules
/cheerpj_dist/4.2/17/lib/modules
/cheerpj_dist/4.2/17/lib/modules
/cheerpj_dist/4.2/17/lib/modules
/cheerpj_dist/4.2/17/lib/modules
/cheerpj_dist/4.2/17/lib/modules
/cheerpj_dist/4.2/17/lib/modules
/cheerpj_dist/4.2/17/jre/lib/cheerpj-handlers.jar
/cheerpj_dist/4.2/17/lib/modules
/cheerpj_dist/4.2/17/jre/lib/cheerpj-handlers.jar
/cheerpj_dist/4.2/17/jre/lib/cheerpj-awt.jar
/cheerpj_dist/4.2/17/jre/lib/cheerpj-awt.jar
/cheerpj_dist/4.2/17/jre/lib/cheerpj-jsobject.jar
/cheerpj_dist/4.2/17/jre/lib/cheerpj-jsobject.jar
/files/starfarer_obf.jar
/files/fs.common_obf.jar
/files/fs.sound_obf.jar
/files/starfarer.api.jar
/files/json.jar
/files/xstream-1.4.10.jar
/files/log4j-1.2.9.jar
/files/commons-compiler.jar
/files/commons-compiler-jdk.jar
/files/janino.jar
/files/jinput.jar
/files/lwjgl.jar
/files/lwjgl_util.jar
/files/jorbis-0.0.15.jar
/files/jogg-0.0.7.jar
/files//config.jar
/cheerpj_dist/4.2/17/lib/modules
/cheerpj_dist/4.2/17/lib/modules
/cheerpj_dist/4.2/17/lib/modules
/cheerpj_dist/4.2/17/lib/modules
/cheerpj_dist/4.2/17/lib/modules
/cheerpj_dist/4.2/17/lib/modules
/files//com/fs/starfarer/combat/CombatMain.class
/files/starfarer_obf.jar
/files/starfarer_obf.jar
/files/starfarer_obf.jar
/files/starfarer_obf.jar
/files/starfarer_obf.jar
/files/starfarer_obf.jar
/files/starfarer_obf.jar
/files/starfarer_obf.jar
/files//com/fs/util/DoNotObfuscate.class
/files/fs.common_obf.jar
/files/fs.common_obf.jar
/files/fs.common_obf.jar
/cheerpj_dist/4.2/17/lib/modules
/cheerpj_dist/4.2/17/lib/modules
/cheerpj_dist/4.2/17/lib/modules
/cheerpj_dist/4.2/17/lib/modules
ass
/files/fs.sound_obf.jar
/files/starfarer.api.jar
/files/starfarer.api.jar
/files/starfarer.api.jar
/files/starfarer.api.jar
/files/starfarer.api.jar
/files/json.jar
/files/xstream-1.4.10.jar
/files/xstream-1.4.10.jar
/files/xstream-1.4.10.jar
/files/log4j-1.2.9.jar
/files/log4j-1.2.9.jar
/files/log4j-1.2.9.jar
/files//org/apache/log4j/Category.class
/files//org/apache/log4j/spi/AppenderAttachable.class
/files//org/apache/log4j/Level.class
/files//org/apache/log4j/Priority.class
/files//org/apache/log4j/LogManager.class
/files//org/apache/log4j/Hierarchy.class
/files//org/apache/log4j/spi/LoggerRepository.class
/files//org/apache/log4j/spi/RendererSupport.class
/files//org/apache/log4j/spi/RootLogger.class
/files//org/apache/log4j/or/RendererMap.class
/cheerpj_dist/4.2/17/lib/modules
/files//org/apache/log4j/or/DefaultRenderer.class
/files//org/apache/log4j/or/ObjectRenderer.class
/files//org/apache/log4j/DefaultCategoryFactory.class
/files//org/apache/log4j/spi/LoggerFactory.class
/files//org/apache/log4j/spi/DefaultRepositorySelector.class
/files//org/apache/log4j/spi/RepositorySelector.class
/files//org/apache/log4j/helpers/OptionConverter.class
/files//org/apache/log4j/helpers/Loader.class
/cheerpj_dist/4.2/17/lib/modules
/files//org/apache/log4j/helpers/LogLog.class
/files//log4j.xml
/files//org/apache/log4j/spi/Configurator.class
/files//org/apache/log4j/xml/DOMConfigurator.class
/cheerpj_dist/4.2/17/lib/modules
/cheerpj_dist/4.2/17/lib/modules
/cheerpj_dist/4.2/17/lib/modules
/cheerpj_dist/4.2/17/lib/modules
/cheerpj_dist/4.2/17/lib/modules
/cheerpj_dist/4.2/17/conf/jaxp.properties
/files//META-INF/services/javax.xml.parsers.DocumentBuilderFactory
/files/commons-compiler.jar
/files/commons-compiler-jdk.jar
/files/janino.jar
/files/janino.jar
/files/janino.jar
/files/jinput.jar
/files/jinput.jar
/files/lwjgl.jar
/files/lwjgl.jar
/files/lwjgl.jar
/files/lwjgl.jar
/files/lwjgl_util.jar
/files/lwjgl_util.jar
/files/jorbis-0.0.15.jar
/files/jogg-0.0.7.jar
/files//config.jar
/files//META-INF/services/javax.xml.parsers.DocumentBuilderFactory
/cheerpj_dist/4.2/17/lib/modules
/cheerpj_dist/4.2/17/lib/modules
/cheerpj_dist/4.2/17/conf/jaxp.properties
/cheerpj_dist/4.2/17/lib/modules
/cheerpj_dist/4.2/17/lib/modules
/cheerpj_dist/4.2/17/lib/modules
/cheerpj_dist/4.2/17/lib/modules
/cheerpj_dist/4.2/17/lib/modules
/cheerpj_dist/4.2/17/lib/modules
/cheerpj_dist/4.2/17/lib/modules
/cheerpj_dist/4.2/17/lib/modules
/files//org/apache/log4j/xml/SAXErrorHandler.class
/files//org/apache/log4j/xml/Log4jEntityResolver.class
/files//log4j.xml
/cheerpj_dist/4.2/17/lib/modules
/files//org/apache/log4j/xml/log4j.dtd
/files//org/apache/log4j/config/PropertySetter.class
/files//org/apache/log4j/Appender.class
/files//org/apache/log4j/ConsoleAppender.class
/files//org/apache/log4j/WriterAppender.class
/files//org/apache/log4j/AppenderSkeleton.class
/files//org/apache/log4j/spi/OptionHandler.class
/files//org/apache/log4j/Layout.class
/files//org/apache/log4j/helpers/OnlyOnceErrorHandler.class
/files//org/apache/log4j/spi/ErrorHandler.class
/files//org/apache/log4j/PatternLayout.class
/files//org/apache/log4j/helpers/PatternParser.class
/files//org/apache/log4j/helpers/FormattingInfo.class
/files//org/apache/log4j/helpers/PatternParser$BasicPatternConverter.class
/files//org/apache/log4j/helpers/PatternConverter.class
/files//org/apache/log4j/helpers/PatternParser$LiteralPatternConverter.class
/files//org/apache/log4j/config/PropertySetterException.class
/cheerpj_dist/4.2/17/lib/modules
/cheerpj_dist/4.2/17/lib/modules
/files//org/apache/log4j/PatternLayoutBeanInfo.class
/cheerpj_dist/4.2/17/lib/modules
/files//org/apache/log4j/PatternLayoutBeanInfo.class
/files//org/apache/log4j/LayoutBeanInfo.class
/files//org/apache/log4j/LayoutBeanInfo.class
/cheerpj_dist/4.2/17/lib/modules
/cheerpj_dist/4.2/17/lib/modules
/files//org/apache/log4j/LayoutCustomizer.class
/files//org/apache/log4j/LayoutCustomizer.class
/files//org/apache/log4j/spi/LoggingEvent.class
/files//org/apache/log4j/PatternLayoutCustomizer.class
/files//org/apache/log4j/PatternLayoutCustomizer.class
/files//org/apache/log4j/helpers/ISO8601DateFormat.class
/files//org/apache/log4j/helpers/AbsoluteTimeDateFormat.class
/cheerpj_dist/4.2/etc/timezone
/cheerpj_dist/4.2/17/lib/tzdb.dat
/files//org/apache/log4j/helpers/QuietWriter.class
/files//org/apache/log4j/helpers/AppenderAttachableImpl.class
/files//org/apache/log4j/CategoryKey.class
/files//org/apache/log4j/ProvisionNode.class
/files//com/fs/starfarer/settings/StarfarerSettings.class
/files/starfarer_obf.jar
/files/starfarer_obf.jar
/files//com/fs/graphics/A/ooOOOOOOOOOOOOOOOOOOOOOOOOOOOOOOOOOOOOOOOOOOOOOOOOOOOOOOOOOOOOOOOOOOOOOOOOOOOOOOOOOOOOOOOOOOOOOOOOOOOOOOOOOOOOOOOOOOOOOOOOOOOOOOOOOOOOOOOOOOOOOOOOOOOOOOOOOOOOOOOOOOOOOOOOOOOOOOOOOOOOOOOOOOOOOOOOOOOOOOOOOOOOOOOOOOOOOOOOOOOOOOOOOOOOOOOOOOOOOOOOOOOOOOOOOOOOOO.class
/files//com/fs/starfarer/settings/A.class
/files/starfarer_obf.jar
/files//org/json/JSONObject.class
/files//org/json/JSONObject$Null.class
/starsector_v44.html
/cheerpj_dist/4.2/cj3.wasm
/cheerpj_dist/4.2/c.html
/cheerpj_dist/4.2/cj3n17.wasm
/cheerpj_dist/4.2/17/lib/modules
/cheerpj_dist/4.2/17/lib/modules
/cheerpj_dist/4.2/17/lib/modules
/cheerpj_dist/4.2/17/lib/modules
/cheerpj_dist/4.2/17/lib/modules
/cheerpj_dist/4.2/17/lib/modules
/cheerpj_dist/4.2/17/lib/modules
/cheerpj_dist/4.2/17/lib/modules
/cheerpj_dist/4.2/17/lib/modules
/cheerpj_dist/4.2/17/lib/modules
/cheerpj_dist/4.2/17/lib/modules
/cheerpj_dist/4.2/17/lib/modules
/sw.js
/cheerpj_dist/4.2/17/lib/modules
/cheerpj_dist/4.2/17/lib/modules
/cheerpj_dist/4.2/17/lib/modules
/cheerpj_dist/4.2/17/lib/modules
/cheerpj_dist/4.2/17/lib/modules
/cheerpj_dist/4.2/17/lib/modules
/cheerpj_dist/4.2/17/lib/modules
/cheerpj_dist/4.2/17/lib/modules
/cheerpj_dist/4.2/etc/users
/cheerpj_dist/4.2/etc/localtime
/cheerpj_dist/4.2/17/lib/modules
/cheerpj_dist/4.2/17/lib/modules
/cheerpj_dist/4.2/17/lib/modules
/cheerpj_dist/4.2/17/lib/modules
/cheerpj_dist/4.2/17/lib/modules
/cheerpj_dist/4.2/17/lib/modules
/cheerpj_dist/4.2/17/lib/modules
/cheerpj_dist/4.2/17/lib/modules
/cheerpj_dist/4.2/17/lib/modules
/cheerpj_dist/4.2/17/lib/modules
/cheerpj_dist/4.2/17/lib/modules
/cheerpj_dist/4.2/17/jre/lib/cheerpj-handlers.jar
/cheerpj_dist/4.2/17/lib/modules
/cheerpj_dist/4.2/17/jre/lib/cheerpj-handlers.jar
/cheerpj_dist/4.2/17/jre/lib/cheerpj-awt.jar
/cheerpj_dist/4.2/17/jre/lib/cheerpj-awt.jar
/cheerpj_dist/4.2/17/jre/lib/cheerpj-jsobject.jar
/cheerpj_dist/4.2/17/jre/lib/cheerpj-jsobject.jar
/files/starfarer_obf.jar
/files/fs.common_obf.jar
/files/fs.sound_obf.jar
/files/starfarer.api.jar
/files/json.jar
/files/xstream-1.4.10.jar
/files/log4j-1.2.9.jar
/files/commons-compiler.jar
/files/commons-compiler-jdk.jar
/files/janino.jar
/files/jinput.jar
/files/lwjgl.jar
/files/lwjgl_util.jar
/files/jorbis-0.0.15.jar
/files/jogg-0.0.7.jar
/files//config.jar
/cheerpj_dist/4.2/17/lib/modules
/cheerpj_dist/4.2/17/lib/modules
/cheerpj_dist/4.2/17/lib/modules
/cheerpj_dist/4.2/17/lib/modules
/cheerpj_dist/4.2/17/lib/modules
/cheerpj_dist/4.2/17/lib/modules
/files//com/fs/starfarer/combat/CombatMain.class
/files/starfarer_obf.jar
/files/starfarer_obf.jar
/files/starfarer_obf.jar
/files/starfarer_obf.jar
/files/starfarer_obf.jar
/files/starfarer_obf.jar
/files/starfarer_obf.jar
/files/starfarer_obf.jar
/files//com/fs/util/DoNotObfuscate.class
/files/fs.common_obf.jar
/files/fs.common_obf.jar
/files/fs.common_obf.jar
/cheerpj_dist/4.2/17/lib/modules
/cheerpj_dist/4.2/17/lib/modules
/cheerpj_dist/4.2/17/lib/modules
/cheerpj_dist/4.2/17/lib/modules
/files//org/apache/log4j/Logger.class
/files/fs.sound_obf.jar
/files/starfarer.api.jar
/files/starfarer.api.jar
/files/starfarer.api.jar
/files/starfarer.api.jar
/files/starfarer.api.jar
/files/json.jar
/files/xstream-1.4.10.jar
/files/xstream-1.4.10.jar
/files/xstream-1.4.10.jar
/files/log4j-1.2.9.jar
/files/log4j-1.2.9.jar
/files//org/apache/log4j/Category.class
/files//org/apache/log4j/spi/AppenderAttachable.class
/files//org/apache/log4j/Level.class
/files//org/apache/log4j/Priority.class
/files//org/apache/log4j/LogManager.class
/files//org/apache/log4j/Hierarchy.class
/files//org/apache/log4j/spi/LoggerRepository.class
/files//org/apache/log4j/spi/RendererSupport.class
/files//org/apache/log4j/spi/RootLogger.class
/files//org/apache/log4j/or/RendererMap.class
/cheerpj_dist/4.2/17/lib/modules
/files//org/apache/log4j/or/DefaultRenderer.class
/files//org/apache/log4j/or/ObjectRenderer.class
/files//org/apache/log4j/DefaultCategoryFactory.class
/files//org/apache/log4j/spi/LoggerFactory.class
/files//org/apache/log4j/spi/DefaultRepositorySelector.class
/files//org/apache/log4j/spi/RepositorySelector.class
/files//org/apache/log4j/helpers/OptionConverter.class
/files//org/apache/log4j/helpers/Loader.class
/cheerpj_dist/4.2/17/lib/modules
/files//org/apache/log4j/helpers/LogLog.class
/files//log4j.xml
/files//org/apache/log4j/spi/Configurator.class
/files//org/apache/log4j/xml/DOMConfigurator.class
/cheerpj_dist/4.2/17/lib/modules
/cheerpj_dist/4.2/17/lib/modules
/cheerpj_dist/4.2/17/lib/modules
/cheerpj_dist/4.2/17/lib/modules
/cheerpj_dist/4.2/17/lib/modules
/cheerpj_dist/4.2/17/conf/jaxp.properties
/files//META-INF/services/javax.xml.parsers.DocumentBuilderFactory
/files/commons-compiler.jar
/files/commons-compiler-jdk.jar
/files/janino.jar
/files/janino.jar
/files/janino.jar
/files/jinput.jar
/files/jinput.jar
/files/lwjgl.jar
/files/lwjgl.jar
/files/lwjgl.jar
/files/lwjgl.jar
/files/lwjgl_util.jar
/files/lwjgl_util.jar
/files/jorbis-0.0.15.jar
/files/jogg-0.0.7.jar
/files//config.jar
/files//META-INF/services/javax.xml.parsers.DocumentBuilderFactory
/cheerpj_dist/4.2/17/lib/modules
/cheerpj_dist/4.2/17/lib/modules
/cheerpj_dist/4.2/17/conf/jaxp.properties
/cheerpj_dist/4.2/17/lib/modules
/cheerpj_dist/4.2/17/lib/modules
/cheerpj_dist/4.2/17/lib/modules
/cheerpj_dist/4.2/17/lib/modules
/cheerpj_dist/4.2/17/lib/modules
/cheerpj_dist/4.2/17/lib/modules
/cheerpj_dist/4.2/17/lib/modules
/cheerpj_dist/4.2/17/lib/modules
/files//org/apache/log4j/xml/SAXErrorHandler.class
/files//org/apache/log4j/xml/Log4jEntityResolver.class
/files//log4j.xml
/cheerpj_dist/4.2/17/lib/modules
/files//org/apache/log4j/xml/log4j.dtd
/files//org/apache/log4j/config/PropertySetter.class
/files//org/apache/log4j/Appender.class
/files//org/apache/log4j/ConsoleAppender.class
/files//org/apache/log4j/WriterAppender.class
/files//org/apache/log4j/AppenderSkeleton.class
/files//org/apache/log4j/spi/OptionHandler.class
/files//org/apache/log4j/Layout.class
/files//org/apache/log4j/helpers/OnlyOnceErrorHandler.class
/files//org/apache/log4j/spi/ErrorHandler.class
/files//org/apache/log4j/PatternLayout.class
/files//org/apache/log4j/helpers/PatternParser.class
/files//org/apache/log4j/helpers/FormattingInfo.class
/files//org/apache/log4j/helpers/PatternParser$BasicPatternConverter.class
/files//org/apache/log4j/helpers/PatternConverter.class
/files//org/apache/log4j/helpers/PatternParser$LiteralPatternConverter.class
/files//org/apache/log4j/config/PropertySetterException.class
/cheerpj_dist/4.2/17/lib/modules
/cheerpj_dist/4.2/17/lib/modules
/files//org/apache/log4j/PatternLayoutBeanInfo.class
/cheerpj_dist/4.2/17/lib/modules
/files//org/apache/log4j/PatternLayoutBeanInfo.class
/files//org/apache/log4j/LayoutBeanInfo.class
/files//org/apache/log4j/LayoutBeanInfo.class
/cheerpj_dist/4.2/17/lib/modules
/cheerpj_dist/4.2/17/lib/modules
/files//org/apache/log4j/LayoutCustomizer.class
/files//org/apache/log4j/LayoutCustomizer.class
/files//org/apache/log4j/spi/LoggingEvent.class
/files//org/apache/log4j/PatternLayoutCustomizer.class
/files//org/apache/log4j/PatternLayoutCustomizer.class
/files//org/apache/log4j/helpers/ISO8601DateFormat.class
/files//org/apache/log4j/helpers/AbsoluteTimeDateFormat.class
/cheerpj_dist/4.2/etc/timezone
/cheerpj_dist/4.2/17/lib/tzdb.dat
/files//org/apache/log4j/helpers/QuietWriter.class
/files//org/apache/log4j/helpers/AppenderAttachableImpl.class
/files//org/apache/log4j/CategoryKey.class
/files//org/apache/log4j/ProvisionNode.class
/files//com/fs/starfarer/settings/StarfarerSettings.class
/files/starfarer_obf.jar
/files/starfarer_obf.jar
/files//com/fs/graphics/A/ooOOOOOOOOOOOOOOOOOOOOOOOOOOOOOOOOOOOOOOOOOOOOOOOOOOOOOOOOOOOOOOOOOOOOOOOOOOOOOOOOOOOOOOOOOOOOOOOOOOOOOOOOOOOOOOOOOOOOOOOOOOOOOOOOOOOOOOOOOOOOOOOOOOOOOOOOOOOOOOOOOOOOOOOOOOOOOOOOOOOOOOOOOOOOOOOOOOOOOOOOOOOOOOOOOOOOOOOOOOOOOOOOOOOOOOOOOOOOOOOOOOOOOOOOOOOOOO.class
/files//com/fs/starfarer/settings/A.class
/files/starfarer_obf.jar
/files//org/json/JSONObject.class
/files//org/json/JSONObject$Null.class
/starsector_v44.html
/cheerpj_dist/4.2/cj3.wasm
/cheerpj_dist/4.2/c.html
/cheerpj_dist/4.2/cj3n17.wasm
/cheerpj_dist/4.2/17/lib/modules
/cheerpj_dist/4.2/17/lib/modules
/cheerpj_dist/4.2/17/lib/modules
/cheerpj_dist/4.2/17/lib/modules
/cheerpj_dist/4.2/17/lib/modules
/cheerpj_dist/4.2/17/lib/modules
/cheerpj_dist/4.2/17/lib/modules
/cheerpj_dist/4.2/17/lib/modules
/cheerpj_dist/4.2/17/lib/modules
/cheerpj_dist/4.2/17/lib/modules
/cheerpj_dist/4.2/17/lib/modules
/sw.js
/cheerpj_dist/4.2/17/lib/modules
/cheerpj_dist/4.2/17/lib/modules
/cheerpj_dist/4.2/17/lib/modules
/cheerpj_dist/4.2/17/lib/modules
/cheerpj_dist/4.2/17/lib/modules
/cheerpj_dist/4.2/17/lib/modules
/cheerpj_dist/4.2/17/lib/modules
/cheerpj_dist/4.2/17/lib/modules
/cheerpj_dist/4.2/etc/users
/cheerpj_dist/4.2/etc/localtime
/cheerpj_dist/4.2/17/lib/modules
/cheerpj_dist/4.2/17/lib/modules
/cheerpj_dist/4.2/17/lib/modules
/cheerpj_dist/4.2/17/lib/modules
/cheerpj_dist/4.2/17/lib/modules
/cheerpj_dist/4.2/17/lib/modules
/cheerpj_dist/4.2/17/lib/modules
/cheerpj_dist/4.2/17/lib/modules
/cheerpj_dist/4.2/17/lib/modules
/cheerpj_dist/4.2/17/lib/modules
/cheerpj_dist/4.2/17/jre/lib/cheerpj-handlers.jar
/cheerpj_dist/4.2/17/lib/modules
/cheerpj_dist/4.2/17/jre/lib/cheerpj-handlers.jar
/cheerpj_dist/4.2/17/jre/lib/cheerpj-awt.jar
/cheerpj_dist/4.2/17/jre/lib/cheerpj-awt.jar
/cheerpj_dist/4.2/17/jre/lib/cheerpj-jsobject.jar
/cheerpj_dist/4.2/17/jre/lib/cheerpj-jsobject.jar
/files/starfarer_obf.jar
/files/fs.common_obf.jar
/files/fs.sound_obf.jar
/files/starfarer.api.jar
/files/json.jar
/files/xstream-1.4.10.jar
/files/log4j-1.2.9.jar
/files/commons-compiler.jar
/files/commons-compiler-jdk.jar
/files/janino.jar
/files/jinput.jar
/files/lwjgl.jar
/files/lwjgl_util.jar
/files/jorbis-0.0.15.jar
/files/jogg-0.0.7.jar
/files//config.jar
/cheerpj_dist/4.2/17/lib/modules
/cheerpj_dist/4.2/17/lib/modules
/cheerpj_dist/4.2/17/lib/modules
/cheerpj_dist/4.2/17/lib/modules
/cheerpj_dist/4.2/17/lib/modules
/cheerpj_dist/4.2/17/lib/modules
/files//com/fs/starfarer/combat/CombatMain.class
/files/starfarer_obf.jar
/files/starfarer_obf.jar
/files/starfarer_obf.jar
/files/starfarer_obf.jar
/files/starfarer_obf.jar
/files/starfarer_obf.jar
/files/starfarer_obf.jar
/files/starfarer_obf.jar
/files//com/fs/util/DoNotObfuscate.class
/files/fs.common_obf.jar
/files/fs.common_obf.jar
/files/fs.common_obf.jar
/cheerpj_dist/4.2/17/lib/modules
/cheerpj_dist/4.2/17/lib/modules
/cheerpj_dist/4.2/17/lib/modules
/cheerpj_dist/4.2/17/lib/modules
/files//org/apache/log4j/Logger.class
/files/fs.sound_obf.jar
/files/starfarer.api.jar
/files/starfarer.api.jar
/files/starfarer.api.jar
/files/starfarer.api.jar
/files/starfarer.api.jar
/files/json.jar
/files/xstream-1.4.10.jar
/files/xstream-1.4.10.jar
/files/xstream-1.4.10.jar
/files/log4j-1.2.9.jar
/files/log4j-1.2.9.jar
/files/log4j-1.2.9.jar
/files//org/apache/log4j/Category.class
/files//org/apache/log4j/spi/AppenderAttachable.class
/files//org/apache/log4j/Level.class
/files//org/apache/log4j/Priority.class
/files//org/apache/log4j/LogManager.class
/files//org/apache/log4j/Hierarchy.class
/files//org/apache/log4j/spi/LoggerRepository.class
/files//org/apache/log4j/spi/RendererSupport.class
/files//org/apache/log4j/spi/RootLogger.class
/files//org/apache/log4j/or/RendererMap.class
/cheerpj_dist/4.2/17/lib/modules
/files//org/apache/log4j/or/DefaultRenderer.class
/files//org/apache/log4j/or/ObjectRenderer.class
/files//org/apache/log4j/DefaultCategoryFactory.class
/files//org/apache/log4j/spi/LoggerFactory.class
/files//org/apache/log4j/spi/DefaultRepositorySelector.class
/files//org/apache/log4j/spi/RepositorySelector.class
/files//org/apache/log4j/helpers/OptionConverter.class
/files//org/apache/log4j/helpers/Loader.class
/cheerpj_dist/4.2/17/lib/modules
/files//org/apache/log4j/helpers/LogLog.class
/files//log4j.xml
/files//org/apache/log4j/spi/Configurator.class
/files//org/apache/log4j/xml/DOMConfigurator.class
/cheerpj_dist/4.2/17/lib/modules
/cheerpj_dist/4.2/17/lib/modules
/cheerpj_dist/4.2/17/lib/modules
/cheerpj_dist/4.2/17/lib/modules
/cheerpj_dist/4.2/17/lib/modules
/cheerpj_dist/4.2/17/conf/jaxp.properties
/files//META-INF/services/javax.xml.parsers.DocumentBuilderFactory
/files/commons-compiler.jar
/files/commons-compiler-jdk.jar
/files/janino.jar
/files/janino.jar
/files/janino.jar
/files/jinput.jar
/files/jinput.jar
/files/lwjgl.jar
/files/lwjgl.jar
/files/lwjgl.jar
/files/lwjgl.jar
/files/lwjgl_util.jar
/files/lwjgl_util.jar
/files/jorbis-0.0.15.jar
/files/jogg-0.0.7.jar
/files//config.jar
/files//META-INF/services/javax.xml.parsers.DocumentBuilderFactory
/cheerpj_dist/4.2/17/lib/modules
/cheerpj_dist/4.2/17/lib/modules
/cheerpj_dist/4.2/17/conf/jaxp.properties
/cheerpj_dist/4.2/17/lib/modules
/cheerpj_dist/4.2/17/lib/modules
/cheerpj_dist/4.2/17/lib/modules
/cheerpj_dist/4.2/17/lib/modules
/cheerpj_dist/4.2/17/lib/modules
/cheerpj_dist/4.2/17/lib/modules
/cheerpj_dist/4.2/17/lib/modules
/cheerpj_dist/4.2/17/lib/modules
/cheerpj_dist/4.2/17/lib/modules
/files//org/apache/log4j/xml/SAXErrorHandler.class
/files//org/apache/log4j/xml/Log4jEntityResolver.class
/files//log4j.xml
/cheerpj_dist/4.2/17/lib/modules
/files//org/apache/log4j/xml/log4j.dtd
/files//org/apache/log4j/config/PropertySetter.class
/files//org/apache/log4j/Appender.class
/files//org/apache/log4j/ConsoleAppender.class
/files//org/apache/log4j/WriterAppender.class
/files//org/apache/log4j/AppenderSkeleton.class
/files//org/apache/log4j/spi/OptionHandler.class
/files//org/apache/log4j/Layout.class
/files//org/apache/log4j/helpers/OnlyOnceErrorHandler.class
/files//org/apache/log4j/spi/ErrorHandler.class
/files//org/apache/log4j/PatternLayout.class
/files//org/apache/log4j/helpers/PatternParser.class
/files//org/apache/log4j/helpers/FormattingInfo.class
/files//org/apache/log4j/helpers/PatternParser$BasicPatternConverter.class
/files//org/apache/log4j/helpers/PatternConverter.class
/files//org/apache/log4j/helpers/PatternParser$LiteralPatternConverter.class
/files//org/apache/log4j/config/PropertySetterException.class
/cheerpj_dist/4.2/17/lib/modules
/cheerpj_dist/4.2/17/lib/modules
/files//org/apache/log4j/PatternLayoutBeanInfo.class
/cheerpj_dist/4.2/17/lib/modules
/files//org/apache/log4j/PatternLayoutBeanInfo.class
/files//org/apache/log4j/LayoutBeanInfo.class
/files//org/apache/log4j/LayoutBeanInfo.class
/cheerpj_dist/4.2/17/lib/modules
/cheerpj_dist/4.2/17/lib/modules
/files//org/apache/log4j/LayoutCustomizer.class
/files//org/apache/log4j/LayoutCustomizer.class
/files//org/apache/log4j/spi/LoggingEvent.class
/files//org/apache/log4j/PatternLayoutCustomizer.class
/files//org/apache/log4j/PatternLayoutCustomizer.class
/files//org/apache/log4j/helpers/ISO8601DateFormat.class
/files//org/apache/log4j/helpers/AbsoluteTimeDateFormat.class
/cheerpj_dist/4.2/etc/timezone
/cheerpj_dist/4.2/17/lib/tzdb.dat
/files//org/apache/log4j/helpers/QuietWriter.class
/files//org/apache/log4j/helpers/AppenderAttachableImpl.class
/files//org/apache/log4j/CategoryKey.class
/files//org/apache/log4j/ProvisionNode.class
/files//com/fs/starfarer/settings/StarfarerSettings.class
/files/starfarer_obf.jar
/files/starfarer_obf.jar
/files//com/fs/graphics/A/ooOOOOOOOOOOOOOOOOOOOOOOOOOOOOOOOOOOOOOOOOOOOOOOOOOOOOOOOOOOOOOOOOOOOOOOOOOOOOOOOOOOOOOOOOOOOOOOOOOOOOOOOOOOOOOOOOOOOOOOOOOOOOOOOOOOOOOOOOOOOOOOOOOOOOOOOOOOOOOOOOOOOOOOOOOOOOOOOOOOOOOOOOOOOOOOOOOOOOOOOOOOOOOOOOOOOOOOOOOOOOOOOOOOOOOOOOOOOOOOOOOOOOOOOOOOOOOO.class
/files//com/fs/starfarer/settings/A.class
/files//org/json/JSONObject.class
/files/starfarer_obf.jar
/files//org/json/JSONObject$Null.class
/starsector_v44.html
/cheerpj_dist/4.2/cj3.wasm
/cheerpj_dist/4.2/c.html
/cheerpj_dist/4.2/cj3n17.wasm
/cheerpj_dist/4.2/17/lib/modules
/cheerpj_dist/4.2/17/lib/modules
/cheerpj_dist/4.2/17/lib/modules
/cheerpj_dist/4.2/17/lib/modules
/cheerpj_dist/4.2/17/lib/modules
/cheerpj_dist/4.2/17/lib/modules
/cheerpj_dist/4.2/17/lib/modules
/cheerpj_dist/4.2/17/lib/modules
/cheerpj_dist/4.2/17/lib/modules
/cheerpj_dist/4.2/17/lib/modules
/cheerpj_dist/4.2/17/lib/modules
/cheerpj_dist/4.2/17/lib/modules
/cheerpj_dist/4.2/17/lib/modules
/cheerpj_dist/4.2/17/lib/modules
/cheerpj_dist/4.2/17/lib/modules
/cheerpj_dist/4.2/17/lib/modules
/cheerpj_dist/4.2/17/lib/modules
/cheerpj_dist/4.2/17/lib/modules
/cheerpj_dist/4.2/17/lib/modules
/cheerpj_dist/4.2/17/lib/modules
/sw.js
/cheerpj_dist/4.2/etc/users
/cheerpj_dist/4.2/etc/localtime
/cheerpj_dist/4.2/17/lib/modules
/cheerpj_dist/4.2/17/lib/modules
/cheerpj_dist/4.2/17/lib/modules
/cheerpj_dist/4.2/17/lib/modules
/cheerpj_dist/4.2/17/lib/modules
/cheerpj_dist/4.2/17/lib/modules
/cheerpj_dist/4.2/17/lib/modules
/cheerpj_dist/4.2/17/lib/modules
/cheerpj_dist/4.2/17/lib/modules
/cheerpj_dist/4.2/17/lib/modules
/cheerpj_dist/4.2/17/lib/modules
/cheerpj_dist/4.2/17/jre/lib/cheerpj-handlers.jar
/cheerpj_dist/4.2/17/lib/modules
/cheerpj_dist/4.2/17/jre/lib/cheerpj-handlers.jar
/cheerpj_dist/4.2/17/jre/lib/cheerpj-awt.jar
/cheerpj_dist/4.2/17/jre/lib/cheerpj-awt.jar
/cheerpj_dist/4.2/17/jre/lib/cheerpj-jsobject.jar
/cheerpj_dist/4.2/17/jre/lib/cheerpj-jsobject.jar
/files/starfarer_obf.jar
/files/fs.common_obf.jar
/files/fs.sound_obf.jar
/files/starfarer.api.jar
/files/json.jar
/files/xstream-1.4.10.jar
/files/log4j-1.2.9.jar
/files/commons-compiler.jar
/files/commons-compiler-jdk.jar
/files/janino.jar
/files/jinput.jar
/files/lwjgl.jar
/files/lwjgl_util.jar
/files/jorbis-0.0.15.jar
/files/jogg-0.0.7.jar
/files//config.jar
/cheerpj_dist/4.2/17/lib/modules
/cheerpj_dist/4.2/17/lib/modules
/cheerpj_dist/4.2/17/lib/modules
/cheerpj_dist/4.2/17/lib/modules
/cheerpj_dist/4.2/17/lib/modules
/cheerpj_dist/4.2/17/lib/modules
/files//com/fs/starfarer/combat/CombatMain.class
/files/starfarer_obf.jar
/files/starfarer_obf.jar
/files/starfarer_obf.jar
/files/starfarer_obf.jar
/files/starfarer_obf.jar
/files/starfarer_obf.jar
/files/starfarer_obf.jar
/files/starfarer_obf.jar
/files//com/fs/util/DoNotObfuscate.class
/files/fs.common_obf.jar
/files/fs.common_obf.jar
/files/fs.common_obf.jar
/cheerpj_dist/4.2/17/lib/modules
/cheerpj_dist/4.2/17/lib/modules
/cheerpj_dist/4.2/17/lib/modules
/files//org/apache/log4j/Logger.class
/cheerpj_dist/4.2/17/lib/modules
/files/fs.sound_obf.jar
/files/starfarer.api.jar
/files/starfarer.api.jar
/files/starfarer.api.jar
/files/starfarer.api.jar
/files/starfarer.api.jar
/files/json.jar
/files/xstream-1.4.10.jar
/files/xstream-1.4.10.jar
/files/xstream-1.4.10.jar
/files/log4j-1.2.9.jar
/files/log4j-1.2.9.jar
/files/log4j-1.2.9.jar
/files//org/apache/log4j/Category.class
/files//org/apache/log4j/spi/AppenderAttachable.class
/files//org/apache/log4j/Level.class
/files//org/apache/log4j/Priority.class
/files//org/apache/log4j/LogManager.class
/files//org/apache/log4j/Hierarchy.class
/files//org/apache/log4j/spi/LoggerRepository.class
/files//org/apache/log4j/spi/RendererSupport.class
/files//org/apache/log4j/spi/RootLogger.class
/files//org/apache/log4j/or/RendererMap.class
/files//org/apache/log4j/or/DefaultRenderer.class
/cheerpj_dist/4.2/17/lib/modules
/files//org/apache/log4j/or/ObjectRenderer.class
/files//org/apache/log4j/DefaultCategoryFactory.class
/files//org/apache/log4j/spi/LoggerFactory.class
/files//org/apache/log4j/spi/DefaultRepositorySelector.class
/files//org/apache/log4j/spi/RepositorySelector.class
/files//org/apache/log4j/helpers/OptionConverter.class
/files//org/apache/log4j/helpers/Loader.class
/cheerpj_dist/4.2/17/lib/modules
/files//org/apache/log4j/helpers/LogLog.class
/files//log4j.xml
/files//org/apache/log4j/spi/Configurator.class
/files//org/apache/log4j/xml/DOMConfigurator.class
/cheerpj_dist/4.2/17/lib/modules
/cheerpj_dist/4.2/17/lib/modules
/cheerpj_dist/4.2/17/lib/modules
/cheerpj_dist/4.2/17/lib/modules
/cheerpj_dist/4.2/17/conf/jaxp.properties
/files//META-INF/services/javax.xml.parsers.DocumentBuilderFactory
/files/commons-compiler.jar
/files/commons-compiler-jdk.jar
/files/janino.jar
/files/janino.jar
/files/janino.jar
/files/jinput.jar
/files/jinput.jar
/files/lwjgl.jar
/files/lwjgl.jar
/files/lwjgl.jar
/files/lwjgl_util.jar
/files/lwjgl_util.jar
/files/jorbis-0.0.15.jar
/files/jogg-0.0.7.jar
/files//config.jar
/files//META-INF/services/javax.xml.parsers.DocumentBuilderFactory
/cheerpj_dist/4.2/17/lib/modules
/cheerpj_dist/4.2/17/lib/modules
/cheerpj_dist/4.2/17/conf/jaxp.properties
/cheerpj_dist/4.2/17/lib/modules
/cheerpj_dist/4.2/17/lib/modules
/cheerpj_dist/4.2/17/lib/modules
/cheerpj_dist/4.2/17/lib/modules
/cheerpj_dist/4.2/17/lib/modules
/cheerpj_dist/4.2/17/lib/modules
/cheerpj_dist/4.2/17/lib/modules
/cheerpj_dist/4.2/17/lib/modules
/files//org/apache/log4j/xml/SAXErrorHandler.class
/files//org/apache/log4j/xml/Log4jEntityResolver.class
/files//log4j.xml
/cheerpj_dist/4.2/17/lib/modules
/files//org/apache/log4j/xml/log4j.dtd
/files//org/apache/log4j/config/PropertySetter.class
/files//org/apache/log4j/Appender.class
/files//org/apache/log4j/ConsoleAppender.class
/files//org/apache/log4j/WriterAppender.class
/files//org/apache/log4j/AppenderSkeleton.class
/files//org/apache/log4j/spi/OptionHandler.class
/files//org/apache/log4j/Layout.class
/files//org/apache/log4j/helpers/OnlyOnceErrorHandler.class
/files//org/apache/log4j/spi/ErrorHandler.class
/files//org/apache/log4j/PatternLayout.class
/files//org/apache/log4j/helpers/PatternParser.class
/files//org/apache/log4j/helpers/FormattingInfo.class
/files//org/apache/log4j/helpers/PatternParser$BasicPatternConverter.class
/files//org/apache/log4j/helpers/PatternConverter.class
/files//org/apache/log4j/helpers/PatternParser$LiteralPatternConverter.class
/files//org/apache/log4j/config/PropertySetterException.class
/cheerpj_dist/4.2/17/lib/modules
/cheerpj_dist/4.2/17/lib/modules
/files//org/apache/log4j/PatternLayoutBeanInfo.class
/cheerpj_dist/4.2/17/lib/modules
/files//org/apache/log4j/PatternLayoutBeanInfo.class
/files//org/apache/log4j/LayoutBeanInfo.class
/files//org/apache/log4j/LayoutBeanInfo.class
/cheerpj_dist/4.2/17/lib/modules
/cheerpj_dist/4.2/17/lib/modules
/files//org/apache/log4j/LayoutCustomizer.class
/files//org/apache/log4j/LayoutCustomizer.class
/files//org/apache/log4j/spi/LoggingEvent.class
/files//org/apache/log4j/PatternLayoutCustomizer.class
/files//org/apache/log4j/PatternLayoutCustomizer.class
/files//org/apache/log4j/helpers/ISO8601DateFormat.class
/files//org/apache/log4j/helpers/AbsoluteTimeDateFormat.class
/cheerpj_dist/4.2/etc/timezone
/cheerpj_dist/4.2/17/lib/tzdb.dat
/files//org/apache/log4j/helpers/QuietWriter.class
/files//org/apache/log4j/helpers/AppenderAttachableImpl.class
/files//org/apache/log4j/CategoryKey.class
/files//org/apache/log4j/ProvisionNode.class
/files//com/fs/starfarer/settings/StarfarerSettings.class
/files/starfarer_obf.jar
/files/starfarer_obf.jar
/files//com/fs/graphics/A/ooOOOOOOOOOOOOOOOOOOOOOOOOOOOOOOOOOOOOOOOOOOOOOOOOOOOOOOOOOOOOOOOOOOOOOOOOOOOOOOOOOOOOOOOOOOOOOOOOOOOOOOOOOOOOOOOOOOOOOOOOOOOOOOOOOOOOOOOOOOOOOOOOOOOOOOOOOOOOOOOOOOOOOOOOOOOOOOOOOOOOOOOOOOOOOOOOOOOOOOOOOOOOOOOOOOOOOOOOOOOOOOOOOOOOOOOOOOOOOOOOOOOOOOOOOOOOOO.class
/files//com/fs/starfarer/settings/A.class
/files/starfarer_obf.jar
/files//org/json/JSONObject.class
/files//org/json/JSONObject$Null.class
/starsector_v44.html
/cheerpj_dist/4.2/cj3.wasm
/cheerpj_dist/4.2/c.html
/cheerpj_dist/4.2/cj3n17.wasm
/cheerpj_dist/4.2/17/lib/modules
/cheerpj_dist/4.2/17/lib/modules
/cheerpj_dist/4.2/17/lib/modules
/cheerpj_dist/4.2/17/lib/modules
/cheerpj_dist/4.2/17/lib/modules
/cheerpj_dist/4.2/17/lib/modules
/cheerpj_dist/4.2/17/lib/modules
/cheerpj_dist/4.2/17/lib/modules
/cheerpj_dist/4.2/17/lib/modules
/cheerpj_dist/4.2/17/lib/modules
/cheerpj_dist/4.2/17/lib/modules
/sw.js
/cheerpj_dist/4.2/17/lib/modules
/cheerpj_dist/4.2/17/lib/modules
/cheerpj_dist/4.2/17/lib/modules
/cheerpj_dist/4.2/17/lib/modules
/cheerpj_dist/4.2/17/lib/modules
/cheerpj_dist/4.2/17/lib/modules
/cheerpj_dist/4.2/17/lib/modules
/cheerpj_dist/4.2/17/lib/modules
/cheerpj_dist/4.2/17/lib/modules
/cheerpj_dist/4.2/etc/users
/cheerpj_dist/4.2/etc/localtime
/cheerpj_dist/4.2/17/lib/modules
/cheerpj_dist/4.2/17/lib/modules
/cheerpj_dist/4.2/17/lib/modules
/cheerpj_dist/4.2/17/lib/modules
/cheerpj_dist/4.2/17/lib/modules
/cheerpj_dist/4.2/17/lib/modules
/cheerpj_dist/4.2/17/lib/modules
/cheerpj_dist/4.2/17/lib/modules
/cheerpj_dist/4.2/17/lib/modules
/cheerpj_dist/4.2/17/lib/modules
/cheerpj_dist/4.2/17/jre/lib/cheerpj-handlers.jar
/cheerpj_dist/4.2/17/lib/modules
/cheerpj_dist/4.2/17/lib/modules
/cheerpj_dist/4.2/17/jre/lib/cheerpj-handlers.jar
/cheerpj_dist/4.2/17/jre/lib/cheerpj-awt.jar
/cheerpj_dist/4.2/17/jre/lib/cheerpj-awt.jar
/cheerpj_dist/4.2/17/jre/lib/cheerpj-jsobject.jar
/cheerpj_dist/4.2/17/jre/lib/cheerpj-jsobject.jar
/files/starfarer_obf.jar
/files/fs.common_obf.jar
/files/fs.sound_obf.jar
/files/starfarer.api.jar
/files/json.jar
/files/xstream-1.4.10.jar
/files/log4j-1.2.9.jar
/files/commons-compiler.jar
/files/commons-compiler-jdk.jar
/files/janino.jar
/files/jinput.jar
/files/lwjgl.jar
/files/lwjgl_util.jar
/files/jorbis-0.0.15.jar
/files/jogg-0.0.7.jar
/files//config.jar
/cheerpj_dist/4.2/17/lib/modules
/cheerpj_dist/4.2/17/lib/modules
/cheerpj_dist/4.2/17/lib/modules
/cheerpj_dist/4.2/17/lib/modules
/cheerpj_dist/4.2/17/lib/modules
/cheerpj_dist/4.2/17/lib/modules
/files//com/fs/starfarer/combat/CombatMain.class
/files/starfarer_obf.jar
/files/starfarer_obf.jar
/files/starfarer_obf.jar
/files/starfarer_obf.jar
/files/starfarer_obf.jar
/files/starfarer_obf.jar
/files/starfarer_obf.jar
/files//com/fs/util/DoNotObfuscate.class
/files/fs.common_obf.jar
/files/fs.common_obf.jar
/files/fs.common_obf.jar
/cheerpj_dist/4.2/17/lib/modules
/cheerpj_dist/4.2/17/lib/modules
/cheerpj_dist/4.2/17/lib/modules
/files//org/apache/log4j/Logger.class
/cheerpj_dist/4.2/17/lib/modules
/files/fs.sound_obf.jar
/files/starfarer.api.jar
/files/starfarer.api.jar
/files/starfarer.api.jar
/files/starfarer.api.jar
/files/starfarer.api.jar
/files/json.jar
/files/xstream-1.4.10.jar
/files/xstream-1.4.10.jar
/files/xstream-1.4.10.jar
/files/log4j-1.2.9.jar
/files/log4j-1.2.9.jar
/files/log4j-1.2.9.jar
/files//org/apache/log4j/Category.class
/files//org/apache/log4j/spi/AppenderAttachable.class
/files//org/apache/log4j/Level.class
/files//org/apache/log4j/Priority.class
/files//org/apache/log4j/LogManager.class
/files//org/apache/log4j/Hierarchy.class
/files//org/apache/log4j/spi/LoggerRepository.class
/files//org/apache/log4j/spi/RendererSupport.class
/files//org/apache/log4j/spi/RootLogger.class
/files//org/apache/log4j/or/RendererMap.class
/cheerpj_dist/4.2/17/lib/modules
/files//org/apache/log4j/or/DefaultRenderer.class
/files//org/apache/log4j/or/ObjectRenderer.class
/files//org/apache/log4j/DefaultCategoryFactory.class
/files//org/apache/log4j/spi/LoggerFactory.class
/files//org/apache/log4j/spi/DefaultRepositorySelector.class
/files//org/apache/log4j/spi/RepositorySelector.class
/files//org/apache/log4j/helpers/OptionConverter.class
/files//org/apache/log4j/helpers/Loader.class
/cheerpj_dist/4.2/17/lib/modules
/files//org/apache/log4j/helpers/LogLog.class
/files//log4j.xml
/files//org/apache/log4j/spi/Configurator.class
/files//org/apache/log4j/xml/DOMConfigurator.class
/cheerpj_dist/4.2/17/lib/modules
/cheerpj_dist/4.2/17/lib/modules
/cheerpj_dist/4.2/17/lib/modules
/cheerpj_dist/4.2/17/lib/modules
/cheerpj_dist/4.2/17/lib/modules
/cheerpj_dist/4.2/17/conf/jaxp.properties
/files//META-INF/services/javax.xml.parsers.DocumentBuilderFactory
/files/commons-compiler.jar
/files/commons-compiler-jdk.jar
/files/janino.jar
/files/janino.jar
/files/janino.jar
/files/jinput.jar
/files/jinput.jar
/files/lwjgl.jar
/files/lwjgl.jar
/files/lwjgl.jar
/files/lwjgl.jar
/files/lwjgl_util.jar
/files/lwjgl_util.jar
/files/jorbis-0.0.15.jar
/files/jogg-0.0.7.jar
/files//config.jar
/files//META-INF/services/javax.xml.parsers.DocumentBuilderFactory
/cheerpj_dist/4.2/17/lib/modules
/cheerpj_dist/4.2/17/lib/modules
/cheerpj_dist/4.2/17/conf/jaxp.properties
/cheerpj_dist/4.2/17/lib/modules
/cheerpj_dist/4.2/17/lib/modules
/cheerpj_dist/4.2/17/lib/modules
/cheerpj_dist/4.2/17/lib/modules
/cheerpj_dist/4.2/17/lib/modules
/cheerpj_dist/4.2/17/lib/modules
/cheerpj_dist/4.2/17/lib/modules
/files//org/apache/log4j/xml/SAXErrorHandler.class
/files//org/apache/log4j/xml/Log4jEntityResolver.class
/files//log4j.xml
/cheerpj_dist/4.2/17/lib/modules
/files//org/apache/log4j/xml/log4j.dtd
/files//org/apache/log4j/config/PropertySetter.class
/files//org/apache/log4j/Appender.class
/files//org/apache/log4j/ConsoleAppender.class
/files//org/apache/log4j/WriterAppender.class
/files//org/apache/log4j/AppenderSkeleton.class
/files//org/apache/log4j/spi/OptionHandler.class
/files//org/apache/log4j/Layout.class
/files//org/apache/log4j/helpers/OnlyOnceErrorHandler.class
/files//org/apache/log4j/spi/ErrorHandler.class
/files//org/apache/log4j/PatternLayout.class
/files//org/apache/log4j/helpers/PatternParser.class
/files//org/apache/log4j/helpers/FormattingInfo.class
/files//org/apache/log4j/helpers/PatternParser$BasicPatternConverter.class
/files//org/apache/log4j/helpers/PatternConverter.class
/files//org/apache/log4j/helpers/PatternParser$LiteralPatternConverter.class
/files//org/apache/log4j/config/PropertySetterException.class
/cheerpj_dist/4.2/17/lib/modules
/cheerpj_dist/4.2/17/lib/modules
/files//org/apache/log4j/PatternLayoutBeanInfo.class
/cheerpj_dist/4.2/17/lib/modules
/files//org/apache/log4j/PatternLayoutBeanInfo.class
/files//org/apache/log4j/LayoutBeanInfo.class
/files//org/apache/log4j/LayoutBeanInfo.class
/cheerpj_dist/4.2/17/lib/modules
/cheerpj_dist/4.2/17/lib/modules
/files//org/apache/log4j/LayoutCustomizer.class
/files//org/apache/log4j/LayoutCustomizer.class
/files//org/apache/log4j/spi/LoggingEvent.class
/files//org/apache/log4j/PatternLayoutCustomizer.class
/files//org/apache/log4j/PatternLayoutCustomizer.class
/files//org/apache/log4j/helpers/ISO8601DateFormat.class
/files//org/apache/log4j/helpers/AbsoluteTimeDateFormat.class
/cheerpj_dist/4.2/etc/timezone
/cheerpj_dist/4.2/17/lib/tzdb.dat
/files//org/apache/log4j/helpers/QuietWriter.class
/files//org/apache/log4j/helpers/AppenderAttachableImpl.class
/files//org/apache/log4j/CategoryKey.class
/files//org/apache/log4j/ProvisionNode.class
/files//com/fs/starfarer/settings/StarfarerSettings.class
/files/starfarer_obf.jar
/files/starfarer_obf.jar
/files//com/fs/graphics/A/ooOOOOOOOOOOOOOOOOOOOOOOOOOOOOOOOOOOOOOOOOOOOOOOOOOOOOOOOOOOOOOOOOOOOOOOOOOOOOOOOOOOOOOOOOOOOOOOOOOOOOOOOOOOOOOOOOOOOOOOOOOOOOOOOOOOOOOOOOOOOOOOOOOOOOOOOOOOOOOOOOOOOOOOOOOOOOOOOOOOOOOOOOOOOOOOOOOOOOOOOOOOOOOOOOOOOOOOOOOOOOOOOOOOOOOOOOOOOOOOOOOOOOOOOOOOOOOO.class
/files//com/fs/starfarer/settings/A.class
/files/starfarer_obf.jar
/files//org/json/JSONObject.class
/files//org/json/JSONObject$Null.class
/starsector_v44.html
/cheerpj_dist/4.2/cj3.wasm
/cheerpj_dist/4.2/c.html
/cheerpj_dist/4.2/cj3n17.wasm
/cheerpj_dist/4.2/17/lib/modules
/cheerpj_dist/4.2/17/lib/modules
/cheerpj_dist/4.2/17/lib/modules
/cheerpj_dist/4.2/17/lib/modules
/cheerpj_dist/4.2/17/lib/modules
/cheerpj_dist/4.2/17/lib/modules
/cheerpj_dist/4.2/17/lib/modules
/cheerpj_dist/4.2/17/lib/modules
/cheerpj_dist/4.2/17/lib/modules
/cheerpj_dist/4.2/17/lib/modules
/cheerpj_dist/4.2/17/lib/modules
/cheerpj_dist/4.2/17/lib/modules
/cheerpj_dist/4.2/17/lib/modules
/cheerpj_dist/4.2/17/lib/modules
/cheerpj_dist/4.2/17/lib/modules
/cheerpj_dist/4.2/17/lib/modules
/cheerpj_dist/4.2/17/lib/modules
/cheerpj_dist/4.2/17/lib/modules
/cheerpj_dist/4.2/17/lib/modules
/sw.js
/cheerpj_dist/4.2/etc/users
/cheerpj_dist/4.2/etc/localtime
/cheerpj_dist/4.2/17/lib/modules
/cheerpj_dist/4.2/17/lib/modules
/cheerpj_dist/4.2/17/lib/modules
/cheerpj_dist/4.2/17/lib/modules
/cheerpj_dist/4.2/17/lib/modules
/cheerpj_dist/4.2/17/lib/modules
/cheerpj_dist/4.2/17/lib/modules
/cheerpj_dist/4.2/17/lib/modules
/cheerpj_dist/4.2/17/lib/modules
/cheerpj_dist/4.2/17/jre/lib/cheerpj-handlers.jar
/cheerpj_dist/4.2/17/lib/modules
/cheerpj_dist/4.2/17/jre/lib/cheerpj-handlers.jar
/cheerpj_dist/4.2/17/jre/lib/cheerpj-awt.jar
/cheerpj_dist/4.2/17/jre/lib/cheerpj-awt.jar
/cheerpj_dist/4.2/17/jre/lib/cheerpj-jsobject.jar
/cheerpj_dist/4.2/17/jre/lib/cheerpj-jsobject.jar
/files/starfarer_obf.jar
/files/fs.common_obf.jar
/files/fs.sound_obf.jar
/files/starfarer.api.jar
/files/json.jar
/files/xstream-1.4.10.jar
/files/log4j-1.2.9.jar
/files/commons-compiler.jar
/files/commons-compiler-jdk.jar
/files/janino.jar
/files/jinput.jar
/files/lwjgl.jar
/files/lwjgl_util.jar
/files/jorbis-0.0.15.jar
/files/jogg-0.0.7.jar
/files//config.jar
/cheerpj_dist/4.2/17/lib/modules
/cheerpj_dist/4.2/17/lib/modules
/cheerpj_dist/4.2/17/lib/modules
/cheerpj_dist/4.2/17/lib/modules
/cheerpj_dist/4.2/17/lib/modules
/cheerpj_dist/4.2/17/lib/modules
/files//com/fs/starfarer/combat/CombatMain.class
/files/starfarer_obf.jar
/files/starfarer_obf.jar
/files/starfarer_obf.jar
/files/starfarer_obf.jar
/files/starfarer_obf.jar
/files/starfarer_obf.jar
/files/starfarer_obf.jar
/files//com/fs/util/DoNotObfuscate.class
/files/fs.common_obf.jar
/files/fs.common_obf.jar
/files/fs.common_obf.jar
/cheerpj_dist/4.2/17/lib/modules
/cheerpj_dist/4.2/17/lib/modules
/cheerpj_dist/4.2/17/lib/modules
/files//org/apache/log4j/Logger.class
/cheerpj_dist/4.2/17/lib/modules
/files/fs.sound_obf.jar
/files/starfarer.api.jar
/files/starfarer.api.jar
/files/starfarer.api.jar
/files/starfarer.api.jar
/files/starfarer.api.jar
/files/json.jar
/files/xstream-1.4.10.jar
/files/xstream-1.4.10.jar
/files/log4j-1.2.9.jar
/files/log4j-1.2.9.jar
/files/log4j-1.2.9.jar
/files//org/apache/log4j/Category.class
/files//org/apache/log4j/spi/AppenderAttachable.class
/files//org/apache/log4j/Level.class
/files//org/apache/log4j/Priority.class
/files//org/apache/log4j/LogManager.class
/files//org/apache/log4j/Hierarchy.class
/files//org/apache/log4j/spi/LoggerRepository.class
/files//org/apache/log4j/spi/RendererSupport.class
/files//org/apache/log4j/spi/RootLogger.class
/files//org/apache/log4j/or/RendererMap.class
/cheerpj_dist/4.2/17/lib/modules
/files//org/apache/log4j/or/DefaultRenderer.class
/files//org/apache/log4j/or/ObjectRenderer.class
/files//org/apache/log4j/DefaultCategoryFactory.class
/files//org/apache/log4j/spi/LoggerFactory.class
/files//org/apache/log4j/spi/DefaultRepositorySelector.class
/files//org/apache/log4j/spi/RepositorySelector.class
/files//org/apache/log4j/helpers/OptionConverter.class
/files//org/apache/log4j/helpers/Loader.class
/cheerpj_dist/4.2/17/lib/modules
/files//org/apache/log4j/helpers/LogLog.class
/files//log4j.xml
/files//org/apache/log4j/spi/Configurator.class
/files//org/apache/log4j/xml/DOMConfigurator.class
/cheerpj_dist/4.2/17/lib/modules
/cheerpj_dist/4.2/17/lib/modules
/cheerpj_dist/4.2/17/lib/modules
/cheerpj_dist/4.2/17/lib/modules
/cheerpj_dist/4.2/17/lib/modules
/cheerpj_dist/4.2/17/conf/jaxp.properties
/files//META-INF/services/javax.xml.parsers.DocumentBuilderFactory
/files/commons-compiler.jar
/files/commons-compiler-jdk.jar
/files/janino.jar
/files/janino.jar
/files/janino.jar
/files/jinput.jar
/files/jinput.jar
/files/lwjgl.jar
/files/lwjgl.jar
/files/lwjgl.jar
/files/lwjgl.jar
/files/lwjgl_util.jar
/files/lwjgl_util.jar
/files/jorbis-0.0.15.jar
/files/jogg-0.0.7.jar
/files//config.jar
/files//META-INF/services/javax.xml.parsers.DocumentBuilderFactory
/cheerpj_dist/4.2/17/lib/modules
/cheerpj_dist/4.2/17/lib/modules
/cheerpj_dist/4.2/17/conf/jaxp.properties
/cheerpj_dist/4.2/17/lib/modules
/cheerpj_dist/4.2/17/lib/modules
/cheerpj_dist/4.2/17/lib/modules
/cheerpj_dist/4.2/17/lib/modules
/cheerpj_dist/4.2/17/lib/modules
/cheerpj_dist/4.2/17/lib/modules
/cheerpj_dist/4.2/17/lib/modules
/cheerpj_dist/4.2/17/lib/modules
/cheerpj_dist/4.2/17/lib/modules
/files//org/apache/log4j/xml/SAXErrorHandler.class
/files//org/apache/log4j/xml/Log4jEntityResolver.class
/files//log4j.xml
/cheerpj_dist/4.2/17/lib/modules
/files//org/apache/log4j/xml/log4j.dtd
/files//org/apache/log4j/config/PropertySetter.class
/files//org/apache/log4j/Appender.class
/files//org/apache/log4j/ConsoleAppender.class
/files//org/apache/log4j/WriterAppender.class
/files//org/apache/log4j/AppenderSkeleton.class
/files//org/apache/log4j/spi/OptionHandler.class
/files//org/apache/log4j/Layout.class
/files//org/apache/log4j/helpers/OnlyOnceErrorHandler.class
/files//org/apache/log4j/spi/ErrorHandler.class
/files//org/apache/log4j/PatternLayout.class
/files//org/apache/log4j/helpers/PatternParser.class
/files//org/apache/log4j/helpers/FormattingInfo.class
/files//org/apache/log4j/helpers/PatternParser$BasicPatternConverter.class
/files//org/apache/log4j/helpers/PatternConverter.class
/files//org/apache/log4j/helpers/PatternParser$LiteralPatternConverter.class
/files//org/apache/log4j/config/PropertySetterException.class
/cheerpj_dist/4.2/17/lib/modules
/cheerpj_dist/4.2/17/lib/modules
/files//org/apache/log4j/PatternLayoutBeanInfo.class
/cheerpj_dist/4.2/17/lib/modules
/files//org/apache/log4j/PatternLayoutBeanInfo.class
/files//org/apache/log4j/LayoutBeanInfo.class
/files//org/apache/log4j/LayoutBeanInfo.class
/cheerpj_dist/4.2/17/lib/modules
/cheerpj_dist/4.2/17/lib/modules
/files//org/apache/log4j/LayoutCustomizer.class
/files//org/apache/log4j/LayoutCustomizer.class
/files//org/apache/log4j/spi/LoggingEvent.class
/files//org/apache/log4j/PatternLayoutCustomizer.class
/files//org/apache/log4j/PatternLayoutCustomizer.class
/files//org/apache/log4j/helpers/ISO8601DateFormat.class
/files//org/apache/log4j/helpers/AbsoluteTimeDateFormat.class
/cheerpj_dist/4.2/etc/timezone
/cheerpj_dist/4.2/17/lib/tzdb.dat
/files//org/apache/log4j/helpers/QuietWriter.class
/files//org/apache/log4j/helpers/AppenderAttachableImpl.class
/files//org/apache/log4j/CategoryKey.class
/files//org/apache/log4j/ProvisionNode.class
/files//com/fs/starfarer/settings/StarfarerSettings.class
/files/starfarer_obf.jar
/files/starfarer_obf.jar
/files//com/fs/graphics/A/ooOOOOOOOOOOOOOOOOOOOOOOOOOOOOOOOOOOOOOOOOOOOOOOOOOOOOOOOOOOOOOOOOOOOOOOOOOOOOOOOOOOOOOOOOOOOOOOOOOOOOOOOOOOOOOOOOOOOOOOOOOOOOOOOOOOOOOOOOOOOOOOOOOOOOOOOOOOOOOOOOOOOOOOOOOOOOOOOOOOOOOOOOOOOOOOOOOOOOOOOOOOOOOOOOOOOOOOOOOOOOOOOOOOOOOOOOOOOOOOOOOOOOOOOOOOOOOO.class
/files//com/fs/starfarer/settings/A.class
/files/starfarer_obf.jar
t.class
/files//org/json/JSONObject$Null.class
/starsector_v44.html
/cheerpj_dist/4.2/cj3.wasm
/cheerpj_dist/4.2/c.html
/cheerpj_dist/4.2/cj3n17.wasm
/cheerpj_dist/4.2/17/lib/modules
/cheerpj_dist/4.2/17/lib/modules
/cheerpj_dist/4.2/17/lib/modules
/cheerpj_dist/4.2/17/lib/modules
/cheerpj_dist/4.2/17/lib/modules
/cheerpj_dist/4.2/17/lib/modules
/cheerpj_dist/4.2/17/lib/modules
/cheerpj_dist/4.2/17/lib/modules
/cheerpj_dist/4.2/17/lib/modules
/cheerpj_dist/4.2/17/lib/modules
/cheerpj_dist/4.2/17/lib/modules
/cheerpj_dist/4.2/17/lib/modules
/sw.js
/cheerpj_dist/4.2/17/lib/modules
/cheerpj_dist/4.2/17/lib/modules
/cheerpj_dist/4.2/17/lib/modules
/cheerpj_dist/4.2/17/lib/modules
/cheerpj_dist/4.2/17/lib/modules
/cheerpj_dist/4.2/17/lib/modules
/cheerpj_dist/4.2/17/lib/modules
/cheerpj_dist/4.2/17/lib/modules
/cheerpj_dist/4.2/etc/users
/cheerpj_dist/4.2/etc/localtime
/cheerpj_dist/4.2/17/lib/modules
/cheerpj_dist/4.2/17/lib/modules
/cheerpj_dist/4.2/17/lib/modules
/cheerpj_dist/4.2/17/lib/modules
/cheerpj_dist/4.2/17/lib/modules
/cheerpj_dist/4.2/17/lib/modules
/cheerpj_dist/4.2/17/lib/modules
/cheerpj_dist/4.2/17/lib/modules
/cheerpj_dist/4.2/17/lib/modules
/cheerpj_dist/4.2/17/lib/modules
/cheerpj_dist/4.2/17/lib/modules
pj-handlers.jar
/cheerpj_dist/4.2/17/lib/modules
/cheerpj_dist/4.2/17/jre/lib/cheerpj-handlers.jar
/cheerpj_dist/4.2/17/jre/lib/cheerpj-awt.jar
/cheerpj_dist/4.2/17/jre/lib/cheerpj-awt.jar
/cheerpj_dist/4.2/17/jre/lib/cheerpj-jsobject.jar
/cheerpj_dist/4.2/17/jre/lib/cheerpj-jsobject.jar
/files/starfarer_obf.jar
/files/fs.common_obf.jar
/files/fs.sound_obf.jar
/files/starfarer.api.jar
/files/json.jar
/files/xstream-1.4.10.jar
/files/log4j-1.2.9.jar
/files/commons-compiler.jar
/files/commons-compiler-jdk.jar
/files/janino.jar
/files/jinput.jar
/files/lwjgl.jar
/files/lwjgl_util.jar
/files/jorbis-0.0.15.jar
/files/jogg-0.0.7.jar
/files//config.jar
/cheerpj_dist/4.2/17/lib/modules
/cheerpj_dist/4.2/17/lib/modules
/cheerpj_dist/4.2/17/lib/modules
/cheerpj_dist/4.2/17/lib/modules
/cheerpj_dist/4.2/17/lib/modules
/cheerpj_dist/4.2/17/lib/modules
/files//com/fs/starfarer/combat/CombatMain.class
/files/starfarer_obf.jar
/files/starfarer_obf.jar
/files/starfarer_obf.jar
/files/starfarer_obf.jar
/files/starfarer_obf.jar
/files/starfarer_obf.jar
/files/starfarer_obf.jar
/files/starfarer_obf.jar
/files//com/fs/util/DoNotObfuscate.class
/files/fs.common_obf.jar
/files/fs.common_obf.jar
/files/fs.common_obf.jar
/cheerpj_dist/4.2/17/lib/modules
/cheerpj_dist/4.2/17/lib/modules
/cheerpj_dist/4.2/17/lib/modules
/cheerpj_dist/4.2/17/lib/modules
ass
/files/fs.sound_obf.jar
/files/starfarer.api.jar
/files/starfarer.api.jar
/files/starfarer.api.jar
/files/starfarer.api.jar
/files/starfarer.api.jar
/files/json.jar
/files/xstream-1.4.10.jar
/files/xstream-1.4.10.jar
/files/log4j-1.2.9.jar
/files/log4j-1.2.9.jar
/files//org/apache/log4j/Category.class
/files//org/apache/log4j/spi/AppenderAttachable.class
/files//org/apache/log4j/Level.class
/files//org/apache/log4j/Priority.class
/files//org/apache/log4j/LogManager.class
/files//org/apache/log4j/Hierarchy.class
/files//org/apache/log4j/spi/LoggerRepository.class
/files//org/apache/log4j/spi/RendererSupport.class
/files//org/apache/log4j/spi/RootLogger.class
/files//org/apache/log4j/or/RendererMap.class
/files//org/apache/log4j/or/DefaultRenderer.class
/cheerpj_dist/4.2/17/lib/modules
/files//org/apache/log4j/or/ObjectRenderer.class
/files//org/apache/log4j/DefaultCategoryFactory.class
/files//org/apache/log4j/spi/LoggerFactory.class
/files//org/apache/log4j/spi/DefaultRepositorySelector.class
/files//org/apache/log4j/spi/RepositorySelector.class
/files//org/apache/log4j/helpers/OptionConverter.class
/files//org/apache/log4j/helpers/Loader.class
/cheerpj_dist/4.2/17/lib/modules
/files//org/apache/log4j/helpers/LogLog.class
/files//log4j.xml
/files//org/apache/log4j/spi/Configurator.class
/files//org/apache/log4j/xml/DOMConfigurator.class
/cheerpj_dist/4.2/17/lib/modules
/cheerpj_dist/4.2/17/lib/modules
/cheerpj_dist/4.2/17/lib/modules
/cheerpj_dist/4.2/17/lib/modules
/cheerpj_dist/4.2/17/conf/jaxp.properties
/files//META-INF/services/javax.xml.parsers.DocumentBuilderFactory
/files/commons-compiler.jar
/files/commons-compiler-jdk.jar
/files/janino.jar
/files/janino.jar
/files/janino.jar
/files/jinput.jar
/files/jinput.jar
/files/lwjgl.jar
/files/lwjgl.jar
/files/lwjgl.jar
/files/lwjgl.jar
/files/lwjgl_util.jar
/files/lwjgl_util.jar
/files/jorbis-0.0.15.jar
/files/jogg-0.0.7.jar
/files//config.jar
/files//META-INF/services/javax.xml.parsers.DocumentBuilderFactory
/cheerpj_dist/4.2/17/lib/modules
/cheerpj_dist/4.2/17/lib/modules
/cheerpj_dist/4.2/17/conf/jaxp.properties
/cheerpj_dist/4.2/17/lib/modules
/cheerpj_dist/4.2/17/lib/modules
/cheerpj_dist/4.2/17/lib/modules
/cheerpj_dist/4.2/17/lib/modules
/cheerpj_dist/4.2/17/lib/modules
/cheerpj_dist/4.2/17/lib/modules
/cheerpj_dist/4.2/17/lib/modules
/cheerpj_dist/4.2/17/lib/modules
/files//org/apache/log4j/xml/SAXErrorHandler.class
/files//org/apache/log4j/xml/Log4jEntityResolver.class
/files//log4j.xml
/cheerpj_dist/4.2/17/lib/modules
/files//org/apache/log4j/xml/log4j.dtd
/files//org/apache/log4j/config/PropertySetter.class
/files//org/apache/log4j/Appender.class
/files//org/apache/log4j/ConsoleAppender.class
/files//org/apache/log4j/WriterAppender.class
/files//org/apache/log4j/AppenderSkeleton.class
/files//org/apache/log4j/spi/OptionHandler.class
/files//org/apache/log4j/Layout.class
/files//org/apache/log4j/helpers/OnlyOnceErrorHandler.class
/files//org/apache/log4j/spi/ErrorHandler.class
/files//org/apache/log4j/PatternLayout.class
/files//org/apache/log4j/helpers/PatternParser.class
/files//org/apache/log4j/helpers/FormattingInfo.class
/files//org/apache/log4j/helpers/PatternParser$BasicPatternConverter.class
/files//org/apache/log4j/helpers/PatternConverter.class
/files//org/apache/log4j/helpers/PatternParser$LiteralPatternConverter.class
/files//org/apache/log4j/config/PropertySetterException.class
/cheerpj_dist/4.2/17/lib/modules
/cheerpj_dist/4.2/17/lib/modules
/files//org/apache/log4j/PatternLayoutBeanInfo.class
/cheerpj_dist/4.2/17/lib/modules
/files//org/apache/log4j/PatternLayoutBeanInfo.class
/files//org/apache/log4j/LayoutBeanInfo.class
/files//org/apache/log4j/LayoutBeanInfo.class
/cheerpj_dist/4.2/17/lib/modules
/cheerpj_dist/4.2/17/lib/modules
/files//org/apache/log4j/LayoutCustomizer.class
/files//org/apache/log4j/LayoutCustomizer.class
/files//org/apache/log4j/spi/LoggingEvent.class
/files//org/apache/log4j/PatternLayoutCustomizer.class
/files//org/apache/log4j/PatternLayoutCustomizer.class
/files//org/apache/log4j/helpers/ISO8601DateFormat.class
/files//org/apache/log4j/helpers/AbsoluteTimeDateFormat.class
/cheerpj_dist/4.2/etc/timezone
/cheerpj_dist/4.2/17/lib/tzdb.dat
/files//org/apache/log4j/helpers/QuietWriter.class
/files//org/apache/log4j/helpers/AppenderAttachableImpl.class
/files//org/apache/log4j/CategoryKey.class
/files//org/apache/log4j/ProvisionNode.class
/files//com/fs/starfarer/settings/StarfarerSettings.class
/files/starfarer_obf.jar
/files/starfarer_obf.jar
/files//com/fs/graphics/A/ooOOOOOOOOOOOOOOOOOOOOOOOOOOOOOOOOOOOOOOOOOOOOOOOOOOOOOOOOOOOOOOOOOOOOOOOOOOOOOOOOOOOOOOOOOOOOOOOOOOOOOOOOOOOOOOOOOOOOOOOOOOOOOOOOOOOOOOOOOOOOOOOOOOOOOOOOOOOOOOOOOOOOOOOOOOOOOOOOOOOOOOOOOOOOOOOOOOOOOOOOOOOOOOOOOOOOOOOOOOOOOOOOOOOOOOOOOOOOOOOOOOOOOOOOOOOOOO.class
/files//com/fs/starfarer/settings/A.class
/files/starfarer_obf.jar
/files//org/json/JSONObject.class
/files//org/json/JSONObject$Null.class
/starsector_v44.html
/cheerpj_dist/4.2/cj3.wasm
/cheerpj_dist/4.2/c.html
/cheerpj_dist/4.2/cj3n17.wasm
/cheerpj_dist/4.2/17/lib/modules
/cheerpj_dist/4.2/17/lib/modules
/cheerpj_dist/4.2/17/lib/modules
/cheerpj_dist/4.2/17/lib/modules
/cheerpj_dist/4.2/17/lib/modules
/cheerpj_dist/4.2/17/lib/modules
/cheerpj_dist/4.2/17/lib/modules
/cheerpj_dist/4.2/17/lib/modules
/cheerpj_dist/4.2/17/lib/modules
/cheerpj_dist/4.2/17/lib/modules
/cheerpj_dist/4.2/17/lib/modules
/cheerpj_dist/4.2/17/lib/modules
/cheerpj_dist/4.2/17/lib/modules
/cheerpj_dist/4.2/17/lib/modules
/cheerpj_dist/4.2/17/lib/modules
/cheerpj_dist/4.2/17/lib/modules
/cheerpj_dist/4.2/17/lib/modules
/cheerpj_dist/4.2/17/lib/modules
/sw.js
/cheerpj_dist/4.2/17/lib/modules
/cheerpj_dist/4.2/etc/users
/cheerpj_dist/4.2/etc/localtime
/cheerpj_dist/4.2/17/lib/modules
/cheerpj_dist/4.2/17/lib/modules
/cheerpj_dist/4.2/17/lib/modules
/cheerpj_dist/4.2/17/lib/modules
/cheerpj_dist/4.2/17/lib/modules
/cheerpj_dist/4.2/17/lib/modules
/cheerpj_dist/4.2/17/lib/modules
/cheerpj_dist/4.2/17/lib/modules
/cheerpj_dist/4.2/17/lib/modules
/cheerpj_dist/4.2/17/lib/modules
/cheerpj_dist/4.2/17/lib/modules
/cheerpj_dist/4.2/17/jre/lib/cheerpj-handlers.jar
/cheerpj_dist/4.2/17/lib/modules
/cheerpj_dist/4.2/17/jre/lib/cheerpj-handlers.jar
/cheerpj_dist/4.2/17/jre/lib/cheerpj-awt.jar
/cheerpj_dist/4.2/17/jre/lib/cheerpj-awt.jar
/cheerpj_dist/4.2/17/jre/lib/cheerpj-jsobject.jar
/cheerpj_dist/4.2/17/jre/lib/cheerpj-jsobject.jar
/files/starfarer_obf.jar
/files/fs.common_obf.jar
/files/fs.sound_obf.jar
/files/starfarer.api.jar
/files/json.jar
/files/xstream-1.4.10.jar
/files/log4j-1.2.9.jar
/files/commons-compiler.jar
/files/commons-compiler-jdk.jar
/files/janino.jar
/files/jinput.jar
/files/lwjgl.jar
/files/lwjgl_util.jar
/files/jorbis-0.0.15.jar
/files/jogg-0.0.7.jar
/files//config.jar
/cheerpj_dist/4.2/17/lib/modules
/cheerpj_dist/4.2/17/lib/modules
/cheerpj_dist/4.2/17/lib/modules
/cheerpj_dist/4.2/17/lib/modules
/cheerpj_dist/4.2/17/lib/modules
/cheerpj_dist/4.2/17/lib/modules
/files//com/fs/starfarer/combat/CombatMain.class
/files/starfarer_obf.jar
/files/starfarer_obf.jar
/files/starfarer_obf.jar
/files/starfarer_obf.jar
/files/starfarer_obf.jar
/files/starfarer_obf.jar
/files/starfarer_obf.jar
/files/starfarer_obf.jar
/files//com/fs/util/DoNotObfuscate.class
/files/fs.common_obf.jar
/files/fs.common_obf.jar
/files/fs.common_obf.jar
/cheerpj_dist/4.2/17/lib/modules
/cheerpj_dist/4.2/17/lib/modules
/cheerpj_dist/4.2/17/lib/modules
/cheerpj_dist/4.2/17/lib/modules
/files//org/apache/log4j/Logger.class
/files/fs.sound_obf.jar
/files/starfarer.api.jar
/files/starfarer.api.jar
/files/starfarer.api.jar
/files/starfarer.api.jar
/files/starfarer.api.jar
/files/json.jar
/files/xstream-1.4.10.jar
/files/xstream-1.4.10.jar
/files/xstream-1.4.10.jar
/files/log4j-1.2.9.jar
/files/log4j-1.2.9.jar
/files/log4j-1.2.9.jar
/files//org/apache/log4j/Category.class
/files//org/apache/log4j/spi/AppenderAttachable.class
/files//org/apache/log4j/Level.class
/files//org/apache/log4j/Priority.class
/files//org/apache/log4j/LogManager.class
/files//org/apache/log4j/Hierarchy.class
/files//org/apache/log4j/spi/LoggerRepository.class
/files//org/apache/log4j/spi/RendererSupport.class
/files//org/apache/log4j/spi/RootLogger.class
/files//org/apache/log4j/or/RendererMap.class
/cheerpj_dist/4.2/17/lib/modules
/files//org/apache/log4j/or/DefaultRenderer.class
/files//org/apache/log4j/or/ObjectRenderer.class
/files//org/apache/log4j/DefaultCategoryFactory.class
/files//org/apache/log4j/spi/LoggerFactory.class
/files//org/apache/log4j/spi/DefaultRepositorySelector.class
/files//org/apache/log4j/spi/RepositorySelector.class
/files//org/apache/log4j/helpers/OptionConverter.class
/files//org/apache/log4j/helpers/Loader.class
/cheerpj_dist/4.2/17/lib/modules
/files//org/apache/log4j/helpers/LogLog.class
/files//log4j.xml
/files//org/apache/log4j/spi/Configurator.class
/files//org/apache/log4j/xml/DOMConfigurator.class
/cheerpj_dist/4.2/17/lib/modules
/cheerpj_dist/4.2/17/lib/modules
/cheerpj_dist/4.2/17/lib/modules
/cheerpj_dist/4.2/17/lib/modules
/cheerpj_dist/4.2/17/lib/modules
/cheerpj_dist/4.2/17/conf/jaxp.properties
/files//META-INF/services/javax.xml.parsers.DocumentBuilderFactory
/files/commons-compiler.jar
/files/commons-compiler-jdk.jar
/files/janino.jar
/files/janino.jar
/files/janino.jar
/files/jinput.jar
/files/jinput.jar
/files/lwjgl.jar
/files/lwjgl.jar
/files/lwjgl.jar
/files/lwjgl.jar
/files/lwjgl_util.jar
/files/lwjgl_util.jar
/files/jorbis-0.0.15.jar
/files/jogg-0.0.7.jar
/files//config.jar
/files//META-INF/services/javax.xml.parsers.DocumentBuilderFactory
/cheerpj_dist/4.2/17/lib/modules
/cheerpj_dist/4.2/17/lib/modules
/cheerpj_dist/4.2/17/conf/jaxp.properties
/cheerpj_dist/4.2/17/lib/modules
/cheerpj_dist/4.2/17/lib/modules
/cheerpj_dist/4.2/17/lib/modules
/cheerpj_dist/4.2/17/lib/modules
/cheerpj_dist/4.2/17/lib/modules
/cheerpj_dist/4.2/17/lib/modules
/cheerpj_dist/4.2/17/lib/modules
/cheerpj_dist/4.2/17/lib/modules
/files//org/apache/log4j/xml/SAXErrorHandler.class
/files//org/apache/log4j/xml/Log4jEntityResolver.class
/files//log4j.xml
/cheerpj_dist/4.2/17/lib/modules
/files//org/apache/log4j/xml/log4j.dtd
/files//org/apache/log4j/config/PropertySetter.class
/files//org/apache/log4j/Appender.class
/files//org/apache/log4j/ConsoleAppender.class
/files//org/apache/log4j/WriterAppender.class
/files//org/apache/log4j/AppenderSkeleton.class
/files//org/apache/log4j/spi/OptionHandler.class
/files//org/apache/log4j/Layout.class
/files//org/apache/log4j/helpers/OnlyOnceErrorHandler.class
/files//org/apache/log4j/spi/ErrorHandler.class
/files//org/apache/log4j/PatternLayout.class
/files//org/apache/log4j/helpers/PatternParser.class
/files//org/apache/log4j/helpers/FormattingInfo.class
/files//org/apache/log4j/helpers/PatternParser$BasicPatternConverter.class
/files//org/apache/log4j/helpers/PatternConverter.class
/files//org/apache/log4j/helpers/PatternParser$LiteralPatternConverter.class
/files//org/apache/log4j/config/PropertySetterException.class
/cheerpj_dist/4.2/17/lib/modules
/cheerpj_dist/4.2/17/lib/modules
/files//org/apache/log4j/PatternLayoutBeanInfo.class
/cheerpj_dist/4.2/17/lib/modules
/files//org/apache/log4j/PatternLayoutBeanInfo.class
/files//org/apache/log4j/LayoutBeanInfo.class
/files//org/apache/log4j/LayoutBeanInfo.class
/cheerpj_dist/4.2/17/lib/modules
/cheerpj_dist/4.2/17/lib/modules
/files//org/apache/log4j/LayoutCustomizer.class
/files//org/apache/log4j/LayoutCustomizer.class
/files//org/apache/log4j/spi/LoggingEvent.class
/files//org/apache/log4j/PatternLayoutCustomizer.class
/files//org/apache/log4j/PatternLayoutCustomizer.class
/files//org/apache/log4j/helpers/ISO8601DateFormat.class
/files//org/apache/log4j/helpers/AbsoluteTimeDateFormat.class
/cheerpj_dist/4.2/etc/timezone
/cheerpj_dist/4.2/17/lib/tzdb.dat
/files//org/apache/log4j/helpers/QuietWriter.class
/files//org/apache/log4j/helpers/AppenderAttachableImpl.class
/files//org/apache/log4j/CategoryKey.class
/files//org/apache/log4j/ProvisionNode.class
/files//com/fs/starfarer/settings/StarfarerSettings.class
/files/starfarer_obf.jar
/files/starfarer_obf.jar
/files//com/fs/graphics/A/ooOOOOOOOOOOOOOOOOOOOOOOOOOOOOOOOOOOOOOOOOOOOOOOOOOOOOOOOOOOOOOOOOOOOOOOOOOOOOOOOOOOOOOOOOOOOOOOOOOOOOOOOOOOOOOOOOOOOOOOOOOOOOOOOOOOOOOOOOOOOOOOOOOOOOOOOOOOOOOOOOOOOOOOOOOOOOOOOOOOOOOOOOOOOOOOOOOOOOOOOOOOOOOOOOOOOOOOOOOOOOOOOOOOOOOOOOOOOOOOOOOOOOOOOOOOOOOO.class
/files//com/fs/starfarer/settings/A.class
/files/starfarer_obf.jar
/files//org/json/JSONObject.class
/files//org/json/JSONObject$Null.class
/starsector_v44.html
/cheerpj_dist/4.2/cj3.wasm
/cheerpj_dist/4.2/c.html
/cheerpj_dist/4.2/cj3n17.wasm
/cheerpj_dist/4.2/17/lib/modules
/cheerpj_dist/4.2/17/lib/modules
/cheerpj_dist/4.2/17/lib/modules
/cheerpj_dist/4.2/17/lib/modules
/cheerpj_dist/4.2/17/lib/modules
/cheerpj_dist/4.2/17/lib/modules
/cheerpj_dist/4.2/17/lib/modules
/cheerpj_dist/4.2/17/lib/modules
/cheerpj_dist/4.2/17/lib/modules
/cheerpj_dist/4.2/17/lib/modules
/cheerpj_dist/4.2/17/lib/modules
/cheerpj_dist/4.2/17/lib/modules
/cheerpj_dist/4.2/17/lib/modules
/cheerpj_dist/4.2/17/lib/modules
/cheerpj_dist/4.2/17/lib/modules
/cheerpj_dist/4.2/17/lib/modules
/cheerpj_dist/4.2/17/lib/modules
/cheerpj_dist/4.2/17/lib/modules
/cheerpj_dist/4.2/17/lib/modules
/cheerpj_dist/4.2/17/lib/modules
/sw.js
/cheerpj_dist/4.2/etc/users
/cheerpj_dist/4.2/etc/localtime
/cheerpj_dist/4.2/17/lib/modules
/cheerpj_dist/4.2/17/lib/modules
/cheerpj_dist/4.2/17/lib/modules
/cheerpj_dist/4.2/17/lib/modules
/cheerpj_dist/4.2/17/lib/modules
/cheerpj_dist/4.2/17/lib/modules
/cheerpj_dist/4.2/17/lib/modules
/cheerpj_dist/4.2/17/lib/modules
/cheerpj_dist/4.2/17/lib/modules
/cheerpj_dist/4.2/17/lib/modules
/cheerpj_dist/4.2/17/jre/lib/cheerpj-handlers.jar
/cheerpj_dist/4.2/17/lib/modules
/cheerpj_dist/4.2/17/jre/lib/cheerpj-handlers.jar
/cheerpj_dist/4.2/17/jre/lib/cheerpj-awt.jar
/cheerpj_dist/4.2/17/jre/lib/cheerpj-awt.jar
/cheerpj_dist/4.2/17/jre/lib/cheerpj-jsobject.jar
/cheerpj_dist/4.2/17/jre/lib/cheerpj-jsobject.jar
/files/starfarer_obf.jar
/files/fs.common_obf.jar
/files/fs.sound_obf.jar
/files/starfarer.api.jar
/files/json.jar
/files/xstream-1.4.10.jar
/files/log4j-1.2.9.jar
/files/commons-compiler.jar
/files/commons-compiler-jdk.jar
/files/janino.jar
/files/jinput.jar
/files/lwjgl.jar
/files/lwjgl_util.jar
/files/jorbis-0.0.15.jar
/files/jogg-0.0.7.jar
/files//config.jar
/cheerpj_dist/4.2/17/lib/modules
/cheerpj_dist/4.2/17/lib/modules
/cheerpj_dist/4.2/17/lib/modules
/cheerpj_dist/4.2/17/lib/modules
/cheerpj_dist/4.2/17/lib/modules
/cheerpj_dist/4.2/17/lib/modules
/files//com/fs/starfarer/combat/CombatMain.class
/files/starfarer_obf.jar
/files/starfarer_obf.jar
/files/starfarer_obf.jar
/files/starfarer_obf.jar
/files/starfarer_obf.jar
/files/starfarer_obf.jar
/files/starfarer_obf.jar
/files//com/fs/util/DoNotObfuscate.class
/files/fs.common_obf.jar
/files/fs.common_obf.jar
/cheerpj_dist/4.2/17/lib/modules
/cheerpj_dist/4.2/17/lib/modules
/cheerpj_dist/4.2/17/lib/modules
/files//org/apache/log4j/Logger.class
/cheerpj_dist/4.2/17/lib/modules
/files/fs.sound_obf.jar
/files/starfarer.api.jar
/files/starfarer.api.jar
/files/starfarer.api.jar
/files/starfarer.api.jar
/files/starfarer.api.jar
/files/json.jar
/files/xstream-1.4.10.jar
/files/xstream-1.4.10.jar
/files/xstream-1.4.10.jar
/files/log4j-1.2.9.jar
/files/log4j-1.2.9.jar
/files/log4j-1.2.9.jar
/files//org/apache/log4j/Category.class
/files//org/apache/log4j/spi/AppenderAttachable.class
/files//org/apache/log4j/Level.class
/files//org/apache/log4j/Priority.class
/files//org/apache/log4j/LogManager.class
/files//org/apache/log4j/Hierarchy.class
/files//org/apache/log4j/spi/LoggerRepository.class
/files//org/apache/log4j/spi/RendererSupport.class
/files//org/apache/log4j/spi/RootLogger.class
/files//org/apache/log4j/or/RendererMap.class
/cheerpj_dist/4.2/17/lib/modules
tRenderer.class
/files//org/apache/log4j/or/ObjectRenderer.class
/files//org/apache/log4j/DefaultCategoryFactory.class
/files//org/apache/log4j/spi/LoggerFactory.class
/files//org/apache/log4j/spi/DefaultRepositorySelector.class
/files//org/apache/log4j/spi/RepositorySelector.class
/files//org/apache/log4j/helpers/OptionConverter.class
/files//org/apache/log4j/helpers/Loader.class
/cheerpj_dist/4.2/17/lib/modules
/files//org/apache/log4j/helpers/LogLog.class
/files//log4j.xml
/files//org/apache/log4j/spi/Configurator.class
/files//org/apache/log4j/xml/DOMConfigurator.class
/cheerpj_dist/4.2/17/lib/modules
/cheerpj_dist/4.2/17/lib/modules
/cheerpj_dist/4.2/17/lib/modules
/cheerpj_dist/4.2/17/lib/modules
/cheerpj_dist/4.2/17/conf/jaxp.properties
/files//META-INF/services/javax.xml.parsers.DocumentBuilderFactory
/files/commons-compiler.jar
/files/commons-compiler-jdk.jar
/files/janino.jar
/files/janino.jar
/files/jinput.jar
/files/jinput.jar
/files/lwjgl.jar
/files/lwjgl.jar
/files/lwjgl.jar
/files/lwjgl.jar
/files/lwjgl_util.jar
/files/lwjgl_util.jar
/files/jorbis-0.0.15.jar
/files/jogg-0.0.7.jar
/files//config.jar
/files//META-INF/services/javax.xml.parsers.DocumentBuilderFactory
/cheerpj_dist/4.2/17/lib/modules
/cheerpj_dist/4.2/17/lib/modules
/cheerpj_dist/4.2/17/conf/jaxp.properties
/cheerpj_dist/4.2/17/lib/modules
/cheerpj_dist/4.2/17/lib/modules
/cheerpj_dist/4.2/17/lib/modules
/cheerpj_dist/4.2/17/lib/modules
/cheerpj_dist/4.2/17/lib/modules
/cheerpj_dist/4.2/17/lib/modules
/cheerpj_dist/4.2/17/lib/modules
/cheerpj_dist/4.2/17/lib/modules
/files//org/apache/log4j/xml/SAXErrorHandler.class
/files//org/apache/log4j/xml/Log4jEntityResolver.class
/files//log4j.xml
/cheerpj_dist/4.2/17/lib/modules
/files//org/apache/log4j/xml/log4j.dtd
/files//org/apache/log4j/config/PropertySetter.class
/files//org/apache/log4j/Appender.class
/files//org/apache/log4j/ConsoleAppender.class
/files//org/apache/log4j/WriterAppender.class
/files//org/apache/log4j/AppenderSkeleton.class
/files//org/apache/log4j/spi/OptionHandler.class
/files//org/apache/log4j/Layout.class
/files//org/apache/log4j/helpers/OnlyOnceErrorHandler.class
/files//org/apache/log4j/spi/ErrorHandler.class
/files//org/apache/log4j/PatternLayout.class
/files//org/apache/log4j/helpers/PatternParser.class
/files//org/apache/log4j/helpers/FormattingInfo.class
/files//org/apache/log4j/helpers/PatternParser$BasicPatternConverter.class
/files//org/apache/log4j/helpers/PatternConverter.class
/files//org/apache/log4j/helpers/PatternParser$LiteralPatternConverter.class
/files//org/apache/log4j/config/PropertySetterException.class
/cheerpj_dist/4.2/17/lib/modules
/cheerpj_dist/4.2/17/lib/modules
/files//org/apache/log4j/PatternLayoutBeanInfo.class
/files//org/apache/log4j/PatternLayoutBeanInfo.class
/cheerpj_dist/4.2/17/lib/modules
/files//org/apache/log4j/LayoutBeanInfo.class
/files//org/apache/log4j/LayoutBeanInfo.class
/cheerpj_dist/4.2/17/lib/modules
/cheerpj_dist/4.2/17/lib/modules
/files//org/apache/log4j/LayoutCustomizer.class
/files//org/apache/log4j/LayoutCustomizer.class
/files//org/apache/log4j/spi/LoggingEvent.class
/files//org/apache/log4j/PatternLayoutCustomizer.class
/files//org/apache/log4j/PatternLayoutCustomizer.class
/files//org/apache/log4j/helpers/ISO8601DateFormat.class
/files//org/apache/log4j/helpers/AbsoluteTimeDateFormat.class
/cheerpj_dist/4.2/etc/timezone
/cheerpj_dist/4.2/17/lib/tzdb.dat
/files//org/apache/log4j/helpers/QuietWriter.class
/files//org/apache/log4j/helpers/AppenderAttachableImpl.class
/files//org/apache/log4j/CategoryKey.class
/files//org/apache/log4j/ProvisionNode.class
/files//com/fs/starfarer/settings/StarfarerSettings.class
/files/starfarer_obf.jar
/files/starfarer_obf.jar
/files//com/fs/graphics/A/ooOOOOOOOOOOOOOOOOOOOOOOOOOOOOOOOOOOOOOOOOOOOOOOOOOOOOOOOOOOOOOOOOOOOOOOOOOOOOOOOOOOOOOOOOOOOOOOOOOOOOOOOOOOOOOOOOOOOOOOOOOOOOOOOOOOOOOOOOOOOOOOOOOOOOOOOOOOOOOOOOOOOOOOOOOOOOOOOOOOOOOOOOOOOOOOOOOOOOOOOOOOOOOOOOOOOOOOOOOOOOOOOOOOOOOOOOOOOOOOOOOOOOOOOOOOOOOO.class
/files//com/fs/starfarer/settings/A.class
/files/starfarer_obf.jar
t.class
/files//org/json/JSONObject$Null.class
/starsector_v44.html
/cheerpj_dist/4.2/cj3.wasm
/cheerpj_dist/4.2/c.html
/cheerpj_dist/4.2/cj3n17.wasm
/cheerpj_dist/4.2/17/lib/modules
/cheerpj_dist/4.2/17/lib/modules
/cheerpj_dist/4.2/17/lib/modules
/cheerpj_dist/4.2/17/lib/modules
/cheerpj_dist/4.2/17/lib/modules
/cheerpj_dist/4.2/17/lib/modules
/cheerpj_dist/4.2/17/lib/modules
/cheerpj_dist/4.2/17/lib/modules
/cheerpj_dist/4.2/17/lib/modules
/cheerpj_dist/4.2/17/lib/modules
/cheerpj_dist/4.2/17/lib/modules
/cheerpj_dist/4.2/17/lib/modules
/sw.js
/cheerpj_dist/4.2/17/lib/modules
/cheerpj_dist/4.2/17/lib/modules
/cheerpj_dist/4.2/17/lib/modules
/cheerpj_dist/4.2/17/lib/modules
/cheerpj_dist/4.2/17/lib/modules
/cheerpj_dist/4.2/17/lib/modules
/cheerpj_dist/4.2/17/lib/modules
/cheerpj_dist/4.2/17/lib/modules
/cheerpj_dist/4.2/etc/users
/cheerpj_dist/4.2/etc/localtime
/cheerpj_dist/4.2/17/lib/modules
/cheerpj_dist/4.2/17/lib/modules
/cheerpj_dist/4.2/17/lib/modules
/cheerpj_dist/4.2/17/lib/modules
/cheerpj_dist/4.2/17/lib/modules
/cheerpj_dist/4.2/17/lib/modules
/cheerpj_dist/4.2/17/lib/modules
/cheerpj_dist/4.2/17/lib/modules
/cheerpj_dist/4.2/17/lib/modules
/cheerpj_dist/4.2/17/lib/modules
/cheerpj_dist/4.2/17/jre/lib/cheerpj-handlers.jar
/cheerpj_dist/4.2/17/lib/modules
/cheerpj_dist/4.2/17/lib/modules
/cheerpj_dist/4.2/17/jre/lib/cheerpj-handlers.jar
/cheerpj_dist/4.2/17/jre/lib/cheerpj-awt.jar
/cheerpj_dist/4.2/17/jre/lib/cheerpj-awt.jar
/cheerpj_dist/4.2/17/jre/lib/cheerpj-jsobject.jar
/cheerpj_dist/4.2/17/jre/lib/cheerpj-jsobject.jar
/files/starfarer_obf.jar
/files/fs.common_obf.jar
/files/fs.sound_obf.jar
/files/starfarer.api.jar
/files/json.jar
/files/xstream-1.4.10.jar
/files/log4j-1.2.9.jar
/files/commons-compiler.jar
/files/commons-compiler-jdk.jar
/files/janino.jar
/files/jinput.jar
/files/lwjgl.jar
/files/lwjgl_util.jar
/files/jorbis-0.0.15.jar
/files/jogg-0.0.7.jar
/files//config.jar
/cheerpj_dist/4.2/17/lib/modules
/cheerpj_dist/4.2/17/lib/modules
/cheerpj_dist/4.2/17/lib/modules
/cheerpj_dist/4.2/17/lib/modules
/cheerpj_dist/4.2/17/lib/modules
/cheerpj_dist/4.2/17/lib/modules
/files//com/fs/starfarer/combat/CombatMain.class
/files/starfarer_obf.jar
/files/starfarer_obf.jar
/files/starfarer_obf.jar
/files/starfarer_obf.jar
/files/starfarer_obf.jar
/files/starfarer_obf.jar
/files/starfarer_obf.jar
/files/starfarer_obf.jar
/files//com/fs/util/DoNotObfuscate.class
/files/fs.common_obf.jar
/files/fs.common_obf.jar
/cheerpj_dist/4.2/17/lib/modules
/cheerpj_dist/4.2/17/lib/modules
/cheerpj_dist/4.2/17/lib/modules
/files//org/apache/log4j/Logger.class
/cheerpj_dist/4.2/17/lib/modules
/files/fs.sound_obf.jar
/files/starfarer.api.jar
/files/starfarer.api.jar
/files/starfarer.api.jar
/files/starfarer.api.jar
/files/starfarer.api.jar
/files/json.jar
/files/xstream-1.4.10.jar
/files/xstream-1.4.10.jar
/files/xstream-1.4.10.jar
/files/log4j-1.2.9.jar
/files/log4j-1.2.9.jar
/files/log4j-1.2.9.jar
/files//org/apache/log4j/Category.class
/files//org/apache/log4j/spi/AppenderAttachable.class
/files//org/apache/log4j/Level.class
/files//org/apache/log4j/Priority.class
/files//org/apache/log4j/LogManager.class
/files//org/apache/log4j/Hierarchy.class
/files//org/apache/log4j/spi/LoggerRepository.class
/files//org/apache/log4j/spi/RendererSupport.class
/files//org/apache/log4j/spi/RootLogger.class
/files//org/apache/log4j/or/RendererMap.class
/files//org/apache/log4j/or/DefaultRenderer.class
/cheerpj_dist/4.2/17/lib/modules
/files//org/apache/log4j/or/ObjectRenderer.class
/files//org/apache/log4j/DefaultCategoryFactory.class
/files//org/apache/log4j/spi/LoggerFactory.class
/files//org/apache/log4j/spi/DefaultRepositorySelector.class
/files//org/apache/log4j/spi/RepositorySelector.class
/files//org/apache/log4j/helpers/OptionConverter.class
/files//org/apache/log4j/helpers/Loader.class
/cheerpj_dist/4.2/17/lib/modules
/files//org/apache/log4j/helpers/LogLog.class
/files//log4j.xml
/files//org/apache/log4j/spi/Configurator.class
/files//org/apache/log4j/xml/DOMConfigurator.class
/cheerpj_dist/4.2/17/lib/modules
/cheerpj_dist/4.2/17/lib/modules
/cheerpj_dist/4.2/17/lib/modules
/cheerpj_dist/4.2/17/lib/modules
/cheerpj_dist/4.2/17/lib/modules
/cheerpj_dist/4.2/17/conf/jaxp.properties
/files//META-INF/services/javax.xml.parsers.DocumentBuilderFactory
/files/commons-compiler.jar
/files/commons-compiler-jdk.jar
/files/janino.jar
/files/janino.jar
/files/janino.jar
/files/jinput.jar
/files/jinput.jar
/files/lwjgl.jar
/files/lwjgl.jar
/files/lwjgl.jar
/files/lwjgl.jar
/files/lwjgl_util.jar
/files/lwjgl_util.jar
/files/jorbis-0.0.15.jar
/files/jogg-0.0.7.jar
/files//config.jar
/files//META-INF/services/javax.xml.parsers.DocumentBuilderFactory
/cheerpj_dist/4.2/17/lib/modules
/cheerpj_dist/4.2/17/lib/modules
/cheerpj_dist/4.2/17/conf/jaxp.properties
/cheerpj_dist/4.2/17/lib/modules
/cheerpj_dist/4.2/17/lib/modules
/cheerpj_dist/4.2/17/lib/modules
/cheerpj_dist/4.2/17/lib/modules
/cheerpj_dist/4.2/17/lib/modules
/cheerpj_dist/4.2/17/lib/modules
/cheerpj_dist/4.2/17/lib/modules
/cheerpj_dist/4.2/17/lib/modules
/cheerpj_dist/4.2/17/lib/modules
/files//org/apache/log4j/xml/SAXErrorHandler.class
/files//org/apache/log4j/xml/Log4jEntityResolver.class
/files//log4j.xml
/cheerpj_dist/4.2/17/lib/modules
/files//org/apache/log4j/xml/log4j.dtd
/files//org/apache/log4j/config/PropertySetter.class
/files//org/apache/log4j/Appender.class
/files//org/apache/log4j/ConsoleAppender.class
/files//org/apache/log4j/WriterAppender.class
/files//org/apache/log4j/AppenderSkeleton.class
/files//org/apache/log4j/spi/OptionHandler.class
/files//org/apache/log4j/Layout.class
/files//org/apache/log4j/helpers/OnlyOnceErrorHandler.class
/files//org/apache/log4j/spi/ErrorHandler.class
/files//org/apache/log4j/PatternLayout.class
/files//org/apache/log4j/helpers/PatternParser.class
/files//org/apache/log4j/helpers/FormattingInfo.class
/files//org/apache/log4j/helpers/PatternParser$BasicPatternConverter.class
/files//org/apache/log4j/helpers/PatternConverter.class
/files//org/apache/log4j/helpers/PatternParser$LiteralPatternConverter.class
/files//org/apache/log4j/config/PropertySetterException.class
/cheerpj_dist/4.2/17/lib/modules
/cheerpj_dist/4.2/17/lib/modules
/files//org/apache/log4j/PatternLayoutBeanInfo.class
/cheerpj_dist/4.2/17/lib/modules
/files//org/apache/log4j/PatternLayoutBeanInfo.class
/files//org/apache/log4j/LayoutBeanInfo.class
/files//org/apache/log4j/LayoutBeanInfo.class
/cheerpj_dist/4.2/17/lib/modules
/cheerpj_dist/4.2/17/lib/modules
/files//org/apache/log4j/LayoutCustomizer.class
/files//org/apache/log4j/LayoutCustomizer.class
/files//org/apache/log4j/spi/LoggingEvent.class
/files//org/apache/log4j/PatternLayoutCustomizer.class
/files//org/apache/log4j/PatternLayoutCustomizer.class
/files//org/apache/log4j/helpers/ISO8601DateFormat.class
/files//org/apache/log4j/helpers/AbsoluteTimeDateFormat.class
/cheerpj_dist/4.2/etc/timezone
/cheerpj_dist/4.2/17/lib/tzdb.dat
/files//org/apache/log4j/helpers/QuietWriter.class
/files//org/apache/log4j/helpers/AppenderAttachableImpl.class
/files//org/apache/log4j/CategoryKey.class
/files//org/apache/log4j/ProvisionNode.class
/files//com/fs/starfarer/settings/StarfarerSettings.class
/files/starfarer_obf.jar
/files/starfarer_obf.jar
/files//com/fs/graphics/A/ooOOOOOOOOOOOOOOOOOOOOOOOOOOOOOOOOOOOOOOOOOOOOOOOOOOOOOOOOOOOOOOOOOOOOOOOOOOOOOOOOOOOOOOOOOOOOOOOOOOOOOOOOOOOOOOOOOOOOOOOOOOOOOOOOOOOOOOOOOOOOOOOOOOOOOOOOOOOOOOOOOOOOOOOOOOOOOOOOOOOOOOOOOOOOOOOOOOOOOOOOOOOOOOOOOOOOOOOOOOOOOOOOOOOOOOOOOOOOOOOOOOOOOOOOOOOOOO.class
/files//com/fs/starfarer/settings/A.class
/files/starfarer_obf.jar
/files//org/json/JSONObject.class
/files//org/json/JSONObject$Null.class
/starsector_v44.html
/cheerpj_dist/4.2/cj3.wasm
/cheerpj_dist/4.2/c.html
/cheerpj_dist/4.2/cj3n17.wasm
/cheerpj_dist/4.2/17/lib/modules
/cheerpj_dist/4.2/17/lib/modules
/cheerpj_dist/4.2/17/lib/modules
/cheerpj_dist/4.2/17/lib/modules
/cheerpj_dist/4.2/17/lib/modules
/cheerpj_dist/4.2/17/lib/modules
/cheerpj_dist/4.2/17/lib/modules
/cheerpj_dist/4.2/17/lib/modules
/cheerpj_dist/4.2/17/lib/modules
/cheerpj_dist/4.2/17/lib/modules
/cheerpj_dist/4.2/17/lib/modules
/cheerpj_dist/4.2/17/lib/modules
/cheerpj_dist/4.2/17/lib/modules
/cheerpj_dist/4.2/17/lib/modules
/cheerpj_dist/4.2/17/lib/modules
/cheerpj_dist/4.2/17/lib/modules
/cheerpj_dist/4.2/17/lib/modules
/cheerpj_dist/4.2/17/lib/modules
/cheerpj_dist/4.2/17/lib/modules
/cheerpj_dist/4.2/17/lib/modules
/cheerpj_dist/4.2/etc/users
/cheerpj_dist/4.2/etc/localtime
/cheerpj_dist/4.2/17/lib/modules
/cheerpj_dist/4.2/17/lib/modules
/cheerpj_dist/4.2/17/lib/modules
/cheerpj_dist/4.2/17/lib/modules
/cheerpj_dist/4.2/17/lib/modules
/cheerpj_dist/4.2/17/lib/modules
/cheerpj_dist/4.2/17/lib/modules
/cheerpj_dist/4.2/17/lib/modules
/cheerpj_dist/4.2/17/jre/lib/cheerpj-handlers.jar
/cheerpj_dist/4.2/17/lib/modules
/cheerpj_dist/4.2/17/lib/modules
/cheerpj_dist/4.2/17/jre/lib/cheerpj-handlers.jar
/cheerpj_dist/4.2/17/jre/lib/cheerpj-awt.jar
/cheerpj_dist/4.2/17/jre/lib/cheerpj-awt.jar
/cheerpj_dist/4.2/17/jre/lib/cheerpj-jsobject.jar
/cheerpj_dist/4.2/17/jre/lib/cheerpj-jsobject.jar
/files/starfarer_obf.jar
/files/fs.common_obf.jar
/files/fs.sound_obf.jar
/files/starfarer.api.jar
/files/json.jar
/files/xstream-1.4.10.jar
/files/log4j-1.2.9.jar
/files/commons-compiler.jar
/files/commons-compiler-jdk.jar
/files/janino.jar
/files/jinput.jar
/files/lwjgl.jar
/files/lwjgl_util.jar
/files/jorbis-0.0.15.jar
/files/jogg-0.0.7.jar
/files//config.jar
/cheerpj_dist/4.2/17/lib/modules
/cheerpj_dist/4.2/17/lib/modules
/cheerpj_dist/4.2/17/lib/modules
/cheerpj_dist/4.2/17/lib/modules
/cheerpj_dist/4.2/17/lib/modules
/cheerpj_dist/4.2/17/lib/modules
/files//com/fs/starfarer/combat/CombatMain.class
/files/starfarer_obf.jar
/files/starfarer_obf.jar
/files/starfarer_obf.jar
/files/starfarer_obf.jar
/files/starfarer_obf.jar
/files/starfarer_obf.jar
/files/starfarer_obf.jar
/files//com/fs/util/DoNotObfuscate.class
/files/fs.common_obf.jar
/files/fs.common_obf.jar
/cheerpj_dist/4.2/17/lib/modules
/cheerpj_dist/4.2/17/lib/modules
/cheerpj_dist/4.2/17/lib/modules
/cheerpj_dist/4.2/17/lib/modules
/files//org/apache/log4j/Logger.class
/files/fs.sound_obf.jar
/files/starfarer.api.jar
/files/starfarer.api.jar
/files/starfarer.api.jar
/files/starfarer.api.jar
/files/starfarer.api.jar
/files/json.jar
/files/xstream-1.4.10.jar
/files/xstream-1.4.10.jar
/files/xstream-1.4.10.jar
/files/log4j-1.2.9.jar
/files/log4j-1.2.9.jar
/files/log4j-1.2.9.jar
/files//org/apache/log4j/Category.class
/files//org/apache/log4j/spi/AppenderAttachable.class
/files//org/apache/log4j/Level.class
/files//org/apache/log4j/Priority.class
/files//org/apache/log4j/LogManager.class
/files//org/apache/log4j/Hierarchy.class
/files//org/apache/log4j/spi/LoggerRepository.class
/files//org/apache/log4j/spi/RendererSupport.class
/files//org/apache/log4j/spi/RootLogger.class
/files//org/apache/log4j/or/RendererMap.class
/cheerpj_dist/4.2/17/lib/modules
/files//org/apache/log4j/or/DefaultRenderer.class
/files//org/apache/log4j/or/ObjectRenderer.class
/files//org/apache/log4j/DefaultCategoryFactory.class
/files//org/apache/log4j/spi/LoggerFactory.class
/files//org/apache/log4j/spi/DefaultRepositorySelector.class
/files//org/apache/log4j/spi/RepositorySelector.class
/files//org/apache/log4j/helpers/OptionConverter.class
/files//org/apache/log4j/helpers/Loader.class
/cheerpj_dist/4.2/17/lib/modules
/files//org/apache/log4j/helpers/LogLog.class
/files//log4j.xml
/files//org/apache/log4j/spi/Configurator.class
/files//org/apache/log4j/xml/DOMConfigurator.class
/cheerpj_dist/4.2/17/lib/modules
/cheerpj_dist/4.2/17/lib/modules
/cheerpj_dist/4.2/17/lib/modules
/cheerpj_dist/4.2/17/lib/modules
/cheerpj_dist/4.2/17/lib/modules
/cheerpj_dist/4.2/17/conf/jaxp.properties
/files//META-INF/services/javax.xml.parsers.DocumentBuilderFactory
/files/commons-compiler.jar
/files/commons-compiler-jdk.jar
/files/janino.jar
/files/janino.jar
/files/janino.jar
/files/jinput.jar
/files/jinput.jar
/files/lwjgl.jar
/files/lwjgl.jar
/files/lwjgl.jar
/files/lwjgl.jar
/files/lwjgl_util.jar
/files/lwjgl_util.jar
/files/jorbis-0.0.15.jar
/files/jogg-0.0.7.jar
/files//config.jar
/files//META-INF/services/javax.xml.parsers.DocumentBuilderFactory
/cheerpj_dist/4.2/17/lib/modules
/cheerpj_dist/4.2/17/lib/modules
/cheerpj_dist/4.2/17/conf/jaxp.properties
/cheerpj_dist/4.2/17/lib/modules
/cheerpj_dist/4.2/17/lib/modules
/cheerpj_dist/4.2/17/lib/modules
/cheerpj_dist/4.2/17/lib/modules
/cheerpj_dist/4.2/17/lib/modules
/cheerpj_dist/4.2/17/lib/modules
/cheerpj_dist/4.2/17/lib/modules
/cheerpj_dist/4.2/17/lib/modules
/files//org/apache/log4j/xml/SAXErrorHandler.class
/files//org/apache/log4j/xml/Log4jEntityResolver.class
/files//log4j.xml
/cheerpj_dist/4.2/17/lib/modules
/files//org/apache/log4j/xml/log4j.dtd
/files//org/apache/log4j/config/PropertySetter.class
/files//org/apache/log4j/Appender.class
/files//org/apache/log4j/ConsoleAppender.class
/files//org/apache/log4j/WriterAppender.class
/files//org/apache/log4j/AppenderSkeleton.class
/files//org/apache/log4j/spi/OptionHandler.class
/files//org/apache/log4j/Layout.class
/files//org/apache/log4j/helpers/OnlyOnceErrorHandler.class
/files//org/apache/log4j/spi/ErrorHandler.class
/files//org/apache/log4j/PatternLayout.class
/files//org/apache/log4j/helpers/PatternParser.class
/files//org/apache/log4j/helpers/FormattingInfo.class
/files//org/apache/log4j/helpers/PatternParser$BasicPatternConverter.class
/files//org/apache/log4j/helpers/PatternConverter.class
/files//org/apache/log4j/helpers/PatternParser$LiteralPatternConverter.class
/files//org/apache/log4j/config/PropertySetterException.class
/cheerpj_dist/4.2/17/lib/modules
/cheerpj_dist/4.2/17/lib/modules
/files//org/apache/log4j/PatternLayoutBeanInfo.class
/cheerpj_dist/4.2/17/lib/modules
/files//org/apache/log4j/PatternLayoutBeanInfo.class
/files//org/apache/log4j/LayoutBeanInfo.class
/files//org/apache/log4j/LayoutBeanInfo.class
/cheerpj_dist/4.2/17/lib/modules
/cheerpj_dist/4.2/17/lib/modules
/files//org/apache/log4j/LayoutCustomizer.class
/files//org/apache/log4j/LayoutCustomizer.class
/files//org/apache/log4j/spi/LoggingEvent.class
/files//org/apache/log4j/PatternLayoutCustomizer.class
/files//org/apache/log4j/PatternLayoutCustomizer.class
/files//org/apache/log4j/helpers/ISO8601DateFormat.class
/files//org/apache/log4j/helpers/AbsoluteTimeDateFormat.class
/cheerpj_dist/4.2/etc/timezone
/cheerpj_dist/4.2/17/lib/tzdb.dat
/files//org/apache/log4j/helpers/QuietWriter.class
/files//org/apache/log4j/helpers/AppenderAttachableImpl.class
/files//org/apache/log4j/CategoryKey.class
/files//org/apache/log4j/ProvisionNode.class
/files//com/fs/starfarer/settings/StarfarerSettings.class
/files/starfarer_obf.jar
/files/starfarer_obf.jar
/files//com/fs/graphics/A/ooOOOOOOOOOOOOOOOOOOOOOOOOOOOOOOOOOOOOOOOOOOOOOOOOOOOOOOOOOOOOOOOOOOOOOOOOOOOOOOOOOOOOOOOOOOOOOOOOOOOOOOOOOOOOOOOOOOOOOOOOOOOOOOOOOOOOOOOOOOOOOOOOOOOOOOOOOOOOOOOOOOOOOOOOOOOOOOOOOOOOOOOOOOOOOOOOOOOOOOOOOOOOOOOOOOOOOOOOOOOOOOOOOOOOOOOOOOOOOOOOOOOOOOOOOOOOOO.class
/files//com/fs/starfarer/settings/A.class
/files/starfarer_obf.jar
/files//org/json/JSONObject.class
/files//org/json/JSONObject$Null.class
/starsector_v44.html
/cheerpj_dist/4.2/cj3.wasm
/cheerpj_dist/4.2/c.html
/cheerpj_dist/4.2/cj3n17.wasm
/cheerpj_dist/4.2/17/lib/modules
/cheerpj_dist/4.2/17/lib/modules
/cheerpj_dist/4.2/17/lib/modules
/cheerpj_dist/4.2/17/lib/modules
/cheerpj_dist/4.2/17/lib/modules
/cheerpj_dist/4.2/17/lib/modules
/cheerpj_dist/4.2/17/lib/modules
/cheerpj_dist/4.2/17/lib/modules
/cheerpj_dist/4.2/17/lib/modules
/cheerpj_dist/4.2/17/lib/modules
/cheerpj_dist/4.2/17/lib/modules
/cheerpj_dist/4.2/17/lib/modules
/sw.js
/cheerpj_dist/4.2/17/lib/modules
/cheerpj_dist/4.2/17/lib/modules
/cheerpj_dist/4.2/17/lib/modules
/cheerpj_dist/4.2/17/lib/modules
/cheerpj_dist/4.2/17/lib/modules
/cheerpj_dist/4.2/17/lib/modules
/cheerpj_dist/4.2/17/lib/modules
/cheerpj_dist/4.2/17/lib/modules
/cheerpj_dist/4.2/etc/users
/cheerpj_dist/4.2/etc/localtime
/cheerpj_dist/4.2/17/lib/modules
/cheerpj_dist/4.2/17/lib/modules
/cheerpj_dist/4.2/17/lib/modules
/cheerpj_dist/4.2/17/lib/modules
/cheerpj_dist/4.2/17/lib/modules
/cheerpj_dist/4.2/17/lib/modules
/cheerpj_dist/4.2/17/lib/modules
/cheerpj_dist/4.2/17/lib/modules
/cheerpj_dist/4.2/17/lib/modules
/cheerpj_dist/4.2/17/lib/modules
/cheerpj_dist/4.2/17/jre/lib/cheerpj-handlers.jar
/cheerpj_dist/4.2/17/lib/modules
/cheerpj_dist/4.2/17/jre/lib/cheerpj-handlers.jar
/cheerpj_dist/4.2/17/jre/lib/cheerpj-awt.jar
/cheerpj_dist/4.2/17/jre/lib/cheerpj-awt.jar
/cheerpj_dist/4.2/17/jre/lib/cheerpj-jsobject.jar
/cheerpj_dist/4.2/17/jre/lib/cheerpj-jsobject.jar
/files/starfarer_obf.jar
/files/fs.common_obf.jar
/files/fs.sound_obf.jar
/files/starfarer.api.jar
/files/json.jar
/files/xstream-1.4.10.jar
/files/log4j-1.2.9.jar
/files/commons-compiler.jar
/files/commons-compiler-jdk.jar
/files/janino.jar
/files/jinput.jar
/files/lwjgl.jar
/files/lwjgl_util.jar
/files/jorbis-0.0.15.jar
/files/jogg-0.0.7.jar
/files//config.jar
/cheerpj_dist/4.2/17/lib/modules
/cheerpj_dist/4.2/17/lib/modules
/cheerpj_dist/4.2/17/lib/modules
/cheerpj_dist/4.2/17/lib/modules
/cheerpj_dist/4.2/17/lib/modules
/cheerpj_dist/4.2/17/lib/modules
/files//com/fs/starfarer/combat/CombatMain.class
/files/starfarer_obf.jar
/files/starfarer_obf.jar
/files/starfarer_obf.jar
/files/starfarer_obf.jar
/files/starfarer_obf.jar
/files/starfarer_obf.jar
/files/starfarer_obf.jar
/files/starfarer_obf.jar
/files//com/fs/util/DoNotObfuscate.class
/files/fs.common_obf.jar
/files/fs.common_obf.jar
/files/fs.common_obf.jar
/cheerpj_dist/4.2/17/lib/modules
/cheerpj_dist/4.2/17/lib/modules
/cheerpj_dist/4.2/17/lib/modules
/files//org/apache/log4j/Logger.class
/cheerpj_dist/4.2/17/lib/modules
/files/fs.sound_obf.jar
/files/starfarer.api.jar
/files/starfarer.api.jar
/files/starfarer.api.jar
/files/starfarer.api.jar
/files/starfarer.api.jar
/files/json.jar
/files/xstream-1.4.10.jar
/files/xstream-1.4.10.jar
/files/xstream-1.4.10.jar
/files/log4j-1.2.9.jar
/files/log4j-1.2.9.jar
/files/log4j-1.2.9.jar
/files//org/apache/log4j/Category.class
/files//org/apache/log4j/spi/AppenderAttachable.class
/files//org/apache/log4j/Level.class
/files//org/apache/log4j/Priority.class
/files//org/apache/log4j/LogManager.class
/files//org/apache/log4j/Hierarchy.class
/files//org/apache/log4j/spi/LoggerRepository.class
/files//org/apache/log4j/spi/RendererSupport.class
/files//org/apache/log4j/spi/RootLogger.class
/files//org/apache/log4j/or/RendererMap.class
/cheerpj_dist/4.2/17/lib/modules
/files//org/apache/log4j/or/DefaultRenderer.class
/files//org/apache/log4j/or/ObjectRenderer.class
/files//org/apache/log4j/DefaultCategoryFactory.class
/files//org/apache/log4j/spi/LoggerFactory.class
/files//org/apache/log4j/spi/DefaultRepositorySelector.class
/files//org/apache/log4j/spi/RepositorySelector.class
/files//org/apache/log4j/helpers/OptionConverter.class
/files//org/apache/log4j/helpers/Loader.class
/cheerpj_dist/4.2/17/lib/modules
/files//org/apache/log4j/helpers/LogLog.class
/files//log4j.xml
/files//org/apache/log4j/spi/Configurator.class
/files//org/apache/log4j/xml/DOMConfigurator.class
/cheerpj_dist/4.2/17/lib/modules
/cheerpj_dist/4.2/17/lib/modules
/cheerpj_dist/4.2/17/lib/modules
/cheerpj_dist/4.2/17/lib/modules
/cheerpj_dist/4.2/17/lib/modules
/cheerpj_dist/4.2/17/conf/jaxp.properties
/files//META-INF/services/javax.xml.parsers.DocumentBuilderFactory
/files/commons-compiler.jar
/files/commons-compiler-jdk.jar
/files/janino.jar
/files/janino.jar
/files/jinput.jar
/files/jinput.jar
/files/lwjgl.jar
/files/lwjgl.jar
/files/lwjgl.jar
/files/lwjgl.jar
/files/lwjgl_util.jar
/files/lwjgl_util.jar
/files/jorbis-0.0.15.jar
/files/jogg-0.0.7.jar
/files//config.jar
/files//META-INF/services/javax.xml.parsers.DocumentBuilderFactory
/cheerpj_dist/4.2/17/lib/modules
/cheerpj_dist/4.2/17/lib/modules
/cheerpj_dist/4.2/17/conf/jaxp.properties
/cheerpj_dist/4.2/17/lib/modules
/cheerpj_dist/4.2/17/lib/modules
/cheerpj_dist/4.2/17/lib/modules
/cheerpj_dist/4.2/17/lib/modules
/cheerpj_dist/4.2/17/lib/modules
/cheerpj_dist/4.2/17/lib/modules
/cheerpj_dist/4.2/17/lib/modules
/cheerpj_dist/4.2/17/lib/modules
/cheerpj_dist/4.2/17/lib/modules
/files//org/apache/log4j/xml/SAXErrorHandler.class
/files//org/apache/log4j/xml/Log4jEntityResolver.class
/files//log4j.xml
/cheerpj_dist/4.2/17/lib/modules
/files//org/apache/log4j/xml/log4j.dtd
/files//org/apache/log4j/config/PropertySetter.class
/files//org/apache/log4j/Appender.class
/files//org/apache/log4j/ConsoleAppender.class
/files//org/apache/log4j/WriterAppender.class
/files//org/apache/log4j/AppenderSkeleton.class
/files//org/apache/log4j/spi/OptionHandler.class
/files//org/apache/log4j/Layout.class
/files//org/apache/log4j/helpers/OnlyOnceErrorHandler.class
/files//org/apache/log4j/spi/ErrorHandler.class
/files//org/apache/log4j/PatternLayout.class
/files//org/apache/log4j/helpers/PatternParser.class
/files//org/apache/log4j/helpers/FormattingInfo.class
/files//org/apache/log4j/helpers/PatternParser$BasicPatternConverter.class
/files//org/apache/log4j/helpers/PatternConverter.class
/files//org/apache/log4j/helpers/PatternParser$LiteralPatternConverter.class
/files//org/apache/log4j/config/PropertySetterException.class
/cheerpj_dist/4.2/17/lib/modules
/cheerpj_dist/4.2/17/lib/modules
/files//org/apache/log4j/PatternLayoutBeanInfo.class
/files//org/apache/log4j/PatternLayoutBeanInfo.class
/cheerpj_dist/4.2/17/lib/modules
/files//org/apache/log4j/LayoutBeanInfo.class
/files//org/apache/log4j/LayoutBeanInfo.class
/cheerpj_dist/4.2/17/lib/modules
/cheerpj_dist/4.2/17/lib/modules
/files//org/apache/log4j/LayoutCustomizer.class
/files//org/apache/log4j/LayoutCustomizer.class
/files//org/apache/log4j/spi/LoggingEvent.class
/files//org/apache/log4j/PatternLayoutCustomizer.class
/files//org/apache/log4j/PatternLayoutCustomizer.class
/files//org/apache/log4j/helpers/ISO8601DateFormat.class
/files//org/apache/log4j/helpers/AbsoluteTimeDateFormat.class
/cheerpj_dist/4.2/etc/timezone
/cheerpj_dist/4.2/17/lib/tzdb.dat
/files//org/apache/log4j/helpers/QuietWriter.class
/files//org/apache/log4j/helpers/AppenderAttachableImpl.class
/files//org/apache/log4j/CategoryKey.class
/files//org/apache/log4j/ProvisionNode.class
/files//com/fs/starfarer/settings/StarfarerSettings.class
/files/starfarer_obf.jar
/files/starfarer_obf.jar
/files//com/fs/graphics/A/ooOOOOOOOOOOOOOOOOOOOOOOOOOOOOOOOOOOOOOOOOOOOOOOOOOOOOOOOOOOOOOOOOOOOOOOOOOOOOOOOOOOOOOOOOOOOOOOOOOOOOOOOOOOOOOOOOOOOOOOOOOOOOOOOOOOOOOOOOOOOOOOOOOOOOOOOOOOOOOOOOOOOOOOOOOOOOOOOOOOOOOOOOOOOOOOOOOOOOOOOOOOOOOOOOOOOOOOOOOOOOOOOOOOOOOOOOOOOOOOOOOOOOOOOOOOOOOO.class
/files//com/fs/starfarer/settings/A.class
/files//org/json/JSONObject.class
/files/starfarer_obf.jar
/files//org/json/JSONObject$Null.class
/starsector_v44.html
/cheerpj_dist/4.2/cj3.wasm
/cheerpj_dist/4.2/cj3n17.wasm
/cheerpj_dist/4.2/c.html
/cheerpj_dist/4.2/17/lib/modules
/cheerpj_dist/4.2/17/lib/modules
/cheerpj_dist/4.2/17/lib/modules
/cheerpj_dist/4.2/17/lib/modules
/cheerpj_dist/4.2/17/lib/modules
/cheerpj_dist/4.2/17/lib/modules
/cheerpj_dist/4.2/17/lib/modules
/cheerpj_dist/4.2/17/lib/modules
/cheerpj_dist/4.2/17/lib/modules
/cheerpj_dist/4.2/17/lib/modules
/cheerpj_dist/4.2/17/lib/modules
/cheerpj_dist/4.2/17/lib/modules
/sw.js
/cheerpj_dist/4.2/17/lib/modules
/cheerpj_dist/4.2/17/lib/modules
/cheerpj_dist/4.2/17/lib/modules
/cheerpj_dist/4.2/17/lib/modules
/cheerpj_dist/4.2/17/lib/modules
/cheerpj_dist/4.2/17/lib/modules
/cheerpj_dist/4.2/17/lib/modules
/cheerpj_dist/4.2/17/lib/modules
/cheerpj_dist/4.2/etc/users
/cheerpj_dist/4.2/etc/localtime
/cheerpj_dist/4.2/17/lib/modules
/cheerpj_dist/4.2/17/lib/modules
/cheerpj_dist/4.2/17/lib/modules
/cheerpj_dist/4.2/17/lib/modules
/cheerpj_dist/4.2/17/lib/modules
/cheerpj_dist/4.2/17/lib/modules
/cheerpj_dist/4.2/17/lib/modules
/cheerpj_dist/4.2/17/lib/modules
/cheerpj_dist/4.2/17/lib/modules
/cheerpj_dist/4.2/17/lib/modules
/cheerpj_dist/4.2/17/lib/modules
/cheerpj_dist/4.2/17/jre/lib/cheerpj-handlers.jar
/cheerpj_dist/4.2/17/lib/modules
/cheerpj_dist/4.2/17/jre/lib/cheerpj-handlers.jar
/cheerpj_dist/4.2/17/jre/lib/cheerpj-awt.jar
/cheerpj_dist/4.2/17/jre/lib/cheerpj-awt.jar
/cheerpj_dist/4.2/17/jre/lib/cheerpj-jsobject.jar
/cheerpj_dist/4.2/17/jre/lib/cheerpj-jsobject.jar
/files/starfarer_obf.jar
/files/fs.common_obf.jar
/files/fs.sound_obf.jar
/files/starfarer.api.jar
/files/json.jar
/files/xstream-1.4.10.jar
/files/log4j-1.2.9.jar
/files/commons-compiler.jar
/files/commons-compiler-jdk.jar
/files/janino.jar
/files/jinput.jar
/files/lwjgl.jar
/files/lwjgl_util.jar
/files/jorbis-0.0.15.jar
/files/jogg-0.0.7.jar
/files//config.jar
/cheerpj_dist/4.2/17/lib/modules
/cheerpj_dist/4.2/17/lib/modules
/cheerpj_dist/4.2/17/lib/modules
/cheerpj_dist/4.2/17/lib/modules
/cheerpj_dist/4.2/17/lib/modules
/cheerpj_dist/4.2/17/lib/modules
/files//com/fs/starfarer/combat/CombatMain.class
/files/starfarer_obf.jar
/files/starfarer_obf.jar
/files/starfarer_obf.jar
/files/starfarer_obf.jar
/files/starfarer_obf.jar
/files/starfarer_obf.jar
/files/starfarer_obf.jar
/files/starfarer_obf.jar
/files//com/fs/util/DoNotObfuscate.class
/files/fs.common_obf.jar
/files/fs.common_obf.jar
/files/fs.common_obf.jar
/cheerpj_dist/4.2/17/lib/modules
/cheerpj_dist/4.2/17/lib/modules
/cheerpj_dist/4.2/17/lib/modules
/files//org/apache/log4j/Logger.class
/cheerpj_dist/4.2/17/lib/modules
/files/fs.sound_obf.jar
/files/starfarer.api.jar
/files/starfarer.api.jar
/files/starfarer.api.jar
/files/starfarer.api.jar
/files/json.jar
/files/xstream-1.4.10.jar
/files/xstream-1.4.10.jar
/files/xstream-1.4.10.jar
/files/log4j-1.2.9.jar
/files/log4j-1.2.9.jar
/files//org/apache/log4j/Category.class
/files//org/apache/log4j/spi/AppenderAttachable.class
/files//org/apache/log4j/Level.class
/files//org/apache/log4j/Priority.class
/files//org/apache/log4j/LogManager.class
/files//org/apache/log4j/Hierarchy.class
/files//org/apache/log4j/spi/LoggerRepository.class
/files//org/apache/log4j/spi/RendererSupport.class
/files//org/apache/log4j/spi/RootLogger.class
/files//org/apache/log4j/or/RendererMap.class
/cheerpj_dist/4.2/17/lib/modules
/files//org/apache/log4j/or/DefaultRenderer.class
/files//org/apache/log4j/or/ObjectRenderer.class
/files//org/apache/log4j/DefaultCategoryFactory.class
/files//org/apache/log4j/spi/LoggerFactory.class
/files//org/apache/log4j/spi/DefaultRepositorySelector.class
/files//org/apache/log4j/spi/RepositorySelector.class
/files//org/apache/log4j/helpers/OptionConverter.class
/files//org/apache/log4j/helpers/Loader.class
/cheerpj_dist/4.2/17/lib/modules
/files//org/apache/log4j/helpers/LogLog.class
/files//log4j.xml
/files//org/apache/log4j/spi/Configurator.class
/files//org/apache/log4j/xml/DOMConfigurator.class
/cheerpj_dist/4.2/17/lib/modules
/cheerpj_dist/4.2/17/lib/modules
/cheerpj_dist/4.2/17/lib/modules
/cheerpj_dist/4.2/17/lib/modules
/cheerpj_dist/4.2/17/lib/modules
/cheerpj_dist/4.2/17/conf/jaxp.properties
/files//META-INF/services/javax.xml.parsers.DocumentBuilderFactory
/files/commons-compiler.jar
/files/commons-compiler-jdk.jar
/files/janino.jar
/files/janino.jar
/files/janino.jar
/files/jinput.jar
/files/jinput.jar
/files/lwjgl.jar
/files/lwjgl.jar
/files/lwjgl.jar
/files/lwjgl.jar
/files/lwjgl_util.jar
/files/lwjgl_util.jar
/files/jorbis-0.0.15.jar
/files/jogg-0.0.7.jar
/files//config.jar
/files//META-INF/services/javax.xml.parsers.DocumentBuilderFactory
/cheerpj_dist/4.2/17/lib/modules
/cheerpj_dist/4.2/17/lib/modules
/cheerpj_dist/4.2/17/conf/jaxp.properties
/cheerpj_dist/4.2/17/lib/modules
/cheerpj_dist/4.2/17/lib/modules
/cheerpj_dist/4.2/17/lib/modules
/cheerpj_dist/4.2/17/lib/modules
/cheerpj_dist/4.2/17/lib/modules
/cheerpj_dist/4.2/17/lib/modules
/cheerpj_dist/4.2/17/lib/modules
/cheerpj_dist/4.2/17/lib/modules
/cheerpj_dist/4.2/17/lib/modules
/files//org/apache/log4j/xml/SAXErrorHandler.class
/files//org/apache/log4j/xml/Log4jEntityResolver.class
/files//log4j.xml
/cheerpj_dist/4.2/17/lib/modules
/files//org/apache/log4j/xml/log4j.dtd
/files//org/apache/log4j/config/PropertySetter.class
/files//org/apache/log4j/Appender.class
/files//org/apache/log4j/ConsoleAppender.class
/files//org/apache/log4j/WriterAppender.class
/files//org/apache/log4j/AppenderSkeleton.class
/files//org/apache/log4j/spi/OptionHandler.class
/files//org/apache/log4j/Layout.class
/files//org/apache/log4j/helpers/OnlyOnceErrorHandler.class
/files//org/apache/log4j/spi/ErrorHandler.class
/files//org/apache/log4j/PatternLayout.class
/files//org/apache/log4j/helpers/PatternParser.class
/files//org/apache/log4j/helpers/FormattingInfo.class
/files//org/apache/log4j/helpers/PatternParser$BasicPatternConverter.class
/files//org/apache/log4j/helpers/PatternConverter.class
/files//org/apache/log4j/helpers/PatternParser$LiteralPatternConverter.class
/files//org/apache/log4j/config/PropertySetterException.class
/cheerpj_dist/4.2/17/lib/modules
/cheerpj_dist/4.2/17/lib/modules
/files//org/apache/log4j/PatternLayoutBeanInfo.class
/cheerpj_dist/4.2/17/lib/modules
/files//org/apache/log4j/PatternLayoutBeanInfo.class
/files//org/apache/log4j/LayoutBeanInfo.class
/files//org/apache/log4j/LayoutBeanInfo.class
/cheerpj_dist/4.2/17/lib/modules
/cheerpj_dist/4.2/17/lib/modules
/files//org/apache/log4j/LayoutCustomizer.class
/files//org/apache/log4j/LayoutCustomizer.class
/files//org/apache/log4j/spi/LoggingEvent.class
/files//org/apache/log4j/PatternLayoutCustomizer.class
/files//org/apache/log4j/PatternLayoutCustomizer.class
/files//org/apache/log4j/helpers/ISO8601DateFormat.class
/files//org/apache/log4j/helpers/AbsoluteTimeDateFormat.class
/cheerpj_dist/4.2/etc/timezone
/cheerpj_dist/4.2/17/lib/tzdb.dat
/files//org/apache/log4j/helpers/QuietWriter.class
/files//org/apache/log4j/helpers/AppenderAttachableImpl.class
/files//org/apache/log4j/CategoryKey.class
/files//org/apache/log4j/ProvisionNode.class
/files//com/fs/starfarer/settings/StarfarerSettings.class
/files/starfarer_obf.jar
/files/starfarer_obf.jar
/files//com/fs/graphics/A/ooOOOOOOOOOOOOOOOOOOOOOOOOOOOOOOOOOOOOOOOOOOOOOOOOOOOOOOOOOOOOOOOOOOOOOOOOOOOOOOOOOOOOOOOOOOOOOOOOOOOOOOOOOOOOOOOOOOOOOOOOOOOOOOOOOOOOOOOOOOOOOOOOOOOOOOOOOOOOOOOOOOOOOOOOOOOOOOOOOOOOOOOOOOOOOOOOOOOOOOOOOOOOOOOOOOOOOOOOOOOOOOOOOOOOOOOOOOOOOOOOOOOOOOOOOOOOOO.class
/files//com/fs/starfarer/settings/A.class
/files/starfarer_obf.jar
/files//org/json/JSONObject.class
/files//org/json/JSONObject$Null.class
/starsector_v44.html
/cheerpj_dist/4.2/cj3.wasm
/cheerpj_dist/4.2/c.html
/cheerpj_dist/4.2/cj3n17.wasm
/cheerpj_dist/4.2/17/lib/modules
/cheerpj_dist/4.2/17/lib/modules
/cheerpj_dist/4.2/17/lib/modules
/cheerpj_dist/4.2/17/lib/modules
/cheerpj_dist/4.2/17/lib/modules
/cheerpj_dist/4.2/17/lib/modules
/cheerpj_dist/4.2/17/lib/modules
/cheerpj_dist/4.2/17/lib/modules
/cheerpj_dist/4.2/17/lib/modules
/cheerpj_dist/4.2/17/lib/modules
/cheerpj_dist/4.2/17/lib/modules
/cheerpj_dist/4.2/17/lib/modules
/sw.js
/cheerpj_dist/4.2/17/lib/modules
/cheerpj_dist/4.2/17/lib/modules
/cheerpj_dist/4.2/17/lib/modules
/cheerpj_dist/4.2/17/lib/modules
/cheerpj_dist/4.2/17/lib/modules
/cheerpj_dist/4.2/17/lib/modules
/cheerpj_dist/4.2/17/lib/modules
/cheerpj_dist/4.2/17/lib/modules
/cheerpj_dist/4.2/etc/users
/cheerpj_dist/4.2/etc/localtime
/cheerpj_dist/4.2/17/lib/modules
/cheerpj_dist/4.2/17/lib/modules
/cheerpj_dist/4.2/17/lib/modules
/cheerpj_dist/4.2/17/lib/modules
/cheerpj_dist/4.2/17/lib/modules
/cheerpj_dist/4.2/17/lib/modules
/cheerpj_dist/4.2/17/lib/modules
/cheerpj_dist/4.2/17/lib/modules
/cheerpj_dist/4.2/17/lib/modules
/cheerpj_dist/4.2/17/lib/modules
/cheerpj_dist/4.2/17/jre/lib/cheerpj-handlers.jar
/cheerpj_dist/4.2/17/lib/modules
/cheerpj_dist/4.2/17/jre/lib/cheerpj-handlers.jar
/cheerpj_dist/4.2/17/jre/lib/cheerpj-awt.jar
/cheerpj_dist/4.2/17/jre/lib/cheerpj-awt.jar
/cheerpj_dist/4.2/17/jre/lib/cheerpj-jsobject.jar
/cheerpj_dist/4.2/17/jre/lib/cheerpj-jsobject.jar
/files/starfarer_obf.jar
/files/fs.common_obf.jar
/files/fs.sound_obf.jar
/files/starfarer.api.jar
/files/json.jar
/files/xstream-1.4.10.jar
/files/log4j-1.2.9.jar
/files/commons-compiler.jar
/files/commons-compiler-jdk.jar
/files/janino.jar
/files/jinput.jar
/files/lwjgl.jar
/files/lwjgl_util.jar
/files/jorbis-0.0.15.jar
/files/jogg-0.0.7.jar
/files//config.jar
/cheerpj_dist/4.2/17/lib/modules
/cheerpj_dist/4.2/17/lib/modules
/cheerpj_dist/4.2/17/lib/modules
/cheerpj_dist/4.2/17/lib/modules
/cheerpj_dist/4.2/17/lib/modules
/cheerpj_dist/4.2/17/lib/modules
/files//com/fs/starfarer/combat/CombatMain.class
/files/starfarer_obf.jar
/files/starfarer_obf.jar
/files/starfarer_obf.jar
/files/starfarer_obf.jar
/files/starfarer_obf.jar
/files/starfarer_obf.jar
/files/starfarer_obf.jar
/files/starfarer_obf.jar
/files//com/fs/util/DoNotObfuscate.class
/files/fs.common_obf.jar
/files/fs.common_obf.jar
/files/fs.common_obf.jar
/cheerpj_dist/4.2/17/lib/modules
/cheerpj_dist/4.2/17/lib/modules
/cheerpj_dist/4.2/17/lib/modules
/files//org/apache/log4j/Logger.class
/cheerpj_dist/4.2/17/lib/modules
/files/fs.sound_obf.jar
/files/starfarer.api.jar
/files/starfarer.api.jar
/files/starfarer.api.jar
/files/starfarer.api.jar
/files/starfarer.api.jar
/files/json.jar
/files/xstream-1.4.10.jar
/files/xstream-1.4.10.jar
/files/xstream-1.4.10.jar
/files/log4j-1.2.9.jar
/files/log4j-1.2.9.jar
/files/log4j-1.2.9.jar
/files//org/apache/log4j/Category.class
/files//org/apache/log4j/spi/AppenderAttachable.class
/files//org/apache/log4j/Level.class
/files//org/apache/log4j/Priority.class
/files//org/apache/log4j/LogManager.class
/files//org/apache/log4j/Hierarchy.class
/files//org/apache/log4j/spi/LoggerRepository.class
/files//org/apache/log4j/spi/RendererSupport.class
/files//org/apache/log4j/spi/RootLogger.class
/files//org/apache/log4j/or/RendererMap.class
/cheerpj_dist/4.2/17/lib/modules
/files//org/apache/log4j/or/DefaultRenderer.class
/files//org/apache/log4j/or/ObjectRenderer.class
/files//org/apache/log4j/DefaultCategoryFactory.class
/files//org/apache/log4j/spi/LoggerFactory.class
/files//org/apache/log4j/spi/DefaultRepositorySelector.class
/files//org/apache/log4j/spi/RepositorySelector.class
/files//org/apache/log4j/helpers/OptionConverter.class
/files//org/apache/log4j/helpers/Loader.class
/cheerpj_dist/4.2/17/lib/modules
/files//org/apache/log4j/helpers/LogLog.class
/files//log4j.xml
/files//org/apache/log4j/spi/Configurator.class
/files//org/apache/log4j/xml/DOMConfigurator.class
/cheerpj_dist/4.2/17/lib/modules
/cheerpj_dist/4.2/17/lib/modules
/cheerpj_dist/4.2/17/lib/modules
/cheerpj_dist/4.2/17/lib/modules
/cheerpj_dist/4.2/17/lib/modules
/cheerpj_dist/4.2/17/conf/jaxp.properties
/files//META-INF/services/javax.xml.parsers.DocumentBuilderFactory
/files/commons-compiler.jar
/files/commons-compiler-jdk.jar
/files/janino.jar
/files/janino.jar
/files/janino.jar
/files/jinput.jar
/files/jinput.jar
/files/lwjgl.jar
/files/lwjgl.jar
/files/lwjgl.jar
/files/lwjgl.jar
/files/lwjgl_util.jar
/files/lwjgl_util.jar
/files/jorbis-0.0.15.jar
/files/jogg-0.0.7.jar
/files//config.jar
/files//META-INF/services/javax.xml.parsers.DocumentBuilderFactory
/cheerpj_dist/4.2/17/lib/modules
/cheerpj_dist/4.2/17/lib/modules
/cheerpj_dist/4.2/17/conf/jaxp.properties
/cheerpj_dist/4.2/17/lib/modules
/cheerpj_dist/4.2/17/lib/modules
/cheerpj_dist/4.2/17/lib/modules
/cheerpj_dist/4.2/17/lib/modules
/cheerpj_dist/4.2/17/lib/modules
/cheerpj_dist/4.2/17/lib/modules
/cheerpj_dist/4.2/17/lib/modules
/files//org/apache/log4j/xml/SAXErrorHandler.class
/files//org/apache/log4j/xml/Log4jEntityResolver.class
/files//log4j.xml
/cheerpj_dist/4.2/17/lib/modules
/files//org/apache/log4j/xml/log4j.dtd
/files//org/apache/log4j/config/PropertySetter.class
/files//org/apache/log4j/Appender.class
/files//org/apache/log4j/ConsoleAppender.class
/files//org/apache/log4j/WriterAppender.class
/files//org/apache/log4j/AppenderSkeleton.class
/files//org/apache/log4j/spi/OptionHandler.class
/files//org/apache/log4j/Layout.class
/files//org/apache/log4j/helpers/OnlyOnceErrorHandler.class
/files//org/apache/log4j/spi/ErrorHandler.class
/files//org/apache/log4j/PatternLayout.class
/files//org/apache/log4j/helpers/PatternParser.class
/files//org/apache/log4j/helpers/FormattingInfo.class
/files//org/apache/log4j/helpers/PatternParser$BasicPatternConverter.class
/files//org/apache/log4j/helpers/PatternConverter.class
/files//org/apache/log4j/helpers/PatternParser$LiteralPatternConverter.class
/files//org/apache/log4j/config/PropertySetterException.class
/cheerpj_dist/4.2/17/lib/modules
/cheerpj_dist/4.2/17/lib/modules
/files//org/apache/log4j/PatternLayoutBeanInfo.class
/cheerpj_dist/4.2/17/lib/modules
/files//org/apache/log4j/PatternLayoutBeanInfo.class
/files//org/apache/log4j/LayoutBeanInfo.class
/files//org/apache/log4j/LayoutBeanInfo.class
/cheerpj_dist/4.2/17/lib/modules
/cheerpj_dist/4.2/17/lib/modules
/files//org/apache/log4j/LayoutCustomizer.class
/files//org/apache/log4j/LayoutCustomizer.class
/files//org/apache/log4j/spi/LoggingEvent.class
/files//org/apache/log4j/PatternLayoutCustomizer.class
/files//org/apache/log4j/PatternLayoutCustomizer.class
/files//org/apache/log4j/helpers/ISO8601DateFormat.class
/files//org/apache/log4j/helpers/AbsoluteTimeDateFormat.class
/cheerpj_dist/4.2/etc/timezone
/cheerpj_dist/4.2/17/lib/tzdb.dat
/files//org/apache/log4j/helpers/QuietWriter.class
/files//org/apache/log4j/helpers/AppenderAttachableImpl.class
/files//org/apache/log4j/CategoryKey.class
/files//org/apache/log4j/ProvisionNode.class
/files//com/fs/starfarer/settings/StarfarerSettings.class
/files/starfarer_obf.jar
/files/starfarer_obf.jar
/files//com/fs/graphics/A/ooOOOOOOOOOOOOOOOOOOOOOOOOOOOOOOOOOOOOOOOOOOOOOOOOOOOOOOOOOOOOOOOOOOOOOOOOOOOOOOOOOOOOOOOOOOOOOOOOOOOOOOOOOOOOOOOOOOOOOOOOOOOOOOOOOOOOOOOOOOOOOOOOOOOOOOOOOOOOOOOOOOOOOOOOOOOOOOOOOOOOOOOOOOOOOOOOOOOOOOOOOOOOOOOOOOOOOOOOOOOOOOOOOOOOOOOOOOOOOOOOOOOOOOOOOOOOOO.class
/files//com/fs/starfarer/settings/A.class
/files/starfarer_obf.jar
/files//org/json/JSONObject.class
/files//org/json/JSONObject$Null.class
/starsector_v44.html
/cheerpj_dist/4.2/cj3.wasm
/cheerpj_dist/4.2/c.html
/cheerpj_dist/4.2/cj3n17.wasm
/cheerpj_dist/4.2/17/lib/modules
/cheerpj_dist/4.2/17/lib/modules
/cheerpj_dist/4.2/17/lib/modules
/cheerpj_dist/4.2/17/lib/modules
/cheerpj_dist/4.2/17/lib/modules
/cheerpj_dist/4.2/17/lib/modules
/cheerpj_dist/4.2/17/lib/modules
/cheerpj_dist/4.2/17/lib/modules
/cheerpj_dist/4.2/17/lib/modules
/sw.js
/cheerpj_dist/4.2/17/lib/modules
/cheerpj_dist/4.2/17/lib/modules
/cheerpj_dist/4.2/17/lib/modules
/cheerpj_dist/4.2/17/lib/modules
/cheerpj_dist/4.2/17/lib/modules
/cheerpj_dist/4.2/17/lib/modules
/cheerpj_dist/4.2/17/lib/modules
/cheerpj_dist/4.2/17/lib/modules
/cheerpj_dist/4.2/17/lib/modules
/cheerpj_dist/4.2/17/lib/modules
/cheerpj_dist/4.2/17/lib/modules
/cheerpj_dist/4.2/etc/users
/cheerpj_dist/4.2/etc/localtime
/cheerpj_dist/4.2/17/lib/modules
/cheerpj_dist/4.2/17/lib/modules
/cheerpj_dist/4.2/17/lib/modules
/cheerpj_dist/4.2/17/lib/modules
/cheerpj_dist/4.2/17/lib/modules
/cheerpj_dist/4.2/17/lib/modules
/cheerpj_dist/4.2/17/lib/modules
/cheerpj_dist/4.2/17/lib/modules
/cheerpj_dist/4.2/17/lib/modules
/cheerpj_dist/4.2/17/jre/lib/cheerpj-handlers.jar
/cheerpj_dist/4.2/17/lib/modules
/cheerpj_dist/4.2/17/jre/lib/cheerpj-handlers.jar
/cheerpj_dist/4.2/17/jre/lib/cheerpj-awt.jar
/cheerpj_dist/4.2/17/jre/lib/cheerpj-awt.jar
/cheerpj_dist/4.2/17/jre/lib/cheerpj-jsobject.jar
/cheerpj_dist/4.2/17/jre/lib/cheerpj-jsobject.jar
/files/starfarer_obf.jar
/files/fs.common_obf.jar
/files/fs.sound_obf.jar
/files/starfarer.api.jar
/files/json.jar
/files/xstream-1.4.10.jar
/files/log4j-1.2.9.jar
/files/commons-compiler.jar
/files/commons-compiler-jdk.jar
/files/janino.jar
/files/jinput.jar
/files/lwjgl.jar
/files/lwjgl_util.jar
/files/jorbis-0.0.15.jar
/files/jogg-0.0.7.jar
/files//config.jar
/cheerpj_dist/4.2/17/lib/modules
/cheerpj_dist/4.2/17/lib/modules
/cheerpj_dist/4.2/17/lib/modules
/cheerpj_dist/4.2/17/lib/modules
/cheerpj_dist/4.2/17/lib/modules
/cheerpj_dist/4.2/17/lib/modules
/files//com/fs/starfarer/combat/CombatMain.class
/files/starfarer_obf.jar
/files/starfarer_obf.jar
/files/starfarer_obf.jar
/files/starfarer_obf.jar
/files/starfarer_obf.jar
/files/starfarer_obf.jar
/files/starfarer_obf.jar
/files/starfarer_obf.jar
/files//com/fs/util/DoNotObfuscate.class
/files/fs.common_obf.jar
/files/fs.common_obf.jar
/files/fs.common_obf.jar
/cheerpj_dist/4.2/17/lib/modules
/cheerpj_dist/4.2/17/lib/modules
/cheerpj_dist/4.2/17/lib/modules
/files//org/apache/log4j/Logger.class
/cheerpj_dist/4.2/17/lib/modules
/files/fs.sound_obf.jar
/files/starfarer.api.jar
/files/starfarer.api.jar
/files/starfarer.api.jar
/files/starfarer.api.jar
/files/starfarer.api.jar
/files/json.jar
/files/xstream-1.4.10.jar
/files/xstream-1.4.10.jar
/files/log4j-1.2.9.jar
/files/log4j-1.2.9.jar
/files/log4j-1.2.9.jar
/files//org/apache/log4j/Category.class
/files//org/apache/log4j/spi/AppenderAttachable.class
/files//org/apache/log4j/Level.class
/files//org/apache/log4j/Priority.class
/files//org/apache/log4j/LogManager.class
/files//org/apache/log4j/Hierarchy.class
/files//org/apache/log4j/spi/LoggerRepository.class
/files//org/apache/log4j/spi/RendererSupport.class
/files//org/apache/log4j/spi/RootLogger.class
/files//org/apache/log4j/or/RendererMap.class
/cheerpj_dist/4.2/17/lib/modules
/files//org/apache/log4j/or/DefaultRenderer.class
/files//org/apache/log4j/or/ObjectRenderer.class
/files//org/apache/log4j/DefaultCategoryFactory.class
/files//org/apache/log4j/spi/LoggerFactory.class
/files//org/apache/log4j/spi/DefaultRepositorySelector.class
/files//org/apache/log4j/spi/RepositorySelector.class
/files//org/apache/log4j/helpers/OptionConverter.class
/files//org/apache/log4j/helpers/Loader.class
/cheerpj_dist/4.2/17/lib/modules
/files//org/apache/log4j/helpers/LogLog.class
/files//log4j.xml
/files//org/apache/log4j/spi/Configurator.class
/files//org/apache/log4j/xml/DOMConfigurator.class
/cheerpj_dist/4.2/17/lib/modules
/cheerpj_dist/4.2/17/lib/modules
/cheerpj_dist/4.2/17/lib/modules
/cheerpj_dist/4.2/17/lib/modules
/cheerpj_dist/4.2/17/lib/modules
/cheerpj_dist/4.2/17/conf/jaxp.properties
/files//META-INF/services/javax.xml.parsers.DocumentBuilderFactory
/files/commons-compiler.jar
/files/commons-compiler-jdk.jar
/files/janino.jar
/files/janino.jar
/files/janino.jar
/files/jinput.jar
/files/jinput.jar
/files/lwjgl.jar
/files/lwjgl.jar
/files/lwjgl.jar
/files/lwjgl.jar
/files/lwjgl_util.jar
/files/lwjgl_util.jar
/files/jorbis-0.0.15.jar
/files/jogg-0.0.7.jar
/files//config.jar
/files//META-INF/services/javax.xml.parsers.DocumentBuilderFactory
/cheerpj_dist/4.2/17/lib/modules
/cheerpj_dist/4.2/17/lib/modules
/cheerpj_dist/4.2/17/conf/jaxp.properties
/cheerpj_dist/4.2/17/lib/modules
/cheerpj_dist/4.2/17/lib/modules
/cheerpj_dist/4.2/17/lib/modules
/cheerpj_dist/4.2/17/lib/modules
/cheerpj_dist/4.2/17/lib/modules
/cheerpj_dist/4.2/17/lib/modules
/cheerpj_dist/4.2/17/lib/modules
/cheerpj_dist/4.2/17/lib/modules
/cheerpj_dist/4.2/17/lib/modules
/files//org/apache/log4j/xml/SAXErrorHandler.class
/files//org/apache/log4j/xml/Log4jEntityResolver.class
/files//log4j.xml
/cheerpj_dist/4.2/17/lib/modules
/files//org/apache/log4j/xml/log4j.dtd
/files//org/apache/log4j/config/PropertySetter.class
/files//org/apache/log4j/Appender.class
/files//org/apache/log4j/ConsoleAppender.class
/files//org/apache/log4j/WriterAppender.class
/files//org/apache/log4j/AppenderSkeleton.class
/files//org/apache/log4j/spi/OptionHandler.class
/files//org/apache/log4j/Layout.class
/files//org/apache/log4j/helpers/OnlyOnceErrorHandler.class
/files//org/apache/log4j/spi/ErrorHandler.class
/files//org/apache/log4j/PatternLayout.class
/files//org/apache/log4j/helpers/PatternParser.class
/files//org/apache/log4j/helpers/FormattingInfo.class
/files//org/apache/log4j/helpers/PatternParser$BasicPatternConverter.class
/files//org/apache/log4j/helpers/PatternConverter.class
/files//org/apache/log4j/helpers/PatternParser$LiteralPatternConverter.class
/files//org/apache/log4j/config/PropertySetterException.class
/cheerpj_dist/4.2/17/lib/modules
/cheerpj_dist/4.2/17/lib/modules
/files//org/apache/log4j/PatternLayoutBeanInfo.class
/cheerpj_dist/4.2/17/lib/modules
/files//org/apache/log4j/PatternLayoutBeanInfo.class
/files//org/apache/log4j/LayoutBeanInfo.class
/files//org/apache/log4j/LayoutBeanInfo.class
/cheerpj_dist/4.2/17/lib/modules
/cheerpj_dist/4.2/17/lib/modules
/files//org/apache/log4j/LayoutCustomizer.class
/files//org/apache/log4j/LayoutCustomizer.class
/files//org/apache/log4j/spi/LoggingEvent.class
/files//org/apache/log4j/PatternLayoutCustomizer.class
/files//org/apache/log4j/PatternLayoutCustomizer.class
/files//org/apache/log4j/helpers/ISO8601DateFormat.class
/files//org/apache/log4j/helpers/AbsoluteTimeDateFormat.class
/cheerpj_dist/4.2/etc/timezone
/cheerpj_dist/4.2/17/lib/tzdb.dat
/files//org/apache/log4j/helpers/QuietWriter.class
/files//org/apache/log4j/helpers/AppenderAttachableImpl.class
/files//org/apache/log4j/CategoryKey.class
/files//org/apache/log4j/ProvisionNode.class
/files//com/fs/starfarer/settings/StarfarerSettings.class
/files/starfarer_obf.jar
/files/starfarer_obf.jar
/files//com/fs/graphics/A/ooOOOOOOOOOOOOOOOOOOOOOOOOOOOOOOOOOOOOOOOOOOOOOOOOOOOOOOOOOOOOOOOOOOOOOOOOOOOOOOOOOOOOOOOOOOOOOOOOOOOOOOOOOOOOOOOOOOOOOOOOOOOOOOOOOOOOOOOOOOOOOOOOOOOOOOOOOOOOOOOOOOOOOOOOOOOOOOOOOOOOOOOOOOOOOOOOOOOOOOOOOOOOOOOOOOOOOOOOOOOOOOOOOOOOOOOOOOOOOOOOOOOOOOOOOOOOOO.class
/files//com/fs/starfarer/settings/A.class
/files/starfarer_obf.jar
/files//org/json/JSONObject.class
/files//org/json/JSONObject$Null.class
/starsector_v44.html
/cheerpj_dist/4.2/cj3.wasm
/cheerpj_dist/4.2/c.html
/cheerpj_dist/4.2/cj3n17.wasm
/cheerpj_dist/4.2/17/lib/modules
/cheerpj_dist/4.2/17/lib/modules
/cheerpj_dist/4.2/17/lib/modules
/cheerpj_dist/4.2/17/lib/modules
/cheerpj_dist/4.2/17/lib/modules
/cheerpj_dist/4.2/17/lib/modules
/cheerpj_dist/4.2/17/lib/modules
/cheerpj_dist/4.2/17/lib/modules
/cheerpj_dist/4.2/17/lib/modules
/cheerpj_dist/4.2/17/lib/modules
/cheerpj_dist/4.2/17/lib/modules
/cheerpj_dist/4.2/17/lib/modules
/cheerpj_dist/4.2/17/lib/modules
/cheerpj_dist/4.2/17/lib/modules
/cheerpj_dist/4.2/17/lib/modules
/cheerpj_dist/4.2/17/lib/modules
/cheerpj_dist/4.2/17/lib/modules
/cheerpj_dist/4.2/17/lib/modules
/cheerpj_dist/4.2/17/lib/modules
/cheerpj_dist/4.2/17/lib/modules
/sw.js
/cheerpj_dist/4.2/etc/users
/cheerpj_dist/4.2/etc/localtime
/cheerpj_dist/4.2/17/lib/modules
/cheerpj_dist/4.2/17/lib/modules
/cheerpj_dist/4.2/17/lib/modules
/cheerpj_dist/4.2/17/lib/modules
/cheerpj_dist/4.2/17/lib/modules
/cheerpj_dist/4.2/17/lib/modules
/cheerpj_dist/4.2/17/lib/modules
/cheerpj_dist/4.2/17/lib/modules
/cheerpj_dist/4.2/17/lib/modules
/cheerpj_dist/4.2/17/lib/modules
/cheerpj_dist/4.2/17/jre/lib/cheerpj-handlers.jar
/cheerpj_dist/4.2/17/lib/modules
/cheerpj_dist/4.2/17/lib/modules
/cheerpj_dist/4.2/17/jre/lib/cheerpj-handlers.jar
/cheerpj_dist/4.2/17/jre/lib/cheerpj-awt.jar
/cheerpj_dist/4.2/17/jre/lib/cheerpj-awt.jar
/cheerpj_dist/4.2/17/jre/lib/cheerpj-jsobject.jar
/cheerpj_dist/4.2/17/jre/lib/cheerpj-jsobject.jar
/files/starfarer_obf.jar
/files/fs.common_obf.jar
/files/fs.sound_obf.jar
/files/starfarer.api.jar
/files/json.jar
/files/xstream-1.4.10.jar
/files/log4j-1.2.9.jar
/files/commons-compiler.jar
/files/commons-compiler-jdk.jar
/files/janino.jar
/files/jinput.jar
/files/lwjgl.jar
/files/lwjgl_util.jar
/files/jorbis-0.0.15.jar
/files/jogg-0.0.7.jar
/files//config.jar
/cheerpj_dist/4.2/17/lib/modules
/cheerpj_dist/4.2/17/lib/modules
/cheerpj_dist/4.2/17/lib/modules
/cheerpj_dist/4.2/17/lib/modules
/cheerpj_dist/4.2/17/lib/modules
/cheerpj_dist/4.2/17/lib/modules
/files//com/fs/starfarer/combat/CombatMain.class
/files/starfarer_obf.jar
/files/starfarer_obf.jar
/files/starfarer_obf.jar
/files/starfarer_obf.jar
/files/starfarer_obf.jar
/files/starfarer_obf.jar
/files/starfarer_obf.jar
/files/starfarer_obf.jar
/files//com/fs/util/DoNotObfuscate.class
/files/fs.common_obf.jar
/files/fs.common_obf.jar
/files/fs.common_obf.jar
/cheerpj_dist/4.2/17/lib/modules
/cheerpj_dist/4.2/17/lib/modules
/cheerpj_dist/4.2/17/lib/modules
/cheerpj_dist/4.2/17/lib/modules
/files//org/apache/log4j/Logger.class
/files/fs.sound_obf.jar
/files/starfarer.api.jar
/files/starfarer.api.jar
/files/starfarer.api.jar
/files/starfarer.api.jar
/files/json.jar
/files/xstream-1.4.10.jar
/files/xstream-1.4.10.jar
/files/xstream-1.4.10.jar
/files/log4j-1.2.9.jar
/files/log4j-1.2.9.jar
/files/log4j-1.2.9.jar
/files//org/apache/log4j/Category.class
/files//org/apache/log4j/spi/AppenderAttachable.class
/files//org/apache/log4j/Level.class
/files//org/apache/log4j/Priority.class
/files//org/apache/log4j/LogManager.class
/files//org/apache/log4j/Hierarchy.class
/files//org/apache/log4j/spi/LoggerRepository.class
/files//org/apache/log4j/spi/RendererSupport.class
/files//org/apache/log4j/spi/RootLogger.class
/files//org/apache/log4j/or/RendererMap.class
/files//org/apache/log4j/or/DefaultRenderer.class
/files//org/apache/log4j/or/ObjectRenderer.class
/files//org/apache/log4j/DefaultCategoryFactory.class
/files//org/apache/log4j/spi/LoggerFactory.class
/files//org/apache/log4j/spi/DefaultRepositorySelector.class
/files//org/apache/log4j/spi/RepositorySelector.class
/files//org/apache/log4j/helpers/OptionConverter.class
/files//org/apache/log4j/helpers/Loader.class
/cheerpj_dist/4.2/17/lib/modules
/files//org/apache/log4j/helpers/LogLog.class
/files//log4j.xml
/files//org/apache/log4j/spi/Configurator.class
/files//org/apache/log4j/xml/DOMConfigurator.class
/cheerpj_dist/4.2/17/lib/modules
/cheerpj_dist/4.2/17/lib/modules
/cheerpj_dist/4.2/17/lib/modules
/cheerpj_dist/4.2/17/lib/modules
/cheerpj_dist/4.2/17/lib/modules
/cheerpj_dist/4.2/17/conf/jaxp.properties
/files//META-INF/services/javax.xml.parsers.DocumentBuilderFactory
/files/commons-compiler.jar
/files/commons-compiler-jdk.jar
/files/janino.jar
/files/janino.jar
/files/janino.jar
/files/jinput.jar
/files/jinput.jar
/files/lwjgl.jar
/files/lwjgl.jar
/files/lwjgl.jar
/files/lwjgl.jar
/files/lwjgl_util.jar
/files/lwjgl_util.jar
/files/jorbis-0.0.15.jar
/files/jogg-0.0.7.jar
/files//config.jar
/files//META-INF/services/javax.xml.parsers.DocumentBuilderFactory
/cheerpj_dist/4.2/17/lib/modules
/cheerpj_dist/4.2/17/lib/modules
/cheerpj_dist/4.2/17/conf/jaxp.properties
/cheerpj_dist/4.2/17/lib/modules
/cheerpj_dist/4.2/17/lib/modules
/cheerpj_dist/4.2/17/lib/modules
/cheerpj_dist/4.2/17/lib/modules
/cheerpj_dist/4.2/17/lib/modules
/cheerpj_dist/4.2/17/lib/modules
/cheerpj_dist/4.2/17/lib/modules
/cheerpj_dist/4.2/17/lib/modules
/files//org/apache/log4j/xml/SAXErrorHandler.class
/files//org/apache/log4j/xml/Log4jEntityResolver.class
/files//log4j.xml
/cheerpj_dist/4.2/17/lib/modules
/files//org/apache/log4j/xml/log4j.dtd
/files//org/apache/log4j/config/PropertySetter.class
/files//org/apache/log4j/Appender.class
/files//org/apache/log4j/ConsoleAppender.class
/files//org/apache/log4j/WriterAppender.class
/files//org/apache/log4j/AppenderSkeleton.class
/files//org/apache/log4j/spi/OptionHandler.class
/files//org/apache/log4j/Layout.class
/files//org/apache/log4j/helpers/OnlyOnceErrorHandler.class
/files//org/apache/log4j/spi/ErrorHandler.class
/files//org/apache/log4j/PatternLayout.class
/files//org/apache/log4j/helpers/PatternParser.class
/files//org/apache/log4j/helpers/FormattingInfo.class
/files//org/apache/log4j/helpers/PatternParser$BasicPatternConverter.class
/files//org/apache/log4j/helpers/PatternConverter.class
/files//org/apache/log4j/helpers/PatternParser$LiteralPatternConverter.class
/files//org/apache/log4j/config/PropertySetterException.class
/cheerpj_dist/4.2/17/lib/modules
/cheerpj_dist/4.2/17/lib/modules
/files//org/apache/log4j/PatternLayoutBeanInfo.class
/cheerpj_dist/4.2/17/lib/modules
/files//org/apache/log4j/PatternLayoutBeanInfo.class
/files//org/apache/log4j/LayoutBeanInfo.class
/files//org/apache/log4j/LayoutBeanInfo.class
/cheerpj_dist/4.2/17/lib/modules
/files//org/apache/log4j/LayoutCustomizer.class
/cheerpj_dist/4.2/17/lib/modules
/files//org/apache/log4j/LayoutCustomizer.class
/files//org/apache/log4j/spi/LoggingEvent.class
/files//org/apache/log4j/PatternLayoutCustomizer.class
/files//org/apache/log4j/PatternLayoutCustomizer.class
/files//org/apache/log4j/helpers/ISO8601DateFormat.class
/files//org/apache/log4j/helpers/AbsoluteTimeDateFormat.class
/cheerpj_dist/4.2/etc/timezone
/cheerpj_dist/4.2/17/lib/tzdb.dat
/files//org/apache/log4j/helpers/QuietWriter.class
/files//org/apache/log4j/helpers/AppenderAttachableImpl.class
/files//org/apache/log4j/CategoryKey.class
/files//org/apache/log4j/ProvisionNode.class
/files//com/fs/starfarer/settings/StarfarerSettings.class
/files/starfarer_obf.jar
/files/starfarer_obf.jar
/files//com/fs/graphics/A/ooOOOOOOOOOOOOOOOOOOOOOOOOOOOOOOOOOOOOOOOOOOOOOOOOOOOOOOOOOOOOOOOOOOOOOOOOOOOOOOOOOOOOOOOOOOOOOOOOOOOOOOOOOOOOOOOOOOOOOOOOOOOOOOOOOOOOOOOOOOOOOOOOOOOOOOOOOOOOOOOOOOOOOOOOOOOOOOOOOOOOOOOOOOOOOOOOOOOOOOOOOOOOOOOOOOOOOOOOOOOOOOOOOOOOOOOOOOOOOOOOOOOOOOOOOOOOOO.class
/files//com/fs/starfarer/settings/A.class
/files/starfarer_obf.jar
/files//org/json/JSONObject.class
/files//org/json/JSONObject$Null.class
/starsector_v44.html
/cheerpj_dist/4.2/cj3.wasm
/cheerpj_dist/4.2/c.html
/cheerpj_dist/4.2/cj3n17.wasm
/cheerpj_dist/4.2/17/lib/modules
/cheerpj_dist/4.2/17/lib/modules
/cheerpj_dist/4.2/17/lib/modules
/cheerpj_dist/4.2/17/lib/modules
/cheerpj_dist/4.2/17/lib/modules
/cheerpj_dist/4.2/17/lib/modules
/cheerpj_dist/4.2/17/lib/modules
/cheerpj_dist/4.2/17/lib/modules
/cheerpj_dist/4.2/17/lib/modules
/cheerpj_dist/4.2/17/lib/modules
/cheerpj_dist/4.2/17/lib/modules
/cheerpj_dist/4.2/17/lib/modules
/sw.js
/cheerpj_dist/4.2/17/lib/modules
/cheerpj_dist/4.2/17/lib/modules
/cheerpj_dist/4.2/17/lib/modules
/cheerpj_dist/4.2/17/lib/modules
/cheerpj_dist/4.2/17/lib/modules
/cheerpj_dist/4.2/17/lib/modules
/cheerpj_dist/4.2/17/lib/modules
/cheerpj_dist/4.2/17/lib/modules
/cheerpj_dist/4.2/etc/users
/cheerpj_dist/4.2/etc/localtime
/cheerpj_dist/4.2/17/lib/modules
/cheerpj_dist/4.2/17/lib/modules
/cheerpj_dist/4.2/17/lib/modules
/cheerpj_dist/4.2/17/lib/modules
/cheerpj_dist/4.2/17/lib/modules
/cheerpj_dist/4.2/17/lib/modules
/cheerpj_dist/4.2/17/lib/modules
/cheerpj_dist/4.2/17/lib/modules
/cheerpj_dist/4.2/17/lib/modules
/cheerpj_dist/4.2/17/lib/modules
/cheerpj_dist/4.2/17/lib/modules
pj-handlers.jar
/cheerpj_dist/4.2/17/lib/modules
/cheerpj_dist/4.2/17/jre/lib/cheerpj-handlers.jar
/cheerpj_dist/4.2/17/jre/lib/cheerpj-awt.jar
/cheerpj_dist/4.2/17/jre/lib/cheerpj-awt.jar
/cheerpj_dist/4.2/17/jre/lib/cheerpj-jsobject.jar
/cheerpj_dist/4.2/17/jre/lib/cheerpj-jsobject.jar
/files/starfarer_obf.jar
/files/fs.common_obf.jar
/files/fs.sound_obf.jar
/files/starfarer.api.jar
/files/json.jar
/files/xstream-1.4.10.jar
/files/log4j-1.2.9.jar
/files/commons-compiler.jar
/files/commons-compiler-jdk.jar
/files/janino.jar
/files/jinput.jar
/files/lwjgl.jar
/files/lwjgl_util.jar
/files/jorbis-0.0.15.jar
/files/jogg-0.0.7.jar
/files//config.jar
/cheerpj_dist/4.2/17/lib/modules
/cheerpj_dist/4.2/17/lib/modules
/cheerpj_dist/4.2/17/lib/modules
/cheerpj_dist/4.2/17/lib/modules
/cheerpj_dist/4.2/17/lib/modules
/cheerpj_dist/4.2/17/lib/modules
/files//com/fs/starfarer/combat/CombatMain.class
/files/starfarer_obf.jar
/files/starfarer_obf.jar
/files/starfarer_obf.jar
/files/starfarer_obf.jar
/files/starfarer_obf.jar
/files/starfarer_obf.jar
/files/starfarer_obf.jar
/files/starfarer_obf.jar
/files//com/fs/util/DoNotObfuscate.class
/files/fs.common_obf.jar
/files/fs.common_obf.jar
/cheerpj_dist/4.2/17/lib/modules
/cheerpj_dist/4.2/17/lib/modules
/cheerpj_dist/4.2/17/lib/modules
/files//org/apache/log4j/Logger.class
/cheerpj_dist/4.2/17/lib/modules
/files/fs.sound_obf.jar
/files/starfarer.api.jar
/files/starfarer.api.jar
/files/starfarer.api.jar
/files/starfarer.api.jar
/files/starfarer.api.jar
/files/json.jar
/files/xstream-1.4.10.jar
/files/xstream-1.4.10.jar
/files/xstream-1.4.10.jar
/files/log4j-1.2.9.jar
/files/log4j-1.2.9.jar
/files/log4j-1.2.9.jar
/files//org/apache/log4j/Category.class
/files//org/apache/log4j/spi/AppenderAttachable.class
/files//org/apache/log4j/Level.class
/files//org/apache/log4j/Priority.class
/files//org/apache/log4j/LogManager.class
/files//org/apache/log4j/Hierarchy.class
/files//org/apache/log4j/spi/LoggerRepository.class
/files//org/apache/log4j/spi/RendererSupport.class
/files//org/apache/log4j/spi/RootLogger.class
/files//org/apache/log4j/or/RendererMap.class
/cheerpj_dist/4.2/17/lib/modules
/files//org/apache/log4j/or/DefaultRenderer.class
/files//org/apache/log4j/or/ObjectRenderer.class
/files//org/apache/log4j/DefaultCategoryFactory.class
/files//org/apache/log4j/spi/LoggerFactory.class
/files//org/apache/log4j/spi/DefaultRepositorySelector.class
/files//org/apache/log4j/spi/RepositorySelector.class
/files//org/apache/log4j/helpers/OptionConverter.class
/files//org/apache/log4j/helpers/Loader.class
/cheerpj_dist/4.2/17/lib/modules
/files//org/apache/log4j/helpers/LogLog.class
/files//log4j.xml
/files//org/apache/log4j/spi/Configurator.class
/files//org/apache/log4j/xml/DOMConfigurator.class
/cheerpj_dist/4.2/17/lib/modules
/cheerpj_dist/4.2/17/lib/modules
/cheerpj_dist/4.2/17/lib/modules
/cheerpj_dist/4.2/17/lib/modules
/cheerpj_dist/4.2/17/lib/modules
/cheerpj_dist/4.2/17/conf/jaxp.properties
/files//META-INF/services/javax.xml.parsers.DocumentBuilderFactory
/files/commons-compiler.jar
/files/commons-compiler-jdk.jar
/files/janino.jar
/files/janino.jar
/files/jinput.jar
/files/jinput.jar
/files/lwjgl.jar
/files/lwjgl.jar
/files/lwjgl.jar
/files/lwjgl.jar
/files/lwjgl_util.jar
/files/lwjgl_util.jar
/files/jorbis-0.0.15.jar
/files/jogg-0.0.7.jar
/files//config.jar
/files//META-INF/services/javax.xml.parsers.DocumentBuilderFactory
/cheerpj_dist/4.2/17/lib/modules
/cheerpj_dist/4.2/17/lib/modules
/cheerpj_dist/4.2/17/conf/jaxp.properties
/cheerpj_dist/4.2/17/lib/modules
/cheerpj_dist/4.2/17/lib/modules
/cheerpj_dist/4.2/17/lib/modules
/cheerpj_dist/4.2/17/lib/modules
/cheerpj_dist/4.2/17/lib/modules
/cheerpj_dist/4.2/17/lib/modules
/cheerpj_dist/4.2/17/lib/modules
/files//org/apache/log4j/xml/SAXErrorHandler.class
/files//org/apache/log4j/xml/Log4jEntityResolver.class
/files//log4j.xml
/cheerpj_dist/4.2/17/lib/modules
/files//org/apache/log4j/xml/log4j.dtd
/files//org/apache/log4j/config/PropertySetter.class
/files//org/apache/log4j/Appender.class
/files//org/apache/log4j/ConsoleAppender.class
/files//org/apache/log4j/WriterAppender.class
/files//org/apache/log4j/AppenderSkeleton.class
/files//org/apache/log4j/spi/OptionHandler.class
/files//org/apache/log4j/Layout.class
/files//org/apache/log4j/helpers/OnlyOnceErrorHandler.class
/files//org/apache/log4j/spi/ErrorHandler.class
/files//org/apache/log4j/PatternLayout.class
/files//org/apache/log4j/helpers/PatternParser.class
/files//org/apache/log4j/helpers/FormattingInfo.class
/files//org/apache/log4j/helpers/PatternParser$BasicPatternConverter.class
/files//org/apache/log4j/helpers/PatternConverter.class
/files//org/apache/log4j/helpers/PatternParser$LiteralPatternConverter.class
/files//org/apache/log4j/config/PropertySetterException.class
/cheerpj_dist/4.2/17/lib/modules
/cheerpj_dist/4.2/17/lib/modules
/files//org/apache/log4j/PatternLayoutBeanInfo.class
/cheerpj_dist/4.2/17/lib/modules
/files//org/apache/log4j/PatternLayoutBeanInfo.class
/files//org/apache/log4j/LayoutBeanInfo.class
/files//org/apache/log4j/LayoutBeanInfo.class
/cheerpj_dist/4.2/17/lib/modules
/cheerpj_dist/4.2/17/lib/modules
/files//org/apache/log4j/LayoutCustomizer.class
/files//org/apache/log4j/LayoutCustomizer.class
/files//org/apache/log4j/spi/LoggingEvent.class
/files//org/apache/log4j/PatternLayoutCustomizer.class
/files//org/apache/log4j/PatternLayoutCustomizer.class
/files//org/apache/log4j/helpers/ISO8601DateFormat.class
/files//org/apache/log4j/helpers/AbsoluteTimeDateFormat.class
/cheerpj_dist/4.2/etc/timezone
/cheerpj_dist/4.2/17/lib/tzdb.dat
/files//org/apache/log4j/helpers/QuietWriter.class
/files//org/apache/log4j/helpers/AppenderAttachableImpl.class
/files//org/apache/log4j/CategoryKey.class
/files//org/apache/log4j/ProvisionNode.class
/files//com/fs/starfarer/settings/StarfarerSettings.class
/files/starfarer_obf.jar
/files/starfarer_obf.jar
/files//com/fs/graphics/A/ooOOOOOOOOOOOOOOOOOOOOOOOOOOOOOOOOOOOOOOOOOOOOOOOOOOOOOOOOOOOOOOOOOOOOOOOOOOOOOOOOOOOOOOOOOOOOOOOOOOOOOOOOOOOOOOOOOOOOOOOOOOOOOOOOOOOOOOOOOOOOOOOOOOOOOOOOOOOOOOOOOOOOOOOOOOOOOOOOOOOOOOOOOOOOOOOOOOOOOOOOOOOOOOOOOOOOOOOOOOOOOOOOOOOOOOOOOOOOOOOOOOOOOOOOOOOOOO.class
/files//com/fs/starfarer/settings/A.class
/files/starfarer_obf.jar
/files//org/json/JSONObject.class
/files//org/json/JSONObject$Null.class
/starsector_v44.html
/cheerpj_dist/4.2/cj3.wasm
/cheerpj_dist/4.2/c.html
/cheerpj_dist/4.2/cj3n17.wasm
/cheerpj_dist/4.2/17/lib/modules
/cheerpj_dist/4.2/17/lib/modules
/cheerpj_dist/4.2/17/lib/modules
/cheerpj_dist/4.2/17/lib/modules
/cheerpj_dist/4.2/17/lib/modules
/cheerpj_dist/4.2/17/lib/modules
/cheerpj_dist/4.2/17/lib/modules
/cheerpj_dist/4.2/17/lib/modules
/sw.js
/cheerpj_dist/4.2/17/lib/modules
/cheerpj_dist/4.2/17/lib/modules
/cheerpj_dist/4.2/17/lib/modules
/cheerpj_dist/4.2/17/lib/modules
/cheerpj_dist/4.2/17/lib/modules
/cheerpj_dist/4.2/17/lib/modules
/cheerpj_dist/4.2/17/lib/modules
/cheerpj_dist/4.2/17/lib/modules
/cheerpj_dist/4.2/17/lib/modules
/cheerpj_dist/4.2/17/lib/modules
/cheerpj_dist/4.2/17/lib/modules
/cheerpj_dist/4.2/17/lib/modules
/cheerpj_dist/4.2/etc/users
/cheerpj_dist/4.2/etc/localtime
/cheerpj_dist/4.2/17/lib/modules
/cheerpj_dist/4.2/17/lib/modules
/cheerpj_dist/4.2/17/lib/modules
/cheerpj_dist/4.2/17/lib/modules
/cheerpj_dist/4.2/17/lib/modules
/cheerpj_dist/4.2/17/lib/modules
/cheerpj_dist/4.2/17/lib/modules
/cheerpj_dist/4.2/17/lib/modules
/cheerpj_dist/4.2/17/lib/modules
/cheerpj_dist/4.2/17/lib/modules
/cheerpj_dist/4.2/17/lib/modules
/cheerpj_dist/4.2/17/jre/lib/cheerpj-handlers.jar
/cheerpj_dist/4.2/17/lib/modules
/cheerpj_dist/4.2/17/jre/lib/cheerpj-handlers.jar
/cheerpj_dist/4.2/17/jre/lib/cheerpj-awt.jar
/cheerpj_dist/4.2/17/jre/lib/cheerpj-awt.jar
/cheerpj_dist/4.2/17/jre/lib/cheerpj-jsobject.jar
/cheerpj_dist/4.2/17/jre/lib/cheerpj-jsobject.jar
/files/starfarer_obf.jar
/files/fs.common_obf.jar
/files/fs.sound_obf.jar
/files/starfarer.api.jar
/files/json.jar
/files/xstream-1.4.10.jar
/files/log4j-1.2.9.jar
/files/commons-compiler.jar
/files/commons-compiler-jdk.jar
/files/janino.jar
/files/jinput.jar
/files/lwjgl.jar
/files/lwjgl_util.jar
/files/jorbis-0.0.15.jar
/files/jogg-0.0.7.jar
/files//config.jar
/cheerpj_dist/4.2/17/lib/modules
/cheerpj_dist/4.2/17/lib/modules
/cheerpj_dist/4.2/17/lib/modules
/cheerpj_dist/4.2/17/lib/modules
/cheerpj_dist/4.2/17/lib/modules
/cheerpj_dist/4.2/17/lib/modules
/files//com/fs/starfarer/combat/CombatMain.class
/files/starfarer_obf.jar
/files/starfarer_obf.jar
/files/starfarer_obf.jar
/files/starfarer_obf.jar
/files/starfarer_obf.jar
/files/starfarer_obf.jar
/files/starfarer_obf.jar
/files/starfarer_obf.jar
/files//com/fs/util/DoNotObfuscate.class
/files/fs.common_obf.jar
/files/fs.common_obf.jar
/files/fs.common_obf.jar
/cheerpj_dist/4.2/17/lib/modules
/cheerpj_dist/4.2/17/lib/modules
/cheerpj_dist/4.2/17/lib/modules
/cheerpj_dist/4.2/17/lib/modules
/files//org/apache/log4j/Logger.class
/files/fs.sound_obf.jar
/files/starfarer.api.jar
/files/starfarer.api.jar
/files/starfarer.api.jar
/files/starfarer.api.jar
/files/starfarer.api.jar
/files/json.jar
/files/xstream-1.4.10.jar
/files/xstream-1.4.10.jar
/files/xstream-1.4.10.jar
/files/log4j-1.2.9.jar
/files/log4j-1.2.9.jar
/files/log4j-1.2.9.jar
/files//org/apache/log4j/Category.class
/files//org/apache/log4j/spi/AppenderAttachable.class
/files//org/apache/log4j/Level.class
/files//org/apache/log4j/Priority.class
/files//org/apache/log4j/LogManager.class
/files//org/apache/log4j/Hierarchy.class
/files//org/apache/log4j/spi/LoggerRepository.class
/files//org/apache/log4j/spi/RendererSupport.class
/files//org/apache/log4j/spi/RootLogger.class
/files//org/apache/log4j/or/RendererMap.class
/cheerpj_dist/4.2/17/lib/modules
/files//org/apache/log4j/or/DefaultRenderer.class
/files//org/apache/log4j/or/ObjectRenderer.class
/files//org/apache/log4j/DefaultCategoryFactory.class
/files//org/apache/log4j/spi/LoggerFactory.class
/files//org/apache/log4j/spi/DefaultRepositorySelector.class
/files//org/apache/log4j/spi/RepositorySelector.class
/files//org/apache/log4j/helpers/OptionConverter.class
/files//org/apache/log4j/helpers/Loader.class
/cheerpj_dist/4.2/17/lib/modules
/files//org/apache/log4j/helpers/LogLog.class
/files//log4j.xml
/files//org/apache/log4j/spi/Configurator.class
/files//org/apache/log4j/xml/DOMConfigurator.class
/cheerpj_dist/4.2/17/lib/modules
/cheerpj_dist/4.2/17/lib/modules
/cheerpj_dist/4.2/17/lib/modules
/cheerpj_dist/4.2/17/lib/modules
/cheerpj_dist/4.2/17/lib/modules
/cheerpj_dist/4.2/17/conf/jaxp.properties
/files//META-INF/services/javax.xml.parsers.DocumentBuilderFactory
/files/commons-compiler.jar
/files/commons-compiler-jdk.jar
/files/janino.jar
/files/janino.jar
/files/janino.jar
/files/jinput.jar
/files/jinput.jar
/files/lwjgl.jar
/files/lwjgl.jar
/files/lwjgl.jar
/files/lwjgl.jar
/files/lwjgl_util.jar
/files/lwjgl_util.jar
/files/jorbis-0.0.15.jar
/files/jogg-0.0.7.jar
/files//config.jar
/files//META-INF/services/javax.xml.parsers.DocumentBuilderFactory
/cheerpj_dist/4.2/17/lib/modules
/cheerpj_dist/4.2/17/lib/modules
/cheerpj_dist/4.2/17/conf/jaxp.properties
/cheerpj_dist/4.2/17/lib/modules
/cheerpj_dist/4.2/17/lib/modules
/cheerpj_dist/4.2/17/lib/modules
/cheerpj_dist/4.2/17/lib/modules
/cheerpj_dist/4.2/17/lib/modules
/cheerpj_dist/4.2/17/lib/modules
/cheerpj_dist/4.2/17/lib/modules
/cheerpj_dist/4.2/17/lib/modules
/cheerpj_dist/4.2/17/lib/modules
/files//org/apache/log4j/xml/SAXErrorHandler.class
/files//org/apache/log4j/xml/Log4jEntityResolver.class
/files//log4j.xml
/cheerpj_dist/4.2/17/lib/modules
/files//org/apache/log4j/xml/log4j.dtd
/files//org/apache/log4j/config/PropertySetter.class
/files//org/apache/log4j/Appender.class
/files//org/apache/log4j/ConsoleAppender.class
/files//org/apache/log4j/WriterAppender.class
/files//org/apache/log4j/AppenderSkeleton.class
/files//org/apache/log4j/spi/OptionHandler.class
/files//org/apache/log4j/Layout.class
/files//org/apache/log4j/helpers/OnlyOnceErrorHandler.class
/files//org/apache/log4j/spi/ErrorHandler.class
/files//org/apache/log4j/PatternLayout.class
/files//org/apache/log4j/helpers/PatternParser.class
/files//org/apache/log4j/helpers/FormattingInfo.class
/files//org/apache/log4j/helpers/PatternParser$BasicPatternConverter.class
/files//org/apache/log4j/helpers/PatternConverter.class
/files//org/apache/log4j/helpers/PatternParser$LiteralPatternConverter.class
/files//org/apache/log4j/config/PropertySetterException.class
/cheerpj_dist/4.2/17/lib/modules
/cheerpj_dist/4.2/17/lib/modules
/files//org/apache/log4j/PatternLayoutBeanInfo.class
/cheerpj_dist/4.2/17/lib/modules
/files//org/apache/log4j/PatternLayoutBeanInfo.class
/files//org/apache/log4j/LayoutBeanInfo.class
/files//org/apache/log4j/LayoutBeanInfo.class
/cheerpj_dist/4.2/17/lib/modules
/cheerpj_dist/4.2/17/lib/modules
/files//org/apache/log4j/LayoutCustomizer.class
/files//org/apache/log4j/LayoutCustomizer.class
/files//org/apache/log4j/spi/LoggingEvent.class
/files//org/apache/log4j/PatternLayoutCustomizer.class
/files//org/apache/log4j/PatternLayoutCustomizer.class
/files//org/apache/log4j/helpers/ISO8601DateFormat.class
/files//org/apache/log4j/helpers/AbsoluteTimeDateFormat.class
/cheerpj_dist/4.2/etc/timezone
/cheerpj_dist/4.2/17/lib/tzdb.dat
/files//org/apache/log4j/helpers/QuietWriter.class
/files//org/apache/log4j/helpers/AppenderAttachableImpl.class
/files//org/apache/log4j/CategoryKey.class
/files//org/apache/log4j/ProvisionNode.class
/files//com/fs/starfarer/settings/StarfarerSettings.class
/files/starfarer_obf.jar
/files/starfarer_obf.jar
/files//com/fs/graphics/A/ooOOOOOOOOOOOOOOOOOOOOOOOOOOOOOOOOOOOOOOOOOOOOOOOOOOOOOOOOOOOOOOOOOOOOOOOOOOOOOOOOOOOOOOOOOOOOOOOOOOOOOOOOOOOOOOOOOOOOOOOOOOOOOOOOOOOOOOOOOOOOOOOOOOOOOOOOOOOOOOOOOOOOOOOOOOOOOOOOOOOOOOOOOOOOOOOOOOOOOOOOOOOOOOOOOOOOOOOOOOOOOOOOOOOOOOOOOOOOOOOOOOOOOOOOOOOOOO.class
/files//com/fs/starfarer/settings/A.class
/files/starfarer_obf.jar
/files//org/json/JSONObject.class
/files//org/json/JSONObject$Null.class
/starsector_v44.html
/cheerpj_dist/4.2/cj3.wasm
/cheerpj_dist/4.2/c.html
/cheerpj_dist/4.2/cj3n17.wasm
/cheerpj_dist/4.2/17/lib/modules
/cheerpj_dist/4.2/17/lib/modules
/cheerpj_dist/4.2/17/lib/modules
/cheerpj_dist/4.2/17/lib/modules
/cheerpj_dist/4.2/17/lib/modules
/cheerpj_dist/4.2/17/lib/modules
/cheerpj_dist/4.2/17/lib/modules
/cheerpj_dist/4.2/17/lib/modules
/cheerpj_dist/4.2/17/lib/modules
/cheerpj_dist/4.2/17/lib/modules
/cheerpj_dist/4.2/17/lib/modules
/cheerpj_dist/4.2/17/lib/modules
/sw.js
/cheerpj_dist/4.2/17/lib/modules
/cheerpj_dist/4.2/17/lib/modules
/cheerpj_dist/4.2/17/lib/modules
/cheerpj_dist/4.2/17/lib/modules
/cheerpj_dist/4.2/17/lib/modules
/cheerpj_dist/4.2/17/lib/modules
/cheerpj_dist/4.2/17/lib/modules
/cheerpj_dist/4.2/17/lib/modules
/cheerpj_dist/4.2/etc/users
/cheerpj_dist/4.2/etc/localtime
/cheerpj_dist/4.2/17/lib/modules
/cheerpj_dist/4.2/17/lib/modules
/cheerpj_dist/4.2/17/lib/modules
/cheerpj_dist/4.2/17/lib/modules
/cheerpj_dist/4.2/17/lib/modules
/cheerpj_dist/4.2/17/lib/modules
/cheerpj_dist/4.2/17/lib/modules
/cheerpj_dist/4.2/17/lib/modules
/cheerpj_dist/4.2/17/lib/modules
/cheerpj_dist/4.2/17/lib/modules
/cheerpj_dist/4.2/17/jre/lib/cheerpj-handlers.jar
/cheerpj_dist/4.2/17/lib/modules
/cheerpj_dist/4.2/17/jre/lib/cheerpj-handlers.jar
/cheerpj_dist/4.2/17/jre/lib/cheerpj-awt.jar
/cheerpj_dist/4.2/17/jre/lib/cheerpj-awt.jar
/cheerpj_dist/4.2/17/jre/lib/cheerpj-jsobject.jar
/cheerpj_dist/4.2/17/jre/lib/cheerpj-jsobject.jar
/files/starfarer_obf.jar
/files/fs.common_obf.jar
/files/fs.sound_obf.jar
/files/starfarer.api.jar
/files/json.jar
/files/xstream-1.4.10.jar
/files/log4j-1.2.9.jar
/files/commons-compiler.jar
/files/commons-compiler-jdk.jar
/files/janino.jar
/files/jinput.jar
/files/lwjgl.jar
/files/lwjgl_util.jar
/files/jorbis-0.0.15.jar
/files/jogg-0.0.7.jar
/files//config.jar
/cheerpj_dist/4.2/17/lib/modules
/cheerpj_dist/4.2/17/lib/modules
/cheerpj_dist/4.2/17/lib/modules
/cheerpj_dist/4.2/17/lib/modules
/cheerpj_dist/4.2/17/lib/modules
/cheerpj_dist/4.2/17/lib/modules
/files//com/fs/starfarer/combat/CombatMain.class
/files/starfarer_obf.jar
/files/starfarer_obf.jar
/files/starfarer_obf.jar
/files/starfarer_obf.jar
/files/starfarer_obf.jar
/files/starfarer_obf.jar
/files/starfarer_obf.jar
/files/starfarer_obf.jar
/files//com/fs/util/DoNotObfuscate.class
/files/fs.common_obf.jar
/files/fs.common_obf.jar
/files/fs.common_obf.jar
/cheerpj_dist/4.2/17/lib/modules
/cheerpj_dist/4.2/17/lib/modules
/cheerpj_dist/4.2/17/lib/modules
/files//org/apache/log4j/Logger.class
/files/fs.sound_obf.jar
/files/starfarer.api.jar
/files/starfarer.api.jar
/files/starfarer.api.jar
/files/starfarer.api.jar
/files/starfarer.api.jar
/files/json.jar
/files/xstream-1.4.10.jar
/files/xstream-1.4.10.jar
/files/xstream-1.4.10.jar
/files/log4j-1.2.9.jar
/files/log4j-1.2.9.jar
/files/log4j-1.2.9.jar
/files//org/apache/log4j/Category.class
/files//org/apache/log4j/spi/AppenderAttachable.class
/files//org/apache/log4j/Level.class
/files//org/apache/log4j/Priority.class
/files//org/apache/log4j/LogManager.class
/files//org/apache/log4j/Hierarchy.class
/files//org/apache/log4j/spi/LoggerRepository.class
/files//org/apache/log4j/spi/RendererSupport.class
/files//org/apache/log4j/spi/RootLogger.class
/files//org/apache/log4j/or/RendererMap.class
/files//org/apache/log4j/or/DefaultRenderer.class
/files//org/apache/log4j/or/ObjectRenderer.class
/files//org/apache/log4j/DefaultCategoryFactory.class
/files//org/apache/log4j/spi/LoggerFactory.class
/files//org/apache/log4j/spi/DefaultRepositorySelector.class
/files//org/apache/log4j/spi/RepositorySelector.class
/files//org/apache/log4j/helpers/OptionConverter.class
/files//org/apache/log4j/helpers/Loader.class
/cheerpj_dist/4.2/17/lib/modules
/files//org/apache/log4j/helpers/LogLog.class
/files//log4j.xml
/files//org/apache/log4j/spi/Configurator.class
/files//org/apache/log4j/xml/DOMConfigurator.class
/cheerpj_dist/4.2/17/lib/modules
/cheerpj_dist/4.2/17/lib/modules
/cheerpj_dist/4.2/17/lib/modules
/cheerpj_dist/4.2/17/lib/modules
/cheerpj_dist/4.2/17/lib/modules
/cheerpj_dist/4.2/17/conf/jaxp.properties
/files//META-INF/services/javax.xml.parsers.DocumentBuilderFactory
/files/commons-compiler.jar
/files/commons-compiler-jdk.jar
/files/janino.jar
/files/janino.jar
/files/janino.jar
/files/jinput.jar
/files/jinput.jar
/files/lwjgl.jar
/files/lwjgl.jar
/files/lwjgl.jar
/files/lwjgl.jar
/files/lwjgl_util.jar
/files/lwjgl_util.jar
/files/jorbis-0.0.15.jar
/files/jogg-0.0.7.jar
/files//config.jar
/files//META-INF/services/javax.xml.parsers.DocumentBuilderFactory
/cheerpj_dist/4.2/17/lib/modules
/cheerpj_dist/4.2/17/lib/modules
/cheerpj_dist/4.2/17/conf/jaxp.properties
/cheerpj_dist/4.2/17/lib/modules
/cheerpj_dist/4.2/17/lib/modules
/cheerpj_dist/4.2/17/lib/modules
/cheerpj_dist/4.2/17/lib/modules
/cheerpj_dist/4.2/17/lib/modules
/cheerpj_dist/4.2/17/lib/modules
/cheerpj_dist/4.2/17/lib/modules
/cheerpj_dist/4.2/17/lib/modules
/cheerpj_dist/4.2/17/lib/modules
/files//org/apache/log4j/xml/SAXErrorHandler.class
/files//org/apache/log4j/xml/Log4jEntityResolver.class
/files//log4j.xml
/cheerpj_dist/4.2/17/lib/modules
/files//org/apache/log4j/xml/log4j.dtd
/files//org/apache/log4j/config/PropertySetter.class
/files//org/apache/log4j/Appender.class
/files//org/apache/log4j/ConsoleAppender.class
/files//org/apache/log4j/WriterAppender.class
/files//org/apache/log4j/AppenderSkeleton.class
/files//org/apache/log4j/spi/OptionHandler.class
/files//org/apache/log4j/Layout.class
/files//org/apache/log4j/helpers/OnlyOnceErrorHandler.class
/files//org/apache/log4j/spi/ErrorHandler.class
/files//org/apache/log4j/PatternLayout.class
/files//org/apache/log4j/helpers/PatternParser.class
/files//org/apache/log4j/helpers/FormattingInfo.class
/files//org/apache/log4j/helpers/PatternParser$BasicPatternConverter.class
/files//org/apache/log4j/helpers/PatternConverter.class
/files//org/apache/log4j/helpers/PatternParser$LiteralPatternConverter.class
/files//org/apache/log4j/config/PropertySetterException.class
/cheerpj_dist/4.2/17/lib/modules
/cheerpj_dist/4.2/17/lib/modules
/files//org/apache/log4j/PatternLayoutBeanInfo.class
/cheerpj_dist/4.2/17/lib/modules
/files//org/apache/log4j/PatternLayoutBeanInfo.class
/files//org/apache/log4j/LayoutBeanInfo.class
/files//org/apache/log4j/LayoutBeanInfo.class
/cheerpj_dist/4.2/17/lib/modules
/cheerpj_dist/4.2/17/lib/modules
/files//org/apache/log4j/LayoutCustomizer.class
/files//org/apache/log4j/LayoutCustomizer.class
/files//org/apache/log4j/spi/LoggingEvent.class
/files//org/apache/log4j/PatternLayoutCustomizer.class
/files//org/apache/log4j/PatternLayoutCustomizer.class
/files//org/apache/log4j/helpers/ISO8601DateFormat.class
/files//org/apache/log4j/helpers/AbsoluteTimeDateFormat.class
/cheerpj_dist/4.2/etc/timezone
/cheerpj_dist/4.2/17/lib/tzdb.dat
/files//org/apache/log4j/helpers/QuietWriter.class
/files//org/apache/log4j/helpers/AppenderAttachableImpl.class
/files//org/apache/log4j/CategoryKey.class
/files//org/apache/log4j/ProvisionNode.class
/files//com/fs/starfarer/settings/StarfarerSettings.class
/files/starfarer_obf.jar
/files/starfarer_obf.jar
/files//com/fs/graphics/A/ooOOOOOOOOOOOOOOOOOOOOOOOOOOOOOOOOOOOOOOOOOOOOOOOOOOOOOOOOOOOOOOOOOOOOOOOOOOOOOOOOOOOOOOOOOOOOOOOOOOOOOOOOOOOOOOOOOOOOOOOOOOOOOOOOOOOOOOOOOOOOOOOOOOOOOOOOOOOOOOOOOOOOOOOOOOOOOOOOOOOOOOOOOOOOOOOOOOOOOOOOOOOOOOOOOOOOOOOOOOOOOOOOOOOOOOOOOOOOOOOOOOOOOOOOOOOOOO.class
/files//com/fs/starfarer/settings/A.class
/files/starfarer_obf.jar
/files//org/json/JSONObject.class
/files//org/json/JSONObject$Null.class
/starsector_v44.html
/cheerpj_dist/4.2/cj3.wasm
/cheerpj_dist/4.2/c.html
/cheerpj_dist/4.2/cj3n17.wasm
/cheerpj_dist/4.2/17/lib/modules
/cheerpj_dist/4.2/17/lib/modules
/cheerpj_dist/4.2/17/lib/modules
/cheerpj_dist/4.2/17/lib/modules
/cheerpj_dist/4.2/17/lib/modules
/cheerpj_dist/4.2/17/lib/modules
/cheerpj_dist/4.2/17/lib/modules
/cheerpj_dist/4.2/17/lib/modules
/cheerpj_dist/4.2/17/lib/modules
/cheerpj_dist/4.2/17/lib/modules
/cheerpj_dist/4.2/17/lib/modules
/cheerpj_dist/4.2/17/lib/modules
/cheerpj_dist/4.2/17/lib/modules
/cheerpj_dist/4.2/17/lib/modules
/cheerpj_dist/4.2/17/lib/modules
/cheerpj_dist/4.2/17/lib/modules
/cheerpj_dist/4.2/17/lib/modules
/cheerpj_dist/4.2/17/lib/modules
/cheerpj_dist/4.2/17/lib/modules
/sw.js
_dist/4.2/17/lib/modules
/cheerpj_dist/4.2/etc/users
/cheerpj_dist/4.2/etc/localtime
/cheerpj_dist/4.2/17/lib/modules
/cheerpj_dist/4.2/17/lib/modules
/cheerpj_dist/4.2/17/lib/modules
/cheerpj_dist/4.2/17/lib/modules
/cheerpj_dist/4.2/17/lib/modules
/cheerpj_dist/4.2/17/lib/modules
/cheerpj_dist/4.2/17/lib/modules
/cheerpj_dist/4.2/17/lib/modules
/cheerpj_dist/4.2/17/lib/modules
/cheerpj_dist/4.2/17/lib/modules
/cheerpj_dist/4.2/17/lib/modules
/cheerpj_dist/4.2/17/jre/lib/cheerpj-handlers.jar
/cheerpj_dist/4.2/17/lib/modules
/cheerpj_dist/4.2/17/jre/lib/cheerpj-handlers.jar
/cheerpj_dist/4.2/17/jre/lib/cheerpj-awt.jar
/cheerpj_dist/4.2/17/jre/lib/cheerpj-awt.jar
/cheerpj_dist/4.2/17/jre/lib/cheerpj-jsobject.jar
/cheerpj_dist/4.2/17/jre/lib/cheerpj-jsobject.jar
/files/starfarer_obf.jar
/files/fs.common_obf.jar
/files/fs.sound_obf.jar
/files/starfarer.api.jar
/files/json.jar
/files/xstream-1.4.10.jar
/files/log4j-1.2.9.jar
/files/commons-compiler.jar
/files/commons-compiler-jdk.jar
/files/janino.jar
/files/jinput.jar
/files/lwjgl.jar
/files/lwjgl_util.jar
/files/jorbis-0.0.15.jar
/files/jogg-0.0.7.jar
/files//config.jar
/cheerpj_dist/4.2/17/lib/modules
/cheerpj_dist/4.2/17/lib/modules
/cheerpj_dist/4.2/17/lib/modules
/cheerpj_dist/4.2/17/lib/modules
/cheerpj_dist/4.2/17/lib/modules
/cheerpj_dist/4.2/17/lib/modules
/files//com/fs/starfarer/combat/CombatMain.class
/files/starfarer_obf.jar
/files/starfarer_obf.jar
/files/starfarer_obf.jar
/files/starfarer_obf.jar
/files/starfarer_obf.jar
/files/starfarer_obf.jar
/files/starfarer_obf.jar
/files/starfarer_obf.jar
/files//com/fs/util/DoNotObfuscate.class
/files/fs.common_obf.jar
/files/fs.common_obf.jar
/files/fs.common_obf.jar
/cheerpj_dist/4.2/17/lib/modules
/cheerpj_dist/4.2/17/lib/modules
/cheerpj_dist/4.2/17/lib/modules
/cheerpj_dist/4.2/17/lib/modules
/files//org/apache/log4j/Logger.class
/files/fs.sound_obf.jar
/files/starfarer.api.jar
/files/starfarer.api.jar
/files/starfarer.api.jar
/files/starfarer.api.jar
/files/starfarer.api.jar
/files/json.jar
/files/xstream-1.4.10.jar
/files/xstream-1.4.10.jar
/files/xstream-1.4.10.jar
/files/log4j-1.2.9.jar
/files/log4j-1.2.9.jar
/files/log4j-1.2.9.jar
/files//org/apache/log4j/Category.class
/files//org/apache/log4j/spi/AppenderAttachable.class
/files//org/apache/log4j/Level.class
/files//org/apache/log4j/Priority.class
/files//org/apache/log4j/LogManager.class
/files//org/apache/log4j/Hierarchy.class
/files//org/apache/log4j/spi/LoggerRepository.class
/files//org/apache/log4j/spi/RendererSupport.class
/files//org/apache/log4j/spi/RootLogger.class
/files//org/apache/log4j/or/RendererMap.class
/cheerpj_dist/4.2/17/lib/modules
/files//org/apache/log4j/or/DefaultRenderer.class
/files//org/apache/log4j/or/ObjectRenderer.class
/files//org/apache/log4j/DefaultCategoryFactory.class
/files//org/apache/log4j/spi/LoggerFactory.class
/files//org/apache/log4j/spi/DefaultRepositorySelector.class
/files//org/apache/log4j/spi/RepositorySelector.class
/files//org/apache/log4j/helpers/OptionConverter.class
/files//org/apache/log4j/helpers/Loader.class
/cheerpj_dist/4.2/17/lib/modules
/files//org/apache/log4j/helpers/LogLog.class
/files//log4j.xml
/files//org/apache/log4j/spi/Configurator.class
/files//org/apache/log4j/xml/DOMConfigurator.class
/cheerpj_dist/4.2/17/lib/modules
/cheerpj_dist/4.2/17/lib/modules
/cheerpj_dist/4.2/17/lib/modules
/cheerpj_dist/4.2/17/lib/modules
/cheerpj_dist/4.2/17/lib/modules
/cheerpj_dist/4.2/17/conf/jaxp.properties
/files//META-INF/services/javax.xml.parsers.DocumentBuilderFactory
/files/commons-compiler.jar
/files/commons-compiler-jdk.jar
/files/janino.jar
/files/janino.jar
/files/janino.jar
/files/jinput.jar
/files/jinput.jar
/files/lwjgl.jar
/files/lwjgl.jar
/files/lwjgl.jar
/files/lwjgl.jar
/files/lwjgl_util.jar
/files/lwjgl_util.jar
/files/jorbis-0.0.15.jar
/files/jogg-0.0.7.jar
/files//config.jar
/files//META-INF/services/javax.xml.parsers.DocumentBuilderFactory
/cheerpj_dist/4.2/17/lib/modules
/cheerpj_dist/4.2/17/lib/modules
/cheerpj_dist/4.2/17/conf/jaxp.properties
/cheerpj_dist/4.2/17/lib/modules
/cheerpj_dist/4.2/17/lib/modules
/cheerpj_dist/4.2/17/lib/modules
/cheerpj_dist/4.2/17/lib/modules
/cheerpj_dist/4.2/17/lib/modules
/cheerpj_dist/4.2/17/lib/modules
/cheerpj_dist/4.2/17/lib/modules
/cheerpj_dist/4.2/17/lib/modules
/cheerpj_dist/4.2/17/lib/modules
/files//org/apache/log4j/xml/SAXErrorHandler.class
/files//org/apache/log4j/xml/Log4jEntityResolver.class
/files//log4j.xml
/cheerpj_dist/4.2/17/lib/modules
/files//org/apache/log4j/xml/log4j.dtd
/files//org/apache/log4j/config/PropertySetter.class
/files//org/apache/log4j/Appender.class
/files//org/apache/log4j/ConsoleAppender.class
/files//org/apache/log4j/WriterAppender.class
/files//org/apache/log4j/AppenderSkeleton.class
/files//org/apache/log4j/spi/OptionHandler.class
/files//org/apache/log4j/Layout.class
/files//org/apache/log4j/helpers/OnlyOnceErrorHandler.class
/files//org/apache/log4j/spi/ErrorHandler.class
/files//org/apache/log4j/PatternLayout.class
/files//org/apache/log4j/helpers/PatternParser.class
/files//org/apache/log4j/helpers/FormattingInfo.class
/files//org/apache/log4j/helpers/PatternParser$BasicPatternConverter.class
/files//org/apache/log4j/helpers/PatternConverter.class
/files//org/apache/log4j/helpers/PatternParser$LiteralPatternConverter.class
/files//org/apache/log4j/config/PropertySetterException.class
/cheerpj_dist/4.2/17/lib/modules
/cheerpj_dist/4.2/17/lib/modules
/files//org/apache/log4j/PatternLayoutBeanInfo.class
/cheerpj_dist/4.2/17/lib/modules
/files//org/apache/log4j/PatternLayoutBeanInfo.class
/files//org/apache/log4j/LayoutBeanInfo.class
/files//org/apache/log4j/LayoutBeanInfo.class
/cheerpj_dist/4.2/17/lib/modules
/cheerpj_dist/4.2/17/lib/modules
/files//org/apache/log4j/LayoutCustomizer.class
/files//org/apache/log4j/LayoutCustomizer.class
/files//org/apache/log4j/spi/LoggingEvent.class
/files//org/apache/log4j/PatternLayoutCustomizer.class
/files//org/apache/log4j/PatternLayoutCustomizer.class
/files//org/apache/log4j/helpers/ISO8601DateFormat.class
/files//org/apache/log4j/helpers/AbsoluteTimeDateFormat.class
/cheerpj_dist/4.2/etc/timezone
/cheerpj_dist/4.2/17/lib/tzdb.dat
/files//org/apache/log4j/helpers/QuietWriter.class
/files//org/apache/log4j/helpers/AppenderAttachableImpl.class
/files//org/apache/log4j/CategoryKey.class
/files//org/apache/log4j/ProvisionNode.class
/files//com/fs/starfarer/settings/StarfarerSettings.class
/files/starfarer_obf.jar
/files/starfarer_obf.jar
/files//com/fs/graphics/A/ooOOOOOOOOOOOOOOOOOOOOOOOOOOOOOOOOOOOOOOOOOOOOOOOOOOOOOOOOOOOOOOOOOOOOOOOOOOOOOOOOOOOOOOOOOOOOOOOOOOOOOOOOOOOOOOOOOOOOOOOOOOOOOOOOOOOOOOOOOOOOOOOOOOOOOOOOOOOOOOOOOOOOOOOOOOOOOOOOOOOOOOOOOOOOOOOOOOOOOOOOOOOOOOOOOOOOOOOOOOOOOOOOOOOOOOOOOOOOOOOOOOOOOOOOOOOOOO.class
/files//com/fs/starfarer/settings/A.class
/files/starfarer_obf.jar
/files//org/json/JSONObject.class
/files//org/json/JSONObject$Null.class
/starsector_v44.html
/cheerpj_dist/4.2/cj3.wasm
/cheerpj_dist/4.2/c.html
/cheerpj_dist/4.2/cj3n17.wasm
/cheerpj_dist/4.2/17/lib/modules
/cheerpj_dist/4.2/17/lib/modules
/cheerpj_dist/4.2/17/lib/modules
/cheerpj_dist/4.2/17/lib/modules
/cheerpj_dist/4.2/17/lib/modules
/cheerpj_dist/4.2/17/lib/modules
/cheerpj_dist/4.2/17/lib/modules
/cheerpj_dist/4.2/17/lib/modules
/cheerpj_dist/4.2/17/lib/modules
/cheerpj_dist/4.2/17/lib/modules
/cheerpj_dist/4.2/17/lib/modules
/cheerpj_dist/4.2/17/lib/modules
/cheerpj_dist/4.2/17/lib/modules
/cheerpj_dist/4.2/17/lib/modules
/cheerpj_dist/4.2/17/lib/modules
/cheerpj_dist/4.2/17/lib/modules
/cheerpj_dist/4.2/17/lib/modules
/cheerpj_dist/4.2/17/lib/modules
/cheerpj_dist/4.2/17/lib/modules
/cheerpj_dist/4.2/17/lib/modules
/sw.js
/cheerpj_dist/4.2/etc/users
/cheerpj_dist/4.2/etc/localtime
/cheerpj_dist/4.2/17/lib/modules
/cheerpj_dist/4.2/17/lib/modules
/cheerpj_dist/4.2/17/lib/modules
/cheerpj_dist/4.2/17/lib/modules
/cheerpj_dist/4.2/17/lib/modules
/cheerpj_dist/4.2/17/lib/modules
/cheerpj_dist/4.2/17/lib/modules
/cheerpj_dist/4.2/17/lib/modules
/cheerpj_dist/4.2/17/lib/modules
/cheerpj_dist/4.2/17/lib/modules
/cheerpj_dist/4.2/17/jre/lib/cheerpj-handlers.jar
/cheerpj_dist/4.2/17/lib/modules
/cheerpj_dist/4.2/17/lib/modules
/cheerpj_dist/4.2/17/jre/lib/cheerpj-handlers.jar
/cheerpj_dist/4.2/17/jre/lib/cheerpj-awt.jar
/cheerpj_dist/4.2/17/jre/lib/cheerpj-awt.jar
/cheerpj_dist/4.2/17/jre/lib/cheerpj-jsobject.jar
/cheerpj_dist/4.2/17/jre/lib/cheerpj-jsobject.jar
/files/starfarer_obf.jar
/files/fs.common_obf.jar
/files/fs.sound_obf.jar
/files/starfarer.api.jar
/files/json.jar
/files/xstream-1.4.10.jar
/files/log4j-1.2.9.jar
/files/commons-compiler.jar
/files/commons-compiler-jdk.jar
/files/janino.jar
/files/jinput.jar
/files/lwjgl.jar
/files/lwjgl_util.jar
/files/jorbis-0.0.15.jar
/files/jogg-0.0.7.jar
/files//config.jar
/cheerpj_dist/4.2/17/lib/modules
/cheerpj_dist/4.2/17/lib/modules
/cheerpj_dist/4.2/17/lib/modules
/cheerpj_dist/4.2/17/lib/modules
/cheerpj_dist/4.2/17/lib/modules
/cheerpj_dist/4.2/17/lib/modules
/files//com/fs/starfarer/combat/CombatMain.class
/files/starfarer_obf.jar
/files/starfarer_obf.jar
/files/starfarer_obf.jar
/files/starfarer_obf.jar
/files/starfarer_obf.jar
/files/starfarer_obf.jar
/files/starfarer_obf.jar
/files/starfarer_obf.jar
/files//com/fs/util/DoNotObfuscate.class
/files/fs.common_obf.jar
/files/fs.common_obf.jar
/files/fs.common_obf.jar
/cheerpj_dist/4.2/17/lib/modules
/cheerpj_dist/4.2/17/lib/modules
/cheerpj_dist/4.2/17/lib/modules
/files//org/apache/log4j/Logger.class
/cheerpj_dist/4.2/17/lib/modules
/files/fs.sound_obf.jar
/files/starfarer.api.jar
/files/starfarer.api.jar
/files/starfarer.api.jar
/files/starfarer.api.jar
/files/starfarer.api.jar
/files/json.jar
/files/xstream-1.4.10.jar
/files/xstream-1.4.10.jar
/files/xstream-1.4.10.jar
/files/log4j-1.2.9.jar
/files/log4j-1.2.9.jar
/files//org/apache/log4j/Category.class
/files//org/apache/log4j/spi/AppenderAttachable.class
/files//org/apache/log4j/Level.class
/files//org/apache/log4j/Priority.class
/files//org/apache/log4j/LogManager.class
/files//org/apache/log4j/Hierarchy.class
/files//org/apache/log4j/spi/LoggerRepository.class
/files//org/apache/log4j/spi/RendererSupport.class
/files//org/apache/log4j/spi/RootLogger.class
/files//org/apache/log4j/or/RendererMap.class
/cheerpj_dist/4.2/17/lib/modules
/files//org/apache/log4j/or/DefaultRenderer.class
/files//org/apache/log4j/or/ObjectRenderer.class
/files//org/apache/log4j/DefaultCategoryFactory.class
/files//org/apache/log4j/spi/LoggerFactory.class
/files//org/apache/log4j/spi/DefaultRepositorySelector.class
/files//org/apache/log4j/spi/RepositorySelector.class
/files//org/apache/log4j/helpers/OptionConverter.class
/files//org/apache/log4j/helpers/Loader.class
/cheerpj_dist/4.2/17/lib/modules
/files//org/apache/log4j/helpers/LogLog.class
/files//log4j.xml
/files//org/apache/log4j/spi/Configurator.class
/files//org/apache/log4j/xml/DOMConfigurator.class
/cheerpj_dist/4.2/17/lib/modules
/cheerpj_dist/4.2/17/lib/modules
/cheerpj_dist/4.2/17/lib/modules
/cheerpj_dist/4.2/17/lib/modules
/cheerpj_dist/4.2/17/lib/modules
/cheerpj_dist/4.2/17/conf/jaxp.properties
/files//META-INF/services/javax.xml.parsers.DocumentBuilderFactory
/files/commons-compiler.jar
/files/commons-compiler-jdk.jar
/files/janino.jar
/files/janino.jar
/files/janino.jar
/files/jinput.jar
/files/jinput.jar
/files/lwjgl.jar
/files/lwjgl.jar
/files/lwjgl.jar
/files/lwjgl.jar
/files/lwjgl_util.jar
/files/lwjgl_util.jar
/files/jorbis-0.0.15.jar
/files/jogg-0.0.7.jar
/files//config.jar
/files//META-INF/services/javax.xml.parsers.DocumentBuilderFactory
/cheerpj_dist/4.2/17/lib/modules
/cheerpj_dist/4.2/17/lib/modules
/cheerpj_dist/4.2/17/conf/jaxp.properties
/cheerpj_dist/4.2/17/lib/modules
/cheerpj_dist/4.2/17/lib/modules
/cheerpj_dist/4.2/17/lib/modules
/cheerpj_dist/4.2/17/lib/modules
/cheerpj_dist/4.2/17/lib/modules
/cheerpj_dist/4.2/17/lib/modules
/cheerpj_dist/4.2/17/lib/modules
/cheerpj_dist/4.2/17/lib/modules
/cheerpj_dist/4.2/17/lib/modules
/files//org/apache/log4j/xml/SAXErrorHandler.class
/files//org/apache/log4j/xml/Log4jEntityResolver.class
/files//log4j.xml
/cheerpj_dist/4.2/17/lib/modules
/files//org/apache/log4j/xml/log4j.dtd
/files//org/apache/log4j/config/PropertySetter.class
/files//org/apache/log4j/Appender.class
/files//org/apache/log4j/ConsoleAppender.class
/files//org/apache/log4j/WriterAppender.class
/files//org/apache/log4j/AppenderSkeleton.class
/files//org/apache/log4j/spi/OptionHandler.class
/files//org/apache/log4j/Layout.class
/files//org/apache/log4j/helpers/OnlyOnceErrorHandler.class
/files//org/apache/log4j/spi/ErrorHandler.class
/files//org/apache/log4j/PatternLayout.class
/files//org/apache/log4j/helpers/PatternParser.class
/files//org/apache/log4j/helpers/FormattingInfo.class
/files//org/apache/log4j/helpers/PatternParser$BasicPatternConverter.class
/files//org/apache/log4j/helpers/PatternConverter.class
/files//org/apache/log4j/helpers/PatternParser$LiteralPatternConverter.class
/files//org/apache/log4j/config/PropertySetterException.class
/cheerpj_dist/4.2/17/lib/modules
/cheerpj_dist/4.2/17/lib/modules
/files//org/apache/log4j/PatternLayoutBeanInfo.class
/cheerpj_dist/4.2/17/lib/modules
/files//org/apache/log4j/PatternLayoutBeanInfo.class
/files//org/apache/log4j/LayoutBeanInfo.class
/files//org/apache/log4j/LayoutBeanInfo.class
/cheerpj_dist/4.2/17/lib/modules
/cheerpj_dist/4.2/17/lib/modules
/files//org/apache/log4j/LayoutCustomizer.class
/files//org/apache/log4j/LayoutCustomizer.class
/files//org/apache/log4j/spi/LoggingEvent.class
/files//org/apache/log4j/PatternLayoutCustomizer.class
/files//org/apache/log4j/PatternLayoutCustomizer.class
/files//org/apache/log4j/helpers/ISO8601DateFormat.class
/files//org/apache/log4j/helpers/AbsoluteTimeDateFormat.class
/cheerpj_dist/4.2/etc/timezone
/cheerpj_dist/4.2/17/lib/tzdb.dat
/files//org/apache/log4j/helpers/QuietWriter.class
/files//org/apache/log4j/helpers/AppenderAttachableImpl.class
/files//org/apache/log4j/CategoryKey.class
/files//org/apache/log4j/ProvisionNode.class
/files//com/fs/starfarer/settings/StarfarerSettings.class
/files/starfarer_obf.jar
/files/starfarer_obf.jar
/files//com/fs/graphics/A/ooOOOOOOOOOOOOOOOOOOOOOOOOOOOOOOOOOOOOOOOOOOOOOOOOOOOOOOOOOOOOOOOOOOOOOOOOOOOOOOOOOOOOOOOOOOOOOOOOOOOOOOOOOOOOOOOOOOOOOOOOOOOOOOOOOOOOOOOOOOOOOOOOOOOOOOOOOOOOOOOOOOOOOOOOOOOOOOOOOOOOOOOOOOOOOOOOOOOOOOOOOOOOOOOOOOOOOOOOOOOOOOOOOOOOOOOOOOOOOOOOOOOOOOOOOOOOOO.class
/files//com/fs/starfarer/settings/A.class
/files//org/json/JSONObject.class
/files//org/json/JSONObject$Null.class
/starsector_v44.html
/cheerpj_dist/4.2/cj3.wasm
/cheerpj_dist/4.2/cj3n17.wasm
/cheerpj_dist/4.2/c.html
/cheerpj_dist/4.2/17/lib/modules
/cheerpj_dist/4.2/17/lib/modules
/cheerpj_dist/4.2/17/lib/modules
/cheerpj_dist/4.2/17/lib/modules
/cheerpj_dist/4.2/17/lib/modules
/sw.js
/cheerpj_dist/4.2/17/lib/modules
/cheerpj_dist/4.2/17/lib/modules
/cheerpj_dist/4.2/17/lib/modules
/cheerpj_dist/4.2/17/lib/modules
/cheerpj_dist/4.2/17/lib/modules
/cheerpj_dist/4.2/17/lib/modules
/cheerpj_dist/4.2/17/lib/modules
/cheerpj_dist/4.2/17/lib/modules
/cheerpj_dist/4.2/17/lib/modules
/cheerpj_dist/4.2/17/lib/modules
/cheerpj_dist/4.2/17/lib/modules
/cheerpj_dist/4.2/17/lib/modules
/cheerpj_dist/4.2/17/lib/modules
/cheerpj_dist/4.2/17/lib/modules
/cheerpj_dist/4.2/17/lib/modules
/cheerpj_dist/4.2/etc/users
/cheerpj_dist/4.2/etc/localtime
/cheerpj_dist/4.2/17/lib/modules
/cheerpj_dist/4.2/17/lib/modules
/cheerpj_dist/4.2/17/lib/modules
/cheerpj_dist/4.2/17/lib/modules
/cheerpj_dist/4.2/17/lib/modules
/cheerpj_dist/4.2/17/lib/modules
/cheerpj_dist/4.2/17/lib/modules
/cheerpj_dist/4.2/17/lib/modules
/cheerpj_dist/4.2/17/lib/modules
/cheerpj_dist/4.2/17/lib/modules
/cheerpj_dist/4.2/17/lib/modules
/cheerpj_dist/4.2/17/jre/lib/cheerpj-handlers.jar
/cheerpj_dist/4.2/17/lib/modules
/cheerpj_dist/4.2/17/jre/lib/cheerpj-handlers.jar
/cheerpj_dist/4.2/17/jre/lib/cheerpj-awt.jar
/cheerpj_dist/4.2/17/jre/lib/cheerpj-awt.jar
/cheerpj_dist/4.2/17/jre/lib/cheerpj-jsobject.jar
/cheerpj_dist/4.2/17/jre/lib/cheerpj-jsobject.jar
/files/starfarer_obf.jar
/files/fs.common_obf.jar
/files/fs.sound_obf.jar
/files/starfarer.api.jar
/files/json.jar
/files/xstream-1.4.10.jar
/files/log4j-1.2.9.jar
/files/commons-compiler.jar
/files/commons-compiler-jdk.jar
/files/janino.jar
/files/jinput.jar
/files/lwjgl.jar
/files/lwjgl_util.jar
/files/jorbis-0.0.15.jar
/files/jogg-0.0.7.jar
/files//config.jar
/cheerpj_dist/4.2/17/jre/lib/cheerpj-jsobject.jar
/cheerpj_dist/4.2/17/lib/modules
/cheerpj_dist/4.2/17/lib/modules
/cheerpj_dist/4.2/17/lib/modules
/cheerpj_dist/4.2/17/lib/modules
/cheerpj_dist/4.2/17/lib/modules
/cheerpj_dist/4.2/17/lib/modules
/cheerpj_dist/4.2/17/jre/lib/cheerpj-awt.jar
/cheerpj_dist/4.2/17/jre/lib/cheerpj-handlers.jar
/files//com/fs/starfarer/combat/CombatMain.class
/files/starfarer_obf.jar
/files/starfarer_obf.jar
/files/starfarer_obf.jar
/files/starfarer_obf.jar
/files/starfarer_obf.jar
/files/starfarer_obf.jar
/files/starfarer_obf.jar
/files/starfarer_obf.jar
/files//com/fs/util/DoNotObfuscate.class
/files/fs.common_obf.jar
/files/fs.common_obf.jar
/files/fs.common_obf.jar
/cheerpj_dist/4.2/17/lib/modules
/cheerpj_dist/4.2/17/lib/modules
/cheerpj_dist/4.2/17/lib/modules
/files//org/apache/log4j/Logger.class
/cheerpj_dist/4.2/17/lib/modules
/files/fs.sound_obf.jar
/files/starfarer.api.jar
/files/starfarer.api.jar
/files/starfarer.api.jar
/files/starfarer.api.jar
/files/starfarer.api.jar
/files/json.jar
/files/xstream-1.4.10.jar
/files/xstream-1.4.10.jar
/files/xstream-1.4.10.jar
/files/log4j-1.2.9.jar
/files/log4j-1.2.9.jar
/files/log4j-1.2.9.jar
/files//org/apache/log4j/Category.class
/files//org/apache/log4j/spi/AppenderAttachable.class
/files//org/apache/log4j/Level.class
/files//org/apache/log4j/Priority.class
/files//org/apache/log4j/LogManager.class
/files//org/apache/log4j/Hierarchy.class
/files//org/apache/log4j/spi/LoggerRepository.class
/files//org/apache/log4j/spi/RendererSupport.class
/files//org/apache/log4j/spi/RootLogger.class
/files//org/apache/log4j/or/RendererMap.class
/cheerpj_dist/4.2/17/lib/modules
/files//org/apache/log4j/or/DefaultRenderer.class
/files//org/apache/log4j/or/ObjectRenderer.class
/files//org/apache/log4j/DefaultCategoryFactory.class
/files//org/apache/log4j/spi/LoggerFactory.class
/files//org/apache/log4j/spi/DefaultRepositorySelector.class
/files//org/apache/log4j/spi/RepositorySelector.class
/files//org/apache/log4j/helpers/OptionConverter.class
/files//org/apache/log4j/helpers/Loader.class
/cheerpj_dist/4.2/17/lib/modules
/files//org/apache/log4j/helpers/LogLog.class
/files//log4j.xml
/files//org/apache/log4j/spi/Configurator.class
/files//org/apache/log4j/xml/DOMConfigurator.class
/cheerpj_dist/4.2/17/lib/modules
/cheerpj_dist/4.2/17/lib/modules
/cheerpj_dist/4.2/17/lib/modules
/cheerpj_dist/4.2/17/lib/modules
/cheerpj_dist/4.2/17/lib/modules
/cheerpj_dist/4.2/17/conf/jaxp.properties
/files//META-INF/services/javax.xml.parsers.DocumentBuilderFactory
/files/commons-compiler.jar
/files/commons-compiler-jdk.jar
/files/janino.jar
/files/janino.jar
/files/janino.jar
/files/jinput.jar
/files/jinput.jar
/files/lwjgl.jar
/files/lwjgl.jar
/files/lwjgl.jar
/files/lwjgl.jar
/files/lwjgl_util.jar
/files/lwjgl_util.jar
/files/jorbis-0.0.15.jar
/files/jogg-0.0.7.jar
/files//config.jar
/files//META-INF/services/javax.xml.parsers.DocumentBuilderFactory
/cheerpj_dist/4.2/17/lib/modules
/cheerpj_dist/4.2/17/lib/modules
/cheerpj_dist/4.2/17/conf/jaxp.properties
/cheerpj_dist/4.2/17/lib/modules
/cheerpj_dist/4.2/17/lib/modules
/cheerpj_dist/4.2/17/lib/modules
/cheerpj_dist/4.2/17/lib/modules
/cheerpj_dist/4.2/17/lib/modules
/cheerpj_dist/4.2/17/lib/modules
/cheerpj_dist/4.2/17/lib/modules
/cheerpj_dist/4.2/17/lib/modules
/cheerpj_dist/4.2/17/lib/modules
/files//org/apache/log4j/xml/SAXErrorHandler.class
/files//org/apache/log4j/xml/Log4jEntityResolver.class
/files//log4j.xml
/cheerpj_dist/4.2/17/lib/modules
/files//org/apache/log4j/xml/log4j.dtd
/files//org/apache/log4j/config/PropertySetter.class
/files//org/apache/log4j/Appender.class
/files//org/apache/log4j/ConsoleAppender.class
/files//org/apache/log4j/WriterAppender.class
/files//org/apache/log4j/AppenderSkeleton.class
/files//org/apache/log4j/spi/OptionHandler.class
/files//org/apache/log4j/Layout.class
/files//org/apache/log4j/helpers/OnlyOnceErrorHandler.class
/files//org/apache/log4j/spi/ErrorHandler.class
/files//org/apache/log4j/PatternLayout.class
/files//org/apache/log4j/helpers/PatternParser.class
/files//org/apache/log4j/helpers/FormattingInfo.class
/files//org/apache/log4j/helpers/PatternParser$BasicPatternConverter.class
/files//org/apache/log4j/helpers/PatternConverter.class
/files//org/apache/log4j/helpers/PatternParser$LiteralPatternConverter.class
/files//org/apache/log4j/config/PropertySetterException.class
/cheerpj_dist/4.2/17/lib/modules
/cheerpj_dist/4.2/17/lib/modules
/files//org/apache/log4j/PatternLayoutBeanInfo.class
/cheerpj_dist/4.2/17/lib/modules
/files//org/apache/log4j/PatternLayoutBeanInfo.class
/files//org/apache/log4j/LayoutBeanInfo.class
/files//org/apache/log4j/LayoutBeanInfo.class
/cheerpj_dist/4.2/17/lib/modules
/cheerpj_dist/4.2/17/lib/modules
/files//org/apache/log4j/LayoutCustomizer.class
/files//org/apache/log4j/LayoutCustomizer.class
/files//org/apache/log4j/spi/LoggingEvent.class
/files//org/apache/log4j/PatternLayoutCustomizer.class
/files//org/apache/log4j/PatternLayoutCustomizer.class
/files//org/apache/log4j/helpers/ISO8601DateFormat.class
/files//org/apache/log4j/helpers/AbsoluteTimeDateFormat.class
/cheerpj_dist/4.2/etc/timezone
/cheerpj_dist/4.2/17/lib/tzdb.dat
/files//org/apache/log4j/helpers/QuietWriter.class
/files//org/apache/log4j/helpers/AppenderAttachableImpl.class
/files//org/apache/log4j/CategoryKey.class
/files//org/apache/log4j/ProvisionNode.class
/files//com/fs/starfarer/settings/StarfarerSettings.class
/files/starfarer_obf.jar
/files/starfarer_obf.jar
/files//com/fs/graphics/A/ooOOOOOOOOOOOOOOOOOOOOOOOOOOOOOOOOOOOOOOOOOOOOOOOOOOOOOOOOOOOOOOOOOOOOOOOOOOOOOOOOOOOOOOOOOOOOOOOOOOOOOOOOOOOOOOOOOOOOOOOOOOOOOOOOOOOOOOOOOOOOOOOOOOOOOOOOOOOOOOOOOOOOOOOOOOOOOOOOOOOOOOOOOOOOOOOOOOOOOOOOOOOOOOOOOOOOOOOOOOOOOOOOOOOOOOOOOOOOOOOOOOOOOOOOOOOOOO.class
/files//com/fs/starfarer/settings/A.class
/files/starfarer_obf.jar
/files//org/json/JSONObject.class
/files//org/json/JSONObject$Null.class
/starsector_v44.html
/sw.js
/starsector_v44.html
/sw.js
/starsector_v44.html
/sw.js
/starsector_v44.html
/sw.js
/starsector_v44.html
/cheerpj_dist/4.2/cj3.wasm
/cheerpj_dist/4.2/c.html
/cheerpj_dist/4.2/cj3n17.wasm
/files/data/config/sounds.json
/files/data/config/battle_objectives.json
/cheerpj_dist/4.2/17/lib/modules
/cheerpj_dist/4.2/17/lib/modules
/cheerpj_dist/4.2/17/lib/modules
/cheerpj_dist/4.2/17/lib/modules
/cheerpj_dist/4.2/17/lib/modules
/cheerpj_dist/4.2/17/lib/modules
/cheerpj_dist/4.2/17/lib/modules
/cheerpj_dist/4.2/17/lib/modules
/cheerpj_dist/4.2/17/lib/modules
/sw.js
/cheerpj_dist/4.2/17/lib/modules
/cheerpj_dist/4.2/17/lib/modules
/cheerpj_dist/4.2/17/lib/modules
/cheerpj_dist/4.2/17/lib/modules
/cheerpj_dist/4.2/17/lib/modules
/cheerpj_dist/4.2/17/lib/modules
/cheerpj_dist/4.2/17/lib/modules
/cheerpj_dist/4.2/17/lib/modules
/cheerpj_dist/4.2/17/lib/modules
/cheerpj_dist/4.2/17/lib/modules
/cheerpj_dist/4.2/17/lib/modules
/cheerpj_dist/4.2/etc/users
/cheerpj_dist/4.2/etc/localtime
/cheerpj_dist/4.2/17/lib/modules
/cheerpj_dist/4.2/17/lib/modules
/cheerpj_dist/4.2/17/lib/modules
/cheerpj_dist/4.2/17/lib/modules
/cheerpj_dist/4.2/17/lib/modules
/cheerpj_dist/4.2/17/lib/modules
/cheerpj_dist/4.2/17/lib/modules
/cheerpj_dist/4.2/17/lib/modules
/cheerpj_dist/4.2/17/lib/modules
/cheerpj_dist/4.2/17/lib/modules
pj-handlers.jar
/cheerpj_dist/4.2/17/lib/modules
/cheerpj_dist/4.2/17/jre/lib/cheerpj-handlers.jar
/cheerpj_dist/4.2/17/jre/lib/cheerpj-awt.jar
/cheerpj_dist/4.2/17/jre/lib/cheerpj-awt.jar
/cheerpj_dist/4.2/17/jre/lib/cheerpj-jsobject.jar
/cheerpj_dist/4.2/17/jre/lib/cheerpj-jsobject.jar
/files/starfarer_obf.jar
/files/fs.common_obf.jar
/files/fs.sound_obf.jar
/files/starfarer.api.jar
/files/json.jar
/files/xstream-1.4.10.jar
/files/log4j-1.2.9.jar
/files/commons-compiler.jar
/files/commons-compiler-jdk.jar
/files/janino.jar
/files/jinput.jar
/files/lwjgl.jar
/files/lwjgl_util.jar
/files/jorbis-0.0.15.jar
/files/jogg-0.0.7.jar
/files//config.jar
/cheerpj_dist/4.2/17/lib/modules
/cheerpj_dist/4.2/17/lib/modules
/cheerpj_dist/4.2/17/lib/modules
/cheerpj_dist/4.2/17/lib/modules
/cheerpj_dist/4.2/17/lib/modules
/cheerpj_dist/4.2/17/lib/modules
/files//com/fs/starfarer/combat/CombatMain.class
/files/starfarer_obf.jar
/files/starfarer_obf.jar
/files/starfarer_obf.jar
/files/starfarer_obf.jar
/files/starfarer_obf.jar
/files/starfarer_obf.jar
/files/starfarer_obf.jar
/files//com/fs/util/DoNotObfuscate.class
/files/fs.common_obf.jar
/files/fs.common_obf.jar
/cheerpj_dist/4.2/17/lib/modules
/cheerpj_dist/4.2/17/lib/modules
/cheerpj_dist/4.2/17/lib/modules
/cheerpj_dist/4.2/17/lib/modules
/files//org/apache/log4j/Logger.class
/files/fs.sound_obf.jar
/files/starfarer.api.jar
/files/starfarer.api.jar
/files/starfarer.api.jar
/files/starfarer.api.jar
/files/starfarer.api.jar
/files/json.jar
/files/xstream-1.4.10.jar
/files/xstream-1.4.10.jar
/files/xstream-1.4.10.jar
/files/log4j-1.2.9.jar
/files/log4j-1.2.9.jar
/files/log4j-1.2.9.jar
/files//org/apache/log4j/Category.class
/files//org/apache/log4j/spi/AppenderAttachable.class
/files//org/apache/log4j/Level.class
/files//org/apache/log4j/Priority.class
/files//org/apache/log4j/LogManager.class
/files//org/apache/log4j/Hierarchy.class
/files//org/apache/log4j/spi/LoggerRepository.class
/files//org/apache/log4j/spi/RendererSupport.class
/files//org/apache/log4j/spi/RootLogger.class
/files//org/apache/log4j/or/RendererMap.class
/cheerpj_dist/4.2/17/lib/modules
/files//org/apache/log4j/or/DefaultRenderer.class
/files//org/apache/log4j/or/ObjectRenderer.class
/files//org/apache/log4j/DefaultCategoryFactory.class
/files//org/apache/log4j/spi/LoggerFactory.class
/files//org/apache/log4j/spi/DefaultRepositorySelector.class
/files//org/apache/log4j/spi/RepositorySelector.class
/files//org/apache/log4j/helpers/OptionConverter.class
/files//org/apache/log4j/helpers/Loader.class
/cheerpj_dist/4.2/17/lib/modules
/files//org/apache/log4j/helpers/LogLog.class
/files//log4j.xml
/files//org/apache/log4j/spi/Configurator.class
/files//org/apache/log4j/xml/DOMConfigurator.class
/cheerpj_dist/4.2/17/lib/modules
/cheerpj_dist/4.2/17/lib/modules
/cheerpj_dist/4.2/17/lib/modules
/cheerpj_dist/4.2/17/lib/modules
/cheerpj_dist/4.2/17/conf/jaxp.properties
/files//META-INF/services/javax.xml.parsers.DocumentBuilderFactory
/files/commons-compiler.jar
/files/commons-compiler-jdk.jar
/files/janino.jar
/files/janino.jar
/files/janino.jar
/files/jinput.jar
/files/jinput.jar
/files/lwjgl.jar
/files/lwjgl.jar
/files/lwjgl.jar
/files/lwjgl.jar
/files/lwjgl_util.jar
/files/lwjgl_util.jar
/files/jorbis-0.0.15.jar
/files/jogg-0.0.7.jar
/files//config.jar
/files//META-INF/services/javax.xml.parsers.DocumentBuilderFactory
/cheerpj_dist/4.2/17/lib/modules
/cheerpj_dist/4.2/17/lib/modules
/cheerpj_dist/4.2/17/conf/jaxp.properties
/cheerpj_dist/4.2/17/lib/modules
/cheerpj_dist/4.2/17/lib/modules
/cheerpj_dist/4.2/17/lib/modules
/cheerpj_dist/4.2/17/lib/modules
/cheerpj_dist/4.2/17/lib/modules
/cheerpj_dist/4.2/17/lib/modules
/cheerpj_dist/4.2/17/lib/modules
/cheerpj_dist/4.2/17/lib/modules
/cheerpj_dist/4.2/17/lib/modules
/files//org/apache/log4j/xml/SAXErrorHandler.class
/files//org/apache/log4j/xml/Log4jEntityResolver.class
/files//log4j.xml
/cheerpj_dist/4.2/17/lib/modules
/files//org/apache/log4j/xml/log4j.dtd
/files//org/apache/log4j/config/PropertySetter.class
/files//org/apache/log4j/Appender.class
/files//org/apache/log4j/ConsoleAppender.class
/files//org/apache/log4j/WriterAppender.class
/files//org/apache/log4j/AppenderSkeleton.class
/files//org/apache/log4j/spi/OptionHandler.class
/files//org/apache/log4j/Layout.class
/files//org/apache/log4j/helpers/OnlyOnceErrorHandler.class
/files//org/apache/log4j/spi/ErrorHandler.class
/files//org/apache/log4j/PatternLayout.class
/files//org/apache/log4j/helpers/PatternParser.class
/files//org/apache/log4j/helpers/FormattingInfo.class
/files//org/apache/log4j/helpers/PatternParser$BasicPatternConverter.class
/files//org/apache/log4j/helpers/PatternConverter.class
/files//org/apache/log4j/helpers/PatternParser$LiteralPatternConverter.class
/files//org/apache/log4j/config/PropertySetterException.class
/cheerpj_dist/4.2/17/lib/modules
/cheerpj_dist/4.2/17/lib/modules
/files//org/apache/log4j/PatternLayoutBeanInfo.class
/cheerpj_dist/4.2/17/lib/modules
/files//org/apache/log4j/PatternLayoutBeanInfo.class
/files//org/apache/log4j/LayoutBeanInfo.class
/files//org/apache/log4j/LayoutBeanInfo.class
/cheerpj_dist/4.2/17/lib/modules
/cheerpj_dist/4.2/17/lib/modules
/files//org/apache/log4j/LayoutCustomizer.class
/files//org/apache/log4j/LayoutCustomizer.class
/files//org/apache/log4j/spi/LoggingEvent.class
/files//org/apache/log4j/PatternLayoutCustomizer.class
/files//org/apache/log4j/PatternLayoutCustomizer.class
/files//org/apache/log4j/helpers/ISO8601DateFormat.class
/files//org/apache/log4j/helpers/AbsoluteTimeDateFormat.class
/cheerpj_dist/4.2/etc/timezone
/cheerpj_dist/4.2/17/lib/tzdb.dat
/files//org/apache/log4j/helpers/QuietWriter.class
/files//org/apache/log4j/helpers/AppenderAttachableImpl.class
/files//org/apache/log4j/CategoryKey.class
/files//org/apache/log4j/ProvisionNode.class
/files//com/fs/starfarer/settings/StarfarerSettings.class
/files/starfarer_obf.jar
/files/starfarer_obf.jar
/files//com/fs/graphics/A/ooOOOOOOOOOOOOOOOOOOOOOOOOOOOOOOOOOOOOOOOOOOOOOOOOOOOOOOOOOOOOOOOOOOOOOOOOOOOOOOOOOOOOOOOOOOOOOOOOOOOOOOOOOOOOOOOOOOOOOOOOOOOOOOOOOOOOOOOOOOOOOOOOOOOOOOOOOOOOOOOOOOOOOOOOOOOOOOOOOOOOOOOOOOOOOOOOOOOOOOOOOOOOOOOOOOOOOOOOOOOOOOOOOOOOOOOOOOOOOOOOOOOOOOOOOOOOOO.class
/files//com/fs/starfarer/settings/A.class
/files/starfarer_obf.jar
/files//org/json/JSONObject.class
/files//org/json/JSONObject$Null.class
/starsector_v44.html
/cheerpj_dist/4.2/cj3.wasm
/cheerpj_dist/4.2/c.html
/cheerpj_dist/4.2/cj3n17.wasm
/cheerpj_dist/4.2/17/lib/modules
/cheerpj_dist/4.2/17/lib/modules
/cheerpj_dist/4.2/17/lib/modules
/cheerpj_dist/4.2/17/lib/modules
/cheerpj_dist/4.2/17/lib/modules
/cheerpj_dist/4.2/17/lib/modules
/cheerpj_dist/4.2/17/lib/modules
/cheerpj_dist/4.2/17/lib/modules
/cheerpj_dist/4.2/17/lib/modules
/cheerpj_dist/4.2/17/lib/modules
/cheerpj_dist/4.2/17/lib/modules
/cheerpj_dist/4.2/17/lib/modules
/sw.js
/cheerpj_dist/4.2/17/lib/modules
/cheerpj_dist/4.2/17/lib/modules
/cheerpj_dist/4.2/17/lib/modules
/cheerpj_dist/4.2/17/lib/modules
/cheerpj_dist/4.2/17/lib/modules
/cheerpj_dist/4.2/17/lib/modules
/cheerpj_dist/4.2/17/lib/modules
/cheerpj_dist/4.2/17/lib/modules
/cheerpj_dist/4.2/etc/users
/cheerpj_dist/4.2/etc/localtime
/cheerpj_dist/4.2/17/lib/modules
/cheerpj_dist/4.2/17/lib/modules
/cheerpj_dist/4.2/17/lib/modules
/cheerpj_dist/4.2/17/lib/modules
/cheerpj_dist/4.2/17/lib/modules
/cheerpj_dist/4.2/17/lib/modules
/cheerpj_dist/4.2/17/lib/modules
/cheerpj_dist/4.2/17/lib/modules
/cheerpj_dist/4.2/17/lib/modules
/cheerpj_dist/4.2/17/lib/modules
/cheerpj_dist/4.2/17/jre/lib/cheerpj-handlers.jar
/cheerpj_dist/4.2/17/lib/modules
/cheerpj_dist/4.2/17/jre/lib/cheerpj-handlers.jar
/cheerpj_dist/4.2/17/jre/lib/cheerpj-awt.jar
/cheerpj_dist/4.2/17/jre/lib/cheerpj-awt.jar
/cheerpj_dist/4.2/17/jre/lib/cheerpj-jsobject.jar
/cheerpj_dist/4.2/17/jre/lib/cheerpj-jsobject.jar
/files/starfarer_obf.jar
/files/fs.common_obf.jar
/files/fs.sound_obf.jar
/files/starfarer.api.jar
/files/json.jar
/files/xstream-1.4.10.jar
/files/log4j-1.2.9.jar
/files/commons-compiler.jar
/files/commons-compiler-jdk.jar
/files/janino.jar
/files/jinput.jar
/files/lwjgl.jar
/files/lwjgl_util.jar
/files/jorbis-0.0.15.jar
/files/jogg-0.0.7.jar
/files//config.jar
/cheerpj_dist/4.2/17/lib/modules
/cheerpj_dist/4.2/17/lib/modules
/cheerpj_dist/4.2/17/lib/modules
/cheerpj_dist/4.2/17/lib/modules
/cheerpj_dist/4.2/17/lib/modules
/files//com/fs/starfarer/combat/CombatMain.class
/files/starfarer_obf.jar
/files/starfarer_obf.jar
/files/starfarer_obf.jar
/files/starfarer_obf.jar
/files/starfarer_obf.jar
/files/starfarer_obf.jar
/files/starfarer_obf.jar
/files/starfarer_obf.jar
/files//com/fs/util/DoNotObfuscate.class
/files/fs.common_obf.jar
/files/fs.common_obf.jar
/files/fs.common_obf.jar
/cheerpj_dist/4.2/17/lib/modules
/cheerpj_dist/4.2/17/lib/modules
/cheerpj_dist/4.2/17/lib/modules
/cheerpj_dist/4.2/17/lib/modules
/files//org/apache/log4j/Logger.class
/files/fs.sound_obf.jar
/files/starfarer.api.jar
/files/starfarer.api.jar
/files/starfarer.api.jar
/files/starfarer.api.jar
/files/starfarer.api.jar
/files/json.jar
/files/xstream-1.4.10.jar
/files/xstream-1.4.10.jar
/files/xstream-1.4.10.jar
/files/log4j-1.2.9.jar
/files/log4j-1.2.9.jar
/files/log4j-1.2.9.jar
/files//org/apache/log4j/Category.class
/files//org/apache/log4j/spi/AppenderAttachable.class
/files//org/apache/log4j/Level.class
/files//org/apache/log4j/Priority.class
/files//org/apache/log4j/LogManager.class
/files//org/apache/log4j/Hierarchy.class
/files//org/apache/log4j/spi/LoggerRepository.class
/files//org/apache/log4j/spi/RendererSupport.class
/files//org/apache/log4j/spi/RootLogger.class
/files//org/apache/log4j/or/RendererMap.class
/files//org/apache/log4j/or/DefaultRenderer.class
/cheerpj_dist/4.2/17/lib/modules
/files//org/apache/log4j/or/ObjectRenderer.class
/files//org/apache/log4j/DefaultCategoryFactory.class
/files//org/apache/log4j/spi/LoggerFactory.class
/files//org/apache/log4j/spi/DefaultRepositorySelector.class
/files//org/apache/log4j/spi/RepositorySelector.class
/files//org/apache/log4j/helpers/OptionConverter.class
/files//org/apache/log4j/helpers/Loader.class
/cheerpj_dist/4.2/17/lib/modules
/files//org/apache/log4j/helpers/LogLog.class
/files//log4j.xml
/files//org/apache/log4j/spi/Configurator.class
/files//org/apache/log4j/xml/DOMConfigurator.class
/cheerpj_dist/4.2/17/lib/modules
/cheerpj_dist/4.2/17/lib/modules
/cheerpj_dist/4.2/17/lib/modules
/cheerpj_dist/4.2/17/lib/modules
/cheerpj_dist/4.2/17/lib/modules
/cheerpj_dist/4.2/17/conf/jaxp.properties
/files//META-INF/services/javax.xml.parsers.DocumentBuilderFactory
/files/commons-compiler.jar
/files/commons-compiler-jdk.jar
/files/janino.jar
/files/janino.jar
/files/jinput.jar
/files/jinput.jar
/files/lwjgl.jar
/files/lwjgl.jar
/files/lwjgl.jar
/files/lwjgl.jar
/files/lwjgl_util.jar
/files/lwjgl_util.jar
/files/jorbis-0.0.15.jar
/files/jogg-0.0.7.jar
/files//config.jar
/files//META-INF/services/javax.xml.parsers.DocumentBuilderFactory
/cheerpj_dist/4.2/17/lib/modules
/cheerpj_dist/4.2/17/lib/modules
/cheerpj_dist/4.2/17/conf/jaxp.properties
/cheerpj_dist/4.2/17/lib/modules
/cheerpj_dist/4.2/17/lib/modules
/cheerpj_dist/4.2/17/lib/modules
/cheerpj_dist/4.2/17/lib/modules
/cheerpj_dist/4.2/17/lib/modules
/cheerpj_dist/4.2/17/lib/modules
/cheerpj_dist/4.2/17/lib/modules
/files//org/apache/log4j/xml/SAXErrorHandler.class
/files//org/apache/log4j/xml/Log4jEntityResolver.class
/files//log4j.xml
/cheerpj_dist/4.2/17/lib/modules
/files//org/apache/log4j/xml/log4j.dtd
/files//org/apache/log4j/config/PropertySetter.class
/files//org/apache/log4j/Appender.class
/files//org/apache/log4j/ConsoleAppender.class
/files//org/apache/log4j/WriterAppender.class
/files//org/apache/log4j/AppenderSkeleton.class
/files//org/apache/log4j/spi/OptionHandler.class
/files//org/apache/log4j/Layout.class
/files//org/apache/log4j/helpers/OnlyOnceErrorHandler.class
/files//org/apache/log4j/spi/ErrorHandler.class
/files//org/apache/log4j/PatternLayout.class
/files//org/apache/log4j/helpers/PatternParser.class
/files//org/apache/log4j/helpers/FormattingInfo.class
/files//org/apache/log4j/helpers/PatternParser$BasicPatternConverter.class
/files//org/apache/log4j/helpers/PatternConverter.class
/files//org/apache/log4j/helpers/PatternParser$LiteralPatternConverter.class
/files//org/apache/log4j/config/PropertySetterException.class
/cheerpj_dist/4.2/17/lib/modules
/cheerpj_dist/4.2/17/lib/modules
/files//org/apache/log4j/PatternLayoutBeanInfo.class
/cheerpj_dist/4.2/17/lib/modules
/files//org/apache/log4j/PatternLayoutBeanInfo.class
/files//org/apache/log4j/LayoutBeanInfo.class
/files//org/apache/log4j/LayoutBeanInfo.class
/cheerpj_dist/4.2/17/lib/modules
/cheerpj_dist/4.2/17/lib/modules
/files//org/apache/log4j/LayoutCustomizer.class
/files//org/apache/log4j/LayoutCustomizer.class
/files//org/apache/log4j/spi/LoggingEvent.class
/files//org/apache/log4j/PatternLayoutCustomizer.class
/files//org/apache/log4j/PatternLayoutCustomizer.class
/files//org/apache/log4j/helpers/ISO8601DateFormat.class
/files//org/apache/log4j/helpers/AbsoluteTimeDateFormat.class
/cheerpj_dist/4.2/etc/timezone
/cheerpj_dist/4.2/17/lib/tzdb.dat
/files//org/apache/log4j/helpers/QuietWriter.class
/files//org/apache/log4j/helpers/AppenderAttachableImpl.class
/files//org/apache/log4j/CategoryKey.class
/files//org/apache/log4j/ProvisionNode.class
/files//com/fs/starfarer/settings/StarfarerSettings.class
/files/starfarer_obf.jar
/files/starfarer_obf.jar
/files//com/fs/graphics/A/ooOOOOOOOOOOOOOOOOOOOOOOOOOOOOOOOOOOOOOOOOOOOOOOOOOOOOOOOOOOOOOOOOOOOOOOOOOOOOOOOOOOOOOOOOOOOOOOOOOOOOOOOOOOOOOOOOOOOOOOOOOOOOOOOOOOOOOOOOOOOOOOOOOOOOOOOOOOOOOOOOOOOOOOOOOOOOOOOOOOOOOOOOOOOOOOOOOOOOOOOOOOOOOOOOOOOOOOOOOOOOOOOOOOOOOOOOOOOOOOOOOOOOOOOOOOOOOO.class
/files//com/fs/starfarer/settings/A.class
/files/starfarer_obf.jar
/files//org/json/JSONObject.class
/files//org/json/JSONObject$Null.class
/starsector_v44.html
/cheerpj_dist/4.2/cj3.wasm
/cheerpj_dist/4.2/c.html
/cheerpj_dist/4.2/cj3n17.wasm
/cheerpj_dist/4.2/17/lib/modules
/cheerpj_dist/4.2/17/lib/modules
/cheerpj_dist/4.2/17/lib/modules
/cheerpj_dist/4.2/17/lib/modules
/cheerpj_dist/4.2/17/lib/modules
/cheerpj_dist/4.2/17/lib/modules
/cheerpj_dist/4.2/17/lib/modules
/cheerpj_dist/4.2/17/lib/modules
/cheerpj_dist/4.2/17/lib/modules
/cheerpj_dist/4.2/17/lib/modules
/cheerpj_dist/4.2/17/lib/modules
/cheerpj_dist/4.2/17/lib/modules
/cheerpj_dist/4.2/17/lib/modules
/sw.js
/cheerpj_dist/4.2/17/lib/modules
/cheerpj_dist/4.2/17/lib/modules
/cheerpj_dist/4.2/17/lib/modules
/cheerpj_dist/4.2/17/lib/modules
/cheerpj_dist/4.2/17/lib/modules
/cheerpj_dist/4.2/17/lib/modules
/cheerpj_dist/4.2/etc/users
/cheerpj_dist/4.2/etc/localtime
/cheerpj_dist/4.2/17/lib/modules
/cheerpj_dist/4.2/17/lib/modules
/cheerpj_dist/4.2/17/lib/modules
/cheerpj_dist/4.2/17/lib/modules
/cheerpj_dist/4.2/17/lib/modules
/cheerpj_dist/4.2/17/lib/modules
/cheerpj_dist/4.2/17/lib/modules
/cheerpj_dist/4.2/17/lib/modules
/cheerpj_dist/4.2/17/lib/modules
/cheerpj_dist/4.2/17/lib/modules
/cheerpj_dist/4.2/17/jre/lib/cheerpj-handlers.jar
/cheerpj_dist/4.2/17/lib/modules
/cheerpj_dist/4.2/17/jre/lib/cheerpj-handlers.jar
/cheerpj_dist/4.2/17/jre/lib/cheerpj-awt.jar
/cheerpj_dist/4.2/17/jre/lib/cheerpj-awt.jar
/cheerpj_dist/4.2/17/jre/lib/cheerpj-jsobject.jar
/cheerpj_dist/4.2/17/jre/lib/cheerpj-jsobject.jar
/files/starfarer_obf.jar
/files/fs.common_obf.jar
/files/fs.sound_obf.jar
/files/starfarer.api.jar
/files/json.jar
/files/xstream-1.4.10.jar
/files/log4j-1.2.9.jar
/files/commons-compiler.jar
/files/commons-compiler-jdk.jar
/files/janino.jar
/files/jinput.jar
/files/lwjgl.jar
/files/lwjgl_util.jar
/files/jorbis-0.0.15.jar
/files/jogg-0.0.7.jar
/files//config.jar
/cheerpj_dist/4.2/17/lib/modules
/cheerpj_dist/4.2/17/lib/modules
/cheerpj_dist/4.2/17/lib/modules
/cheerpj_dist/4.2/17/lib/modules
/cheerpj_dist/4.2/17/lib/modules
/cheerpj_dist/4.2/17/lib/modules
/files//com/fs/starfarer/combat/CombatMain.class
/files/starfarer_obf.jar
/files/starfarer_obf.jar
/files/starfarer_obf.jar
/files/starfarer_obf.jar
/files/starfarer_obf.jar
/files/starfarer_obf.jar
/files/starfarer_obf.jar
/files/starfarer_obf.jar
/files//com/fs/util/DoNotObfuscate.class
/files/fs.common_obf.jar
/files/fs.common_obf.jar
/files/fs.common_obf.jar
/cheerpj_dist/4.2/17/lib/modules
/cheerpj_dist/4.2/17/lib/modules
/cheerpj_dist/4.2/17/lib/modules
/files//org/apache/log4j/Logger.class
/cheerpj_dist/4.2/17/lib/modules
/files/fs.sound_obf.jar
/files/starfarer.api.jar
/files/starfarer.api.jar
/files/starfarer.api.jar
/files/starfarer.api.jar
/files/starfarer.api.jar
/files/json.jar
/files/xstream-1.4.10.jar
/files/xstream-1.4.10.jar
/files/xstream-1.4.10.jar
/files/log4j-1.2.9.jar
/files/log4j-1.2.9.jar
/files/log4j-1.2.9.jar
/files//org/apache/log4j/Category.class
/files//org/apache/log4j/spi/AppenderAttachable.class
/files//org/apache/log4j/Level.class
/files//org/apache/log4j/Priority.class
/files//org/apache/log4j/LogManager.class
/files//org/apache/log4j/Hierarchy.class
/files//org/apache/log4j/spi/LoggerRepository.class
/files//org/apache/log4j/spi/RendererSupport.class
/files//org/apache/log4j/spi/RootLogger.class
/files//org/apache/log4j/or/RendererMap.class
/files//org/apache/log4j/or/DefaultRenderer.class
/files//org/apache/log4j/or/ObjectRenderer.class
/files//org/apache/log4j/DefaultCategoryFactory.class
/files//org/apache/log4j/spi/LoggerFactory.class
/files//org/apache/log4j/spi/DefaultRepositorySelector.class
/files//org/apache/log4j/spi/RepositorySelector.class
/files//org/apache/log4j/helpers/OptionConverter.class
/files//org/apache/log4j/helpers/Loader.class
/cheerpj_dist/4.2/17/lib/modules
/files//org/apache/log4j/helpers/LogLog.class
/files//log4j.xml
/files//org/apache/log4j/spi/Configurator.class
/files//org/apache/log4j/xml/DOMConfigurator.class
/cheerpj_dist/4.2/17/lib/modules
/cheerpj_dist/4.2/17/lib/modules
/cheerpj_dist/4.2/17/lib/modules
/cheerpj_dist/4.2/17/lib/modules
/cheerpj_dist/4.2/17/lib/modules
/cheerpj_dist/4.2/17/conf/jaxp.properties
/files//META-INF/services/javax.xml.parsers.DocumentBuilderFactory
/files/commons-compiler.jar
/files/commons-compiler-jdk.jar
/files/janino.jar
/files/janino.jar
/files/janino.jar
/files/jinput.jar
/files/jinput.jar
/files/lwjgl.jar
/files/lwjgl.jar
/files/lwjgl.jar
/files/lwjgl.jar
/files/lwjgl_util.jar
/files/lwjgl_util.jar
/files/jorbis-0.0.15.jar
/files/jogg-0.0.7.jar
/files//config.jar
/files//META-INF/services/javax.xml.parsers.DocumentBuilderFactory
/cheerpj_dist/4.2/17/lib/modules
/cheerpj_dist/4.2/17/lib/modules
/cheerpj_dist/4.2/17/conf/jaxp.properties
/cheerpj_dist/4.2/17/lib/modules
/cheerpj_dist/4.2/17/lib/modules
/cheerpj_dist/4.2/17/lib/modules
/cheerpj_dist/4.2/17/lib/modules
/cheerpj_dist/4.2/17/lib/modules
/cheerpj_dist/4.2/17/lib/modules
/cheerpj_dist/4.2/17/lib/modules
/cheerpj_dist/4.2/17/lib/modules
/cheerpj_dist/4.2/17/lib/modules
/files//org/apache/log4j/xml/SAXErrorHandler.class
/files//org/apache/log4j/xml/Log4jEntityResolver.class
/files//log4j.xml
/cheerpj_dist/4.2/17/lib/modules
/files//org/apache/log4j/xml/log4j.dtd
/files//org/apache/log4j/config/PropertySetter.class
/files//org/apache/log4j/Appender.class
/files//org/apache/log4j/ConsoleAppender.class
/files//org/apache/log4j/WriterAppender.class
/files//org/apache/log4j/AppenderSkeleton.class
/files//org/apache/log4j/spi/OptionHandler.class
/files//org/apache/log4j/Layout.class
/files//org/apache/log4j/helpers/OnlyOnceErrorHandler.class
/files//org/apache/log4j/spi/ErrorHandler.class
/files//org/apache/log4j/PatternLayout.class
/files//org/apache/log4j/helpers/PatternParser.class
/files//org/apache/log4j/helpers/FormattingInfo.class
/files//org/apache/log4j/helpers/PatternParser$BasicPatternConverter.class
/files//org/apache/log4j/helpers/PatternConverter.class
/files//org/apache/log4j/helpers/PatternParser$LiteralPatternConverter.class
/files//org/apache/log4j/config/PropertySetterException.class
/cheerpj_dist/4.2/17/lib/modules
/cheerpj_dist/4.2/17/lib/modules
/files//org/apache/log4j/PatternLayoutBeanInfo.class
/cheerpj_dist/4.2/17/lib/modules
/files//org/apache/log4j/PatternLayoutBeanInfo.class
/files//org/apache/log4j/LayoutBeanInfo.class
/files//org/apache/log4j/LayoutBeanInfo.class
/cheerpj_dist/4.2/17/lib/modules
/cheerpj_dist/4.2/17/lib/modules
/cheerpj_dist/4.2/17/lib/modules
/files//org/apache/log4j/LayoutCustomizer.class
/files//org/apache/log4j/LayoutCustomizer.class
/files//org/apache/log4j/spi/LoggingEvent.class
/files//org/apache/log4j/PatternLayoutCustomizer.class
/files//org/apache/log4j/PatternLayoutCustomizer.class
/files//org/apache/log4j/helpers/ISO8601DateFormat.class
/files//org/apache/log4j/helpers/AbsoluteTimeDateFormat.class
/cheerpj_dist/4.2/etc/timezone
/cheerpj_dist/4.2/17/lib/tzdb.dat
/files//org/apache/log4j/helpers/QuietWriter.class
/files//org/apache/log4j/helpers/AppenderAttachableImpl.class
/files//org/apache/log4j/CategoryKey.class
/files//org/apache/log4j/ProvisionNode.class
/files//com/fs/starfarer/settings/StarfarerSettings.class
/files/starfarer_obf.jar
/files/starfarer_obf.jar
/files//com/fs/graphics/A/ooOOOOOOOOOOOOOOOOOOOOOOOOOOOOOOOOOOOOOOOOOOOOOOOOOOOOOOOOOOOOOOOOOOOOOOOOOOOOOOOOOOOOOOOOOOOOOOOOOOOOOOOOOOOOOOOOOOOOOOOOOOOOOOOOOOOOOOOOOOOOOOOOOOOOOOOOOOOOOOOOOOOOOOOOOOOOOOOOOOOOOOOOOOOOOOOOOOOOOOOOOOOOOOOOOOOOOOOOOOOOOOOOOOOOOOOOOOOOOOOOOOOOOOOOOOOOOO.class
/files//com/fs/starfarer/settings/A.class
/files//org/json/JSONObject.class
/files//org/json/JSONObject$Null.class
/starsector_v44.html
/cheerpj_dist/4.2/cj3.wasm
/cheerpj_dist/4.2/c.html
asm
/cheerpj_dist/4.2/17/lib/modules
/cheerpj_dist/4.2/17/lib/modules
/cheerpj_dist/4.2/17/lib/modules
/cheerpj_dist/4.2/17/lib/modules
/cheerpj_dist/4.2/17/lib/modules
/cheerpj_dist/4.2/17/lib/modules
/cheerpj_dist/4.2/17/lib/modules
/cheerpj_dist/4.2/17/lib/modules
/cheerpj_dist/4.2/17/lib/modules
/cheerpj_dist/4.2/17/lib/modules
/cheerpj_dist/4.2/17/lib/modules
/cheerpj_dist/4.2/17/lib/modules
/cheerpj_dist/4.2/17/lib/modules
/cheerpj_dist/4.2/17/lib/modules
/cheerpj_dist/4.2/17/lib/modules
/cheerpj_dist/4.2/17/lib/modules
/cheerpj_dist/4.2/17/lib/modules
/cheerpj_dist/4.2/17/lib/modules
/cheerpj_dist/4.2/17/lib/modules
/sw.js
_dist/4.2/17/lib/modules
/cheerpj_dist/4.2/etc/users
/cheerpj_dist/4.2/etc/localtime
/cheerpj_dist/4.2/17/lib/modules
/cheerpj_dist/4.2/17/lib/modules
/cheerpj_dist/4.2/17/lib/modules
/cheerpj_dist/4.2/17/lib/modules
/cheerpj_dist/4.2/17/lib/modules
/cheerpj_dist/4.2/17/lib/modules
/cheerpj_dist/4.2/17/lib/modules
/cheerpj_dist/4.2/17/lib/modules
/cheerpj_dist/4.2/17/lib/modules
/cheerpj_dist/4.2/17/lib/modules
/cheerpj_dist/4.2/17/jre/lib/cheerpj-handlers.jar
/cheerpj_dist/4.2/17/lib/modules
/cheerpj_dist/4.2/17/lib/modules
/cheerpj_dist/4.2/17/jre/lib/cheerpj-handlers.jar
/cheerpj_dist/4.2/17/jre/lib/cheerpj-awt.jar
/cheerpj_dist/4.2/17/jre/lib/cheerpj-awt.jar
/cheerpj_dist/4.2/17/jre/lib/cheerpj-jsobject.jar
/cheerpj_dist/4.2/17/jre/lib/cheerpj-jsobject.jar
/files/starfarer_obf.jar
/files/fs.common_obf.jar
/files/fs.sound_obf.jar
/files/starfarer.api.jar
/files/json.jar
/files/xstream-1.4.10.jar
/files/log4j-1.2.9.jar
/files/commons-compiler.jar
/files/commons-compiler-jdk.jar
/files/janino.jar
/files/jinput.jar
/files/lwjgl.jar
/files/lwjgl_util.jar
/files/jorbis-0.0.15.jar
/files/jogg-0.0.7.jar
/files//config.jar
/cheerpj_dist/4.2/17/lib/modules
/cheerpj_dist/4.2/17/lib/modules
/cheerpj_dist/4.2/17/lib/modules
/cheerpj_dist/4.2/17/lib/modules
/cheerpj_dist/4.2/17/lib/modules
/cheerpj_dist/4.2/17/lib/modules
/files//com/fs/starfarer/combat/CombatMain.class
/files/starfarer_obf.jar
/files/starfarer_obf.jar
/files/starfarer_obf.jar
/files/starfarer_obf.jar
/files/starfarer_obf.jar
/files/starfarer_obf.jar
/files/starfarer_obf.jar
/files/starfarer_obf.jar
/files//com/fs/util/DoNotObfuscate.class
/files/fs.common_obf.jar
/files/fs.common_obf.jar
/files/fs.common_obf.jar
/cheerpj_dist/4.2/17/lib/modules
/cheerpj_dist/4.2/17/lib/modules
/cheerpj_dist/4.2/17/lib/modules
/cheerpj_dist/4.2/17/lib/modules
/files//org/apache/log4j/Logger.class
/files/fs.sound_obf.jar
/files/starfarer.api.jar
/files/starfarer.api.jar
/files/starfarer.api.jar
/files/starfarer.api.jar
/files/json.jar
/files/xstream-1.4.10.jar
/files/xstream-1.4.10.jar
/files/log4j-1.2.9.jar
/files/log4j-1.2.9.jar
/files/log4j-1.2.9.jar
/files//org/apache/log4j/Category.class
/files//org/apache/log4j/spi/AppenderAttachable.class
/files//org/apache/log4j/Level.class
/files//org/apache/log4j/Priority.class
/files//org/apache/log4j/LogManager.class
/files//org/apache/log4j/Hierarchy.class
/files//org/apache/log4j/spi/LoggerRepository.class
/files//org/apache/log4j/spi/RendererSupport.class
/files//org/apache/log4j/spi/RootLogger.class
/files//org/apache/log4j/or/RendererMap.class
/cheerpj_dist/4.2/17/lib/modules
/files//org/apache/log4j/or/DefaultRenderer.class
/files//org/apache/log4j/or/ObjectRenderer.class
/files//org/apache/log4j/DefaultCategoryFactory.class
/files//org/apache/log4j/spi/LoggerFactory.class
/files//org/apache/log4j/spi/DefaultRepositorySelector.class
/files//org/apache/log4j/spi/RepositorySelector.class
/files//org/apache/log4j/helpers/OptionConverter.class
/files//org/apache/log4j/helpers/Loader.class
/cheerpj_dist/4.2/17/lib/modules
/files//org/apache/log4j/helpers/LogLog.class
/files//log4j.xml
/files//org/apache/log4j/spi/Configurator.class
/files//org/apache/log4j/xml/DOMConfigurator.class
/cheerpj_dist/4.2/17/lib/modules
/cheerpj_dist/4.2/17/lib/modules
/cheerpj_dist/4.2/17/lib/modules
/cheerpj_dist/4.2/17/lib/modules
/cheerpj_dist/4.2/17/lib/modules
/cheerpj_dist/4.2/17/conf/jaxp.properties
/files//META-INF/services/javax.xml.parsers.DocumentBuilderFactory
/files/commons-compiler.jar
/files/commons-compiler-jdk.jar
/files/janino.jar
/files/janino.jar
/files/janino.jar
/files/jinput.jar
/files/jinput.jar
/files/lwjgl.jar
/files/lwjgl.jar
/files/lwjgl.jar
/files/lwjgl.jar
/files/lwjgl_util.jar
/files/lwjgl_util.jar
/files/jorbis-0.0.15.jar
/files/jogg-0.0.7.jar
/files//config.jar
/files//META-INF/services/javax.xml.parsers.DocumentBuilderFactory
/cheerpj_dist/4.2/17/lib/modules
/cheerpj_dist/4.2/17/lib/modules
/cheerpj_dist/4.2/17/conf/jaxp.properties
/cheerpj_dist/4.2/17/lib/modules
/cheerpj_dist/4.2/17/lib/modules
/cheerpj_dist/4.2/17/lib/modules
/cheerpj_dist/4.2/17/lib/modules
/cheerpj_dist/4.2/17/lib/modules
/cheerpj_dist/4.2/17/lib/modules
/cheerpj_dist/4.2/17/lib/modules
/cheerpj_dist/4.2/17/lib/modules
/cheerpj_dist/4.2/17/lib/modules
/files//org/apache/log4j/xml/SAXErrorHandler.class
/files//org/apache/log4j/xml/Log4jEntityResolver.class
/files//log4j.xml
/cheerpj_dist/4.2/17/lib/modules
/files//org/apache/log4j/xml/log4j.dtd
/files//org/apache/log4j/config/PropertySetter.class
/files//org/apache/log4j/Appender.class
/files//org/apache/log4j/ConsoleAppender.class
/files//org/apache/log4j/WriterAppender.class
/files//org/apache/log4j/AppenderSkeleton.class
/files//org/apache/log4j/spi/OptionHandler.class
/files//org/apache/log4j/Layout.class
/files//org/apache/log4j/helpers/OnlyOnceErrorHandler.class
/files//org/apache/log4j/spi/ErrorHandler.class
/files//org/apache/log4j/PatternLayout.class
/files//org/apache/log4j/helpers/PatternParser.class
/files//org/apache/log4j/helpers/FormattingInfo.class
/files//org/apache/log4j/helpers/PatternParser$BasicPatternConverter.class
/files//org/apache/log4j/helpers/PatternConverter.class
/files//org/apache/log4j/helpers/PatternParser$LiteralPatternConverter.class
/files//org/apache/log4j/config/PropertySetterException.class
/cheerpj_dist/4.2/17/lib/modules
/cheerpj_dist/4.2/17/lib/modules
/files//org/apache/log4j/PatternLayoutBeanInfo.class
/cheerpj_dist/4.2/17/lib/modules
/files//org/apache/log4j/PatternLayoutBeanInfo.class
/files//org/apache/log4j/LayoutBeanInfo.class
/files//org/apache/log4j/LayoutBeanInfo.class
/cheerpj_dist/4.2/17/lib/modules
/cheerpj_dist/4.2/17/lib/modules
/files//org/apache/log4j/LayoutCustomizer.class
/files//org/apache/log4j/LayoutCustomizer.class
/files//org/apache/log4j/spi/LoggingEvent.class
/files//org/apache/log4j/PatternLayoutCustomizer.class
/files//org/apache/log4j/PatternLayoutCustomizer.class
/files//org/apache/log4j/helpers/ISO8601DateFormat.class
/files//org/apache/log4j/helpers/AbsoluteTimeDateFormat.class
/cheerpj_dist/4.2/etc/timezone
/cheerpj_dist/4.2/17/lib/tzdb.dat
/files//org/apache/log4j/helpers/QuietWriter.class
/files//org/apache/log4j/helpers/AppenderAttachableImpl.class
/files//org/apache/log4j/CategoryKey.class
/files//org/apache/log4j/ProvisionNode.class
/files//com/fs/starfarer/settings/StarfarerSettings.class
/files/starfarer_obf.jar
/files/starfarer_obf.jar
/files//com/fs/graphics/A/ooOOOOOOOOOOOOOOOOOOOOOOOOOOOOOOOOOOOOOOOOOOOOOOOOOOOOOOOOOOOOOOOOOOOOOOOOOOOOOOOOOOOOOOOOOOOOOOOOOOOOOOOOOOOOOOOOOOOOOOOOOOOOOOOOOOOOOOOOOOOOOOOOOOOOOOOOOOOOOOOOOOOOOOOOOOOOOOOOOOOOOOOOOOOOOOOOOOOOOOOOOOOOOOOOOOOOOOOOOOOOOOOOOOOOOOOOOOOOOOOOOOOOOOOOOOOOOO.class
/files//com/fs/starfarer/settings/A.class
/files/starfarer_obf.jar
t.class
/files//org/json/JSONObject$Null.class
/starsector_v44.html
/cheerpj_dist/4.2/cj3.wasm
/cheerpj_dist/4.2/c.html
/cheerpj_dist/4.2/cj3n17.wasm
/cheerpj_dist/4.2/17/lib/modules
/cheerpj_dist/4.2/17/lib/modules
/cheerpj_dist/4.2/17/lib/modules
/cheerpj_dist/4.2/17/lib/modules
/cheerpj_dist/4.2/17/lib/modules
/cheerpj_dist/4.2/17/lib/modules
/cheerpj_dist/4.2/17/lib/modules
/cheerpj_dist/4.2/17/lib/modules
/cheerpj_dist/4.2/17/lib/modules
/cheerpj_dist/4.2/17/lib/modules
/cheerpj_dist/4.2/17/lib/modules
/cheerpj_dist/4.2/17/lib/modules
/sw.js
/cheerpj_dist/4.2/17/lib/modules
/cheerpj_dist/4.2/17/lib/modules
/cheerpj_dist/4.2/17/lib/modules
/cheerpj_dist/4.2/17/lib/modules
/cheerpj_dist/4.2/17/lib/modules
/cheerpj_dist/4.2/17/lib/modules
/cheerpj_dist/4.2/17/lib/modules
/cheerpj_dist/4.2/etc/users
/cheerpj_dist/4.2/etc/localtime
/cheerpj_dist/4.2/17/lib/modules
/cheerpj_dist/4.2/17/lib/modules
/cheerpj_dist/4.2/17/lib/modules
/cheerpj_dist/4.2/17/lib/modules
/cheerpj_dist/4.2/17/lib/modules
/cheerpj_dist/4.2/17/lib/modules
/cheerpj_dist/4.2/17/lib/modules
/cheerpj_dist/4.2/17/lib/modules
/cheerpj_dist/4.2/17/lib/modules
/cheerpj_dist/4.2/17/lib/modules
/cheerpj_dist/4.2/17/jre/lib/cheerpj-handlers.jar
/cheerpj_dist/4.2/17/lib/modules
/cheerpj_dist/4.2/17/jre/lib/cheerpj-handlers.jar
/cheerpj_dist/4.2/17/jre/lib/cheerpj-awt.jar
/cheerpj_dist/4.2/17/jre/lib/cheerpj-awt.jar
/cheerpj_dist/4.2/17/jre/lib/cheerpj-jsobject.jar
/cheerpj_dist/4.2/17/jre/lib/cheerpj-jsobject.jar
/files/starfarer_obf.jar
/files/fs.common_obf.jar
/files/fs.sound_obf.jar
/files/starfarer.api.jar
/files/json.jar
/files/xstream-1.4.10.jar
/files/log4j-1.2.9.jar
/files/commons-compiler.jar
/files/commons-compiler-jdk.jar
/files/janino.jar
/files/jinput.jar
/files/lwjgl.jar
/files/lwjgl_util.jar
/files/jorbis-0.0.15.jar
/files/jogg-0.0.7.jar
/files//config.jar
/cheerpj_dist/4.2/17/lib/modules
/cheerpj_dist/4.2/17/lib/modules
/cheerpj_dist/4.2/17/lib/modules
/cheerpj_dist/4.2/17/lib/modules
/cheerpj_dist/4.2/17/lib/modules
/cheerpj_dist/4.2/17/lib/modules
/files//com/fs/starfarer/combat/CombatMain.class
/files/starfarer_obf.jar
/files/starfarer_obf.jar
/files/starfarer_obf.jar
/files/starfarer_obf.jar
/files/starfarer_obf.jar
/files/starfarer_obf.jar
/files/starfarer_obf.jar
/files/starfarer_obf.jar
/files//com/fs/util/DoNotObfuscate.class
/files/fs.common_obf.jar
/files/fs.common_obf.jar
/files/fs.common_obf.jar
/cheerpj_dist/4.2/17/lib/modules
/cheerpj_dist/4.2/17/lib/modules
/cheerpj_dist/4.2/17/lib/modules
/files//org/apache/log4j/Logger.class
/cheerpj_dist/4.2/17/lib/modules
/files/fs.sound_obf.jar
/files/starfarer.api.jar
/files/starfarer.api.jar
/files/starfarer.api.jar
/files/starfarer.api.jar
/files/starfarer.api.jar
/files/json.jar
/files/xstream-1.4.10.jar
/files/xstream-1.4.10.jar
/files/xstream-1.4.10.jar
/files/log4j-1.2.9.jar
/files/log4j-1.2.9.jar
/files/log4j-1.2.9.jar
/files//org/apache/log4j/Category.class
/files//org/apache/log4j/spi/AppenderAttachable.class
/files//org/apache/log4j/Level.class
/files//org/apache/log4j/Priority.class
/files//org/apache/log4j/LogManager.class
/files//org/apache/log4j/Hierarchy.class
/files//org/apache/log4j/spi/LoggerRepository.class
/files//org/apache/log4j/spi/RendererSupport.class
/files//org/apache/log4j/spi/RootLogger.class
/files//org/apache/log4j/or/RendererMap.class
/files//org/apache/log4j/or/DefaultRenderer.class
/cheerpj_dist/4.2/17/lib/modules
/files//org/apache/log4j/or/ObjectRenderer.class
/files//org/apache/log4j/DefaultCategoryFactory.class
/files//org/apache/log4j/spi/LoggerFactory.class
/files//org/apache/log4j/spi/DefaultRepositorySelector.class
/files//org/apache/log4j/spi/RepositorySelector.class
/files//org/apache/log4j/helpers/OptionConverter.class
/files//org/apache/log4j/helpers/Loader.class
/cheerpj_dist/4.2/17/lib/modules
/files//org/apache/log4j/helpers/LogLog.class
/files//log4j.xml
/files//org/apache/log4j/spi/Configurator.class
/files//org/apache/log4j/xml/DOMConfigurator.class
/cheerpj_dist/4.2/17/lib/modules
/cheerpj_dist/4.2/17/lib/modules
/cheerpj_dist/4.2/17/lib/modules
/cheerpj_dist/4.2/17/lib/modules
/cheerpj_dist/4.2/17/lib/modules
/cheerpj_dist/4.2/17/conf/jaxp.properties
/files//META-INF/services/javax.xml.parsers.DocumentBuilderFactory
/files/commons-compiler.jar
/files/commons-compiler-jdk.jar
/files/janino.jar
/files/janino.jar
/files/janino.jar
/files/jinput.jar
/files/jinput.jar
/files/lwjgl.jar
/files/lwjgl.jar
/files/lwjgl.jar
/files/lwjgl.jar
/files/lwjgl_util.jar
/files/lwjgl_util.jar
/files/jorbis-0.0.15.jar
/files/jogg-0.0.7.jar
/files//config.jar
/files//META-INF/services/javax.xml.parsers.DocumentBuilderFactory
/cheerpj_dist/4.2/17/lib/modules
/cheerpj_dist/4.2/17/lib/modules
/cheerpj_dist/4.2/17/conf/jaxp.properties
/cheerpj_dist/4.2/17/lib/modules
/cheerpj_dist/4.2/17/lib/modules
/cheerpj_dist/4.2/17/lib/modules
/cheerpj_dist/4.2/17/lib/modules
/cheerpj_dist/4.2/17/lib/modules
/cheerpj_dist/4.2/17/lib/modules
/cheerpj_dist/4.2/17/lib/modules
/cheerpj_dist/4.2/17/lib/modules
/files//org/apache/log4j/xml/SAXErrorHandler.class
/files//org/apache/log4j/xml/Log4jEntityResolver.class
/files//log4j.xml
/cheerpj_dist/4.2/17/lib/modules
/files//org/apache/log4j/xml/log4j.dtd
/files//org/apache/log4j/config/PropertySetter.class
/files//org/apache/log4j/Appender.class
/files//org/apache/log4j/ConsoleAppender.class
/files//org/apache/log4j/WriterAppender.class
/files//org/apache/log4j/AppenderSkeleton.class
/files//org/apache/log4j/spi/OptionHandler.class
/files//org/apache/log4j/Layout.class
/files//org/apache/log4j/helpers/OnlyOnceErrorHandler.class
/files//org/apache/log4j/spi/ErrorHandler.class
/files//org/apache/log4j/PatternLayout.class
/files//org/apache/log4j/helpers/PatternParser.class
/files//org/apache/log4j/helpers/FormattingInfo.class
/files//org/apache/log4j/helpers/PatternParser$BasicPatternConverter.class
/files//org/apache/log4j/helpers/PatternConverter.class
/files//org/apache/log4j/helpers/PatternParser$LiteralPatternConverter.class
/files//org/apache/log4j/config/PropertySetterException.class
/cheerpj_dist/4.2/17/lib/modules
/cheerpj_dist/4.2/17/lib/modules
/files//org/apache/log4j/PatternLayoutBeanInfo.class
/cheerpj_dist/4.2/17/lib/modules
/files//org/apache/log4j/PatternLayoutBeanInfo.class
/files//org/apache/log4j/LayoutBeanInfo.class
/files//org/apache/log4j/LayoutBeanInfo.class
/cheerpj_dist/4.2/17/lib/modules
/cheerpj_dist/4.2/17/lib/modules
/files//org/apache/log4j/LayoutCustomizer.class
/files//org/apache/log4j/LayoutCustomizer.class
/files//org/apache/log4j/spi/LoggingEvent.class
/files//org/apache/log4j/PatternLayoutCustomizer.class
/files//org/apache/log4j/PatternLayoutCustomizer.class
/files//org/apache/log4j/helpers/ISO8601DateFormat.class
/files//org/apache/log4j/helpers/AbsoluteTimeDateFormat.class
/cheerpj_dist/4.2/etc/timezone
/cheerpj_dist/4.2/17/lib/tzdb.dat
/files//org/apache/log4j/helpers/QuietWriter.class
/files//org/apache/log4j/helpers/AppenderAttachableImpl.class
/files//org/apache/log4j/CategoryKey.class
/files//org/apache/log4j/ProvisionNode.class
/files//com/fs/starfarer/settings/StarfarerSettings.class
/files/starfarer_obf.jar
/files/starfarer_obf.jar
/files//com/fs/graphics/A/ooOOOOOOOOOOOOOOOOOOOOOOOOOOOOOOOOOOOOOOOOOOOOOOOOOOOOOOOOOOOOOOOOOOOOOOOOOOOOOOOOOOOOOOOOOOOOOOOOOOOOOOOOOOOOOOOOOOOOOOOOOOOOOOOOOOOOOOOOOOOOOOOOOOOOOOOOOOOOOOOOOOOOOOOOOOOOOOOOOOOOOOOOOOOOOOOOOOOOOOOOOOOOOOOOOOOOOOOOOOOOOOOOOOOOOOOOOOOOOOOOOOOOOOOOOOOOOO.class
/files//com/fs/starfarer/settings/A.class
/files/starfarer_obf.jar
/files//org/json/JSONObject.class
/files//org/json/JSONObject$Null.class
/starsector_v44.html
/cheerpj_dist/4.2/cj3.wasm
/cheerpj_dist/4.2/cj3n17.wasm
/cheerpj_dist/4.2/17/lib/modules
/cheerpj_dist/4.2/17/lib/modules
/cheerpj_dist/4.2/17/lib/modules
/cheerpj_dist/4.2/17/lib/modules
/cheerpj_dist/4.2/17/lib/modules
/cheerpj_dist/4.2/17/lib/modules
/cheerpj_dist/4.2/17/lib/modules
/cheerpj_dist/4.2/17/lib/modules
/cheerpj_dist/4.2/17/lib/modules
/cheerpj_dist/4.2/17/lib/modules
/cheerpj_dist/4.2/17/lib/modules
/cheerpj_dist/4.2/17/lib/modules
/cheerpj_dist/4.2/17/lib/modules
/cheerpj_dist/4.2/17/lib/modules
/cheerpj_dist/4.2/17/lib/modules
/cheerpj_dist/4.2/17/lib/modules
/cheerpj_dist/4.2/17/lib/modules
/cheerpj_dist/4.2/17/lib/modules
/cheerpj_dist/4.2/17/lib/modules
/cheerpj_dist/4.2/17/lib/modules
/sw.js
/cheerpj_dist/4.2/etc/users
/cheerpj_dist/4.2/etc/localtime
/cheerpj_dist/4.2/17/lib/modules
/cheerpj_dist/4.2/17/lib/modules
/cheerpj_dist/4.2/17/lib/modules
/cheerpj_dist/4.2/17/lib/modules
/cheerpj_dist/4.2/17/lib/modules
/cheerpj_dist/4.2/17/lib/modules
/cheerpj_dist/4.2/17/lib/modules
/cheerpj_dist/4.2/17/lib/modules
/cheerpj_dist/4.2/17/lib/modules
/cheerpj_dist/4.2/17/lib/modules
/cheerpj_dist/4.2/17/lib/modules
/cheerpj_dist/4.2/17/jre/lib/cheerpj-handlers.jar
/cheerpj_dist/4.2/17/lib/modules
/cheerpj_dist/4.2/17/jre/lib/cheerpj-handlers.jar
/cheerpj_dist/4.2/17/jre/lib/cheerpj-awt.jar
/cheerpj_dist/4.2/17/jre/lib/cheerpj-awt.jar
/cheerpj_dist/4.2/17/jre/lib/cheerpj-jsobject.jar
/cheerpj_dist/4.2/17/jre/lib/cheerpj-jsobject.jar
/files/starfarer_obf.jar
/files/fs.common_obf.jar
/files/fs.sound_obf.jar
/files/starfarer.api.jar
/files/json.jar
/files/xstream-1.4.10.jar
/files/log4j-1.2.9.jar
/files/commons-compiler.jar
/files/commons-compiler-jdk.jar
/files/janino.jar
/files/jinput.jar
/files/lwjgl.jar
/files/lwjgl_util.jar
/files/jorbis-0.0.15.jar
/files/jogg-0.0.7.jar
/files//config.jar
/cheerpj_dist/4.2/17/lib/modules
/cheerpj_dist/4.2/17/lib/modules
/cheerpj_dist/4.2/17/lib/modules
/cheerpj_dist/4.2/17/lib/modules
/cheerpj_dist/4.2/17/lib/modules
/cheerpj_dist/4.2/17/lib/modules
/files//com/fs/starfarer/combat/CombatMain.class
/files/starfarer_obf.jar
/files/starfarer_obf.jar
/files/starfarer_obf.jar
/files/starfarer_obf.jar
/files/starfarer_obf.jar
/files/starfarer_obf.jar
/files/starfarer_obf.jar
/files//com/fs/util/DoNotObfuscate.class
/files/fs.common_obf.jar
/files/fs.common_obf.jar
/files/fs.common_obf.jar
/cheerpj_dist/4.2/17/lib/modules
/cheerpj_dist/4.2/17/lib/modules
/cheerpj_dist/4.2/17/lib/modules
/files//org/apache/log4j/Logger.class
/cheerpj_dist/4.2/17/lib/modules
/files/fs.sound_obf.jar
/files/starfarer.api.jar
/files/starfarer.api.jar
/files/starfarer.api.jar
/files/starfarer.api.jar
/files/starfarer.api.jar
/files/json.jar
/files/xstream-1.4.10.jar
/files/xstream-1.4.10.jar
/files/log4j-1.2.9.jar
/files/log4j-1.2.9.jar
/files//org/apache/log4j/Category.class
/files//org/apache/log4j/spi/AppenderAttachable.class
/files//org/apache/log4j/Level.class
/files//org/apache/log4j/Priority.class
/files//org/apache/log4j/LogManager.class
/files//org/apache/log4j/Hierarchy.class
/files//org/apache/log4j/spi/LoggerRepository.class
/files//org/apache/log4j/spi/RendererSupport.class
/files//org/apache/log4j/spi/RootLogger.class
/files//org/apache/log4j/or/RendererMap.class
/cheerpj_dist/4.2/17/lib/modules
/files//org/apache/log4j/or/DefaultRenderer.class
/files//org/apache/log4j/or/ObjectRenderer.class
/files//org/apache/log4j/DefaultCategoryFactory.class
/files//org/apache/log4j/spi/LoggerFactory.class
/files//org/apache/log4j/spi/DefaultRepositorySelector.class
/files//org/apache/log4j/spi/RepositorySelector.class
/files//org/apache/log4j/helpers/OptionConverter.class
/files//org/apache/log4j/helpers/Loader.class
/cheerpj_dist/4.2/17/lib/modules
/files//org/apache/log4j/helpers/LogLog.class
/files//log4j.xml
/files//org/apache/log4j/spi/Configurator.class
/files//org/apache/log4j/xml/DOMConfigurator.class
/cheerpj_dist/4.2/17/lib/modules
/cheerpj_dist/4.2/17/lib/modules
/cheerpj_dist/4.2/17/lib/modules
/cheerpj_dist/4.2/17/lib/modules
/cheerpj_dist/4.2/17/conf/jaxp.properties
/files//META-INF/services/javax.xml.parsers.DocumentBuilderFactory
/files/commons-compiler.jar
/files/commons-compiler-jdk.jar
/files/janino.jar
/files/janino.jar
/files/janino.jar
/files/jinput.jar
/files/jinput.jar
/files/lwjgl.jar
/files/lwjgl.jar
/files/lwjgl.jar
/files/lwjgl.jar
/files/lwjgl_util.jar
/files/lwjgl_util.jar
/files/jorbis-0.0.15.jar
/files/jogg-0.0.7.jar
/files//config.jar
/files//META-INF/services/javax.xml.parsers.DocumentBuilderFactory
/cheerpj_dist/4.2/17/lib/modules
/cheerpj_dist/4.2/17/lib/modules
/cheerpj_dist/4.2/17/conf/jaxp.properties
/cheerpj_dist/4.2/17/lib/modules
/cheerpj_dist/4.2/17/lib/modules
/cheerpj_dist/4.2/17/lib/modules
/cheerpj_dist/4.2/17/lib/modules
/cheerpj_dist/4.2/17/lib/modules
/cheerpj_dist/4.2/17/lib/modules
/cheerpj_dist/4.2/17/lib/modules
/cheerpj_dist/4.2/17/lib/modules
/files//org/apache/log4j/xml/SAXErrorHandler.class
/files//org/apache/log4j/xml/Log4jEntityResolver.class
/files//log4j.xml
/cheerpj_dist/4.2/17/lib/modules
/files//org/apache/log4j/xml/log4j.dtd
/files//org/apache/log4j/config/PropertySetter.class
/files//org/apache/log4j/Appender.class
/files//org/apache/log4j/ConsoleAppender.class
/files//org/apache/log4j/WriterAppender.class
/files//org/apache/log4j/AppenderSkeleton.class
/files//org/apache/log4j/spi/OptionHandler.class
/files//org/apache/log4j/Layout.class
/files//org/apache/log4j/helpers/OnlyOnceErrorHandler.class
/files//org/apache/log4j/spi/ErrorHandler.class
/files//org/apache/log4j/PatternLayout.class
/files//org/apache/log4j/helpers/PatternParser.class
/files//org/apache/log4j/helpers/FormattingInfo.class
/files//org/apache/log4j/helpers/PatternParser$BasicPatternConverter.class
/files//org/apache/log4j/helpers/PatternConverter.class
/files//org/apache/log4j/helpers/PatternParser$LiteralPatternConverter.class
/files//org/apache/log4j/config/PropertySetterException.class
/cheerpj_dist/4.2/17/lib/modules
/cheerpj_dist/4.2/17/lib/modules
/files//org/apache/log4j/PatternLayoutBeanInfo.class
/cheerpj_dist/4.2/17/lib/modules
/files//org/apache/log4j/PatternLayoutBeanInfo.class
/files//org/apache/log4j/LayoutBeanInfo.class
/files//org/apache/log4j/LayoutBeanInfo.class
/cheerpj_dist/4.2/17/lib/modules
/cheerpj_dist/4.2/17/lib/modules
/files//org/apache/log4j/LayoutCustomizer.class
/files//org/apache/log4j/LayoutCustomizer.class
/files//org/apache/log4j/spi/LoggingEvent.class
/files//org/apache/log4j/PatternLayoutCustomizer.class
/files//org/apache/log4j/PatternLayoutCustomizer.class
/files//org/apache/log4j/helpers/ISO8601DateFormat.class
/files//org/apache/log4j/helpers/AbsoluteTimeDateFormat.class
/cheerpj_dist/4.2/etc/timezone
/cheerpj_dist/4.2/17/lib/tzdb.dat
/files//org/apache/log4j/helpers/QuietWriter.class
/files//org/apache/log4j/helpers/AppenderAttachableImpl.class
/files//org/apache/log4j/CategoryKey.class
/files//org/apache/log4j/ProvisionNode.class
/files//com/fs/starfarer/settings/StarfarerSettings.class
/files/starfarer_obf.jar
/files/starfarer_obf.jar
/files//com/fs/graphics/A/ooOOOOOOOOOOOOOOOOOOOOOOOOOOOOOOOOOOOOOOOOOOOOOOOOOOOOOOOOOOOOOOOOOOOOOOOOOOOOOOOOOOOOOOOOOOOOOOOOOOOOOOOOOOOOOOOOOOOOOOOOOOOOOOOOOOOOOOOOOOOOOOOOOOOOOOOOOOOOOOOOOOOOOOOOOOOOOOOOOOOOOOOOOOOOOOOOOOOOOOOOOOOOOOOOOOOOOOOOOOOOOOOOOOOOOOOOOOOOOOOOOOOOOOOOOOOOOO.class
/files//com/fs/starfarer/settings/A.class
/files/starfarer_obf.jar
/files//org/json/JSONObject.class
/files//org/json/JSONObject$Null.class
/starsector_v44.html
/sw.js
/starsector_v44.html
/cheerpj_dist/4.2/cj3.wasm
/cheerpj_dist/4.2/c.html
/cheerpj_dist/4.2/cj3n17.wasm
/sw.js
/cheerpj_dist/4.2/17/lib/modules
/cheerpj_dist/4.2/17/lib/modules
/cheerpj_dist/4.2/17/lib/modules
/cheerpj_dist/4.2/17/lib/modules
/cheerpj_dist/4.2/17/lib/modules
/cheerpj_dist/4.2/17/lib/modules
/cheerpj_dist/4.2/17/lib/modules
/cheerpj_dist/4.2/17/lib/modules
/cheerpj_dist/4.2/17/lib/modules
/cheerpj_dist/4.2/17/lib/modules
/cheerpj_dist/4.2/17/lib/modules
/cheerpj_dist/4.2/17/lib/modules
/cheerpj_dist/4.2/17/lib/modules
/cheerpj_dist/4.2/17/lib/modules
/cheerpj_dist/4.2/17/lib/modules
/cheerpj_dist/4.2/17/lib/modules
/cheerpj_dist/4.2/17/lib/modules
/cheerpj_dist/4.2/17/lib/modules
/cheerpj_dist/4.2/17/lib/modules
/cheerpj_dist/4.2/17/lib/modules
/cheerpj_dist/4.2/etc/users
/cheerpj_dist/4.2/etc/localtime
/cheerpj_dist/4.2/17/lib/modules
/cheerpj_dist/4.2/17/lib/modules
/cheerpj_dist/4.2/17/lib/modules
/cheerpj_dist/4.2/17/lib/modules
/cheerpj_dist/4.2/17/lib/modules
/cheerpj_dist/4.2/17/lib/modules
/cheerpj_dist/4.2/17/lib/modules
/cheerpj_dist/4.2/17/lib/modules
/cheerpj_dist/4.2/17/lib/modules
/cheerpj_dist/4.2/17/lib/modules
/cheerpj_dist/4.2/17/jre/lib/cheerpj-handlers.jar
/cheerpj_dist/4.2/17/lib/modules
/cheerpj_dist/4.2/17/jre/lib/cheerpj-handlers.jar
/cheerpj_dist/4.2/17/jre/lib/cheerpj-awt.jar
/cheerpj_dist/4.2/17/jre/lib/cheerpj-awt.jar
/cheerpj_dist/4.2/17/jre/lib/cheerpj-jsobject.jar
/cheerpj_dist/4.2/17/jre/lib/cheerpj-jsobject.jar
/files/starfarer_obf.jar
/files/fs.common_obf.jar
/files/fs.sound_obf.jar
/files/starfarer.api.jar
/files/json.jar
/files/xstream-1.4.10.jar
/files/log4j-1.2.9.jar
/files/commons-compiler.jar
/files/commons-compiler-jdk.jar
/files/janino.jar
/files/jinput.jar
/files/lwjgl.jar
/files/lwjgl_util.jar
/files/jorbis-0.0.15.jar
/files/jogg-0.0.7.jar
/files//config.jar
/cheerpj_dist/4.2/17/lib/modules
/cheerpj_dist/4.2/17/lib/modules
/cheerpj_dist/4.2/17/lib/modules
/cheerpj_dist/4.2/17/lib/modules
/cheerpj_dist/4.2/17/lib/modules
/files//com/fs/starfarer/combat/CombatMain.class
/files/starfarer_obf.jar
/files/starfarer_obf.jar
/files/starfarer_obf.jar
/files/starfarer_obf.jar
/files/starfarer_obf.jar
/files/starfarer_obf.jar
/files/starfarer_obf.jar
/files/starfarer_obf.jar
/files//com/fs/util/DoNotObfuscate.class
/files/fs.common_obf.jar
/files/fs.common_obf.jar
/files/fs.common_obf.jar
/cheerpj_dist/4.2/17/lib/modules
/cheerpj_dist/4.2/17/lib/modules
/cheerpj_dist/4.2/17/lib/modules
/cheerpj_dist/4.2/17/lib/modules
/files//org/apache/log4j/Logger.class
/files/fs.sound_obf.jar
/files/starfarer.api.jar
/files/starfarer.api.jar
/files/starfarer.api.jar
/files/starfarer.api.jar
/files/starfarer.api.jar
/files/json.jar
/files/xstream-1.4.10.jar
/files/xstream-1.4.10.jar
/files/xstream-1.4.10.jar
/files/log4j-1.2.9.jar
/files/log4j-1.2.9.jar
/files/log4j-1.2.9.jar
/files//org/apache/log4j/Category.class
/files//org/apache/log4j/spi/AppenderAttachable.class
/files//org/apache/log4j/Level.class
/files//org/apache/log4j/Priority.class
/files//org/apache/log4j/LogManager.class
/files//org/apache/log4j/Hierarchy.class
/files//org/apache/log4j/spi/LoggerRepository.class
/files//org/apache/log4j/spi/RendererSupport.class
/files//org/apache/log4j/spi/RootLogger.class
/files//org/apache/log4j/or/RendererMap.class
/files//org/apache/log4j/or/DefaultRenderer.class
/cheerpj_dist/4.2/17/lib/modules
/files//org/apache/log4j/or/ObjectRenderer.class
/files//org/apache/log4j/DefaultCategoryFactory.class
/files//org/apache/log4j/spi/LoggerFactory.class
/files//org/apache/log4j/spi/DefaultRepositorySelector.class
/files//org/apache/log4j/spi/RepositorySelector.class
/files//org/apache/log4j/helpers/OptionConverter.class
/files//org/apache/log4j/helpers/Loader.class
/cheerpj_dist/4.2/17/lib/modules
/files//org/apache/log4j/helpers/LogLog.class
/files//log4j.xml
/files//org/apache/log4j/spi/Configurator.class
/files//org/apache/log4j/xml/DOMConfigurator.class
/cheerpj_dist/4.2/17/lib/modules
/cheerpj_dist/4.2/17/lib/modules
/cheerpj_dist/4.2/17/lib/modules
/cheerpj_dist/4.2/17/lib/modules
/cheerpj_dist/4.2/17/lib/modules
/cheerpj_dist/4.2/17/conf/jaxp.properties
/files//META-INF/services/javax.xml.parsers.DocumentBuilderFactory
/files/commons-compiler.jar
/files/commons-compiler-jdk.jar
/files/janino.jar
/files/janino.jar
/files/janino.jar
/files/jinput.jar
/files/jinput.jar
/files/lwjgl.jar
/files/lwjgl.jar
/files/lwjgl.jar
/files/lwjgl.jar
/files/lwjgl_util.jar
/files/lwjgl_util.jar
/files/jorbis-0.0.15.jar
/files/jogg-0.0.7.jar
/files//config.jar
/files//META-INF/services/javax.xml.parsers.DocumentBuilderFactory
/cheerpj_dist/4.2/17/lib/modules
/cheerpj_dist/4.2/17/lib/modules
/cheerpj_dist/4.2/17/conf/jaxp.properties
/cheerpj_dist/4.2/17/lib/modules
/cheerpj_dist/4.2/17/lib/modules
/cheerpj_dist/4.2/17/lib/modules
/cheerpj_dist/4.2/17/lib/modules
/cheerpj_dist/4.2/17/lib/modules
/cheerpj_dist/4.2/17/lib/modules
/cheerpj_dist/4.2/17/lib/modules
/cheerpj_dist/4.2/17/lib/modules
/files//org/apache/log4j/xml/SAXErrorHandler.class
/files//org/apache/log4j/xml/Log4jEntityResolver.class
/files//log4j.xml
/cheerpj_dist/4.2/17/lib/modules
/files//org/apache/log4j/xml/log4j.dtd
/files//org/apache/log4j/config/PropertySetter.class
/files//org/apache/log4j/Appender.class
/files//org/apache/log4j/ConsoleAppender.class
/files//org/apache/log4j/WriterAppender.class
/files//org/apache/log4j/AppenderSkeleton.class
/files//org/apache/log4j/spi/OptionHandler.class
/files//org/apache/log4j/Layout.class
/files//org/apache/log4j/helpers/OnlyOnceErrorHandler.class
/files//org/apache/log4j/spi/ErrorHandler.class
/files//org/apache/log4j/PatternLayout.class
/files//org/apache/log4j/helpers/PatternParser.class
/files//org/apache/log4j/helpers/FormattingInfo.class
/files//org/apache/log4j/helpers/PatternParser$BasicPatternConverter.class
/files//org/apache/log4j/helpers/PatternConverter.class
/files//org/apache/log4j/helpers/PatternParser$LiteralPatternConverter.class
/files//org/apache/log4j/config/PropertySetterException.class
/cheerpj_dist/4.2/17/lib/modules
/cheerpj_dist/4.2/17/lib/modules
/files//org/apache/log4j/PatternLayoutBeanInfo.class
/cheerpj_dist/4.2/17/lib/modules
youtBeanInfo.class
/files//org/apache/log4j/LayoutBeanInfo.class
/files//org/apache/log4j/LayoutBeanInfo.class
/cheerpj_dist/4.2/17/lib/modules
/cheerpj_dist/4.2/17/lib/modules
/files//org/apache/log4j/LayoutCustomizer.class
/files//org/apache/log4j/LayoutCustomizer.class
/files//org/apache/log4j/spi/LoggingEvent.class
/files//org/apache/log4j/PatternLayoutCustomizer.class
/files//org/apache/log4j/PatternLayoutCustomizer.class
/files//org/apache/log4j/helpers/ISO8601DateFormat.class
/files//org/apache/log4j/helpers/AbsoluteTimeDateFormat.class
/cheerpj_dist/4.2/etc/timezone
/cheerpj_dist/4.2/17/lib/tzdb.dat
/files//org/apache/log4j/helpers/QuietWriter.class
/files//org/apache/log4j/helpers/AppenderAttachableImpl.class
/files//org/apache/log4j/CategoryKey.class
/files//org/apache/log4j/ProvisionNode.class
/files//com/fs/starfarer/settings/StarfarerSettings.class
/files/starfarer_obf.jar
/files/starfarer_obf.jar
/files//com/fs/graphics/A/ooOOOOOOOOOOOOOOOOOOOOOOOOOOOOOOOOOOOOOOOOOOOOOOOOOOOOOOOOOOOOOOOOOOOOOOOOOOOOOOOOOOOOOOOOOOOOOOOOOOOOOOOOOOOOOOOOOOOOOOOOOOOOOOOOOOOOOOOOOOOOOOOOOOOOOOOOOOOOOOOOOOOOOOOOOOOOOOOOOOOOOOOOOOOOOOOOOOOOOOOOOOOOOOOOOOOOOOOOOOOOOOOOOOOOOOOOOOOOOOOOOOOOOOOOOOOOOO.class
/files//com/fs/starfarer/settings/A.class
/files/starfarer_obf.jar
/files//org/json/JSONObject.class
/files//org/json/JSONObject$Null.class
/starsector_v44.html
/cheerpj_dist/4.2/cj3.wasm
/cheerpj_dist/4.2/c.html
/cheerpj_dist/4.2/cj3n17.wasm
/sw.js
/cheerpj_dist/4.2/17/lib/modules
/cheerpj_dist/4.2/17/lib/modules
/cheerpj_dist/4.2/17/lib/modules
/cheerpj_dist/4.2/17/lib/modules
/cheerpj_dist/4.2/17/lib/modules
/cheerpj_dist/4.2/17/lib/modules
/cheerpj_dist/4.2/17/lib/modules
/cheerpj_dist/4.2/17/lib/modules
/cheerpj_dist/4.2/17/lib/modules
/cheerpj_dist/4.2/17/lib/modules
/cheerpj_dist/4.2/17/lib/modules
/cheerpj_dist/4.2/17/lib/modules
/cheerpj_dist/4.2/17/lib/modules
/cheerpj_dist/4.2/17/lib/modules
/cheerpj_dist/4.2/17/lib/modules
/cheerpj_dist/4.2/17/lib/modules
/cheerpj_dist/4.2/17/lib/modules
/cheerpj_dist/4.2/17/lib/modules
/cheerpj_dist/4.2/17/lib/modules
/cheerpj_dist/4.2/etc/users
/cheerpj_dist/4.2/etc/localtime
/cheerpj_dist/4.2/17/lib/modules
/cheerpj_dist/4.2/17/lib/modules
/cheerpj_dist/4.2/17/lib/modules
/cheerpj_dist/4.2/17/lib/modules
/cheerpj_dist/4.2/17/lib/modules
/cheerpj_dist/4.2/17/lib/modules
/cheerpj_dist/4.2/17/lib/modules
/cheerpj_dist/4.2/17/lib/modules
/cheerpj_dist/4.2/17/lib/modules
/cheerpj_dist/4.2/17/lib/modules
pj-handlers.jar
/cheerpj_dist/4.2/17/lib/modules
/cheerpj_dist/4.2/17/jre/lib/cheerpj-handlers.jar
/cheerpj_dist/4.2/17/jre/lib/cheerpj-awt.jar
/cheerpj_dist/4.2/17/jre/lib/cheerpj-awt.jar
/cheerpj_dist/4.2/17/jre/lib/cheerpj-jsobject.jar
/cheerpj_dist/4.2/17/jre/lib/cheerpj-jsobject.jar
/files/starfarer_obf.jar
/files/fs.common_obf.jar
/files/fs.sound_obf.jar
/files/starfarer.api.jar
/files/json.jar
/files/xstream-1.4.10.jar
/files/log4j-1.2.9.jar
/files/commons-compiler.jar
/files/commons-compiler-jdk.jar
/files/janino.jar
/files/jinput.jar
/files/lwjgl.jar
/files/lwjgl_util.jar
/files/jorbis-0.0.15.jar
/files/jogg-0.0.7.jar
/files//config.jar
/cheerpj_dist/4.2/17/lib/modules
/cheerpj_dist/4.2/17/lib/modules
/cheerpj_dist/4.2/17/lib/modules
/cheerpj_dist/4.2/17/lib/modules
/cheerpj_dist/4.2/17/lib/modules
/cheerpj_dist/4.2/17/lib/modules
/files//com/fs/starfarer/combat/CombatMain.class
/files/starfarer_obf.jar
/files/starfarer_obf.jar
/files/starfarer_obf.jar
/files/starfarer_obf.jar
/files/starfarer_obf.jar
/files/starfarer_obf.jar
/files/starfarer_obf.jar
/files/starfarer_obf.jar
/files//com/fs/util/DoNotObfuscate.class
/files/fs.common_obf.jar
/files/fs.common_obf.jar
/files/fs.common_obf.jar
/cheerpj_dist/4.2/17/lib/modules
/cheerpj_dist/4.2/17/lib/modules
/cheerpj_dist/4.2/17/lib/modules
/cheerpj_dist/4.2/17/lib/modules
/files//org/apache/log4j/Logger.class
/files/fs.sound_obf.jar
/files/starfarer.api.jar
/files/starfarer.api.jar
/files/starfarer.api.jar
/files/starfarer.api.jar
/files/starfarer.api.jar
/files/json.jar
/files/xstream-1.4.10.jar
/files/xstream-1.4.10.jar
/files/xstream-1.4.10.jar
/files/log4j-1.2.9.jar
/files/log4j-1.2.9.jar
/files/log4j-1.2.9.jar
/files//org/apache/log4j/Category.class
/files//org/apache/log4j/spi/AppenderAttachable.class
/files//org/apache/log4j/Level.class
/files//org/apache/log4j/Priority.class
/files//org/apache/log4j/LogManager.class
/files//org/apache/log4j/Hierarchy.class
/files//org/apache/log4j/spi/LoggerRepository.class
/files//org/apache/log4j/spi/RendererSupport.class
/files//org/apache/log4j/spi/RootLogger.class
/files//org/apache/log4j/or/RendererMap.class
/cheerpj_dist/4.2/17/lib/modules
/files//org/apache/log4j/or/DefaultRenderer.class
/files//org/apache/log4j/or/ObjectRenderer.class
/files//org/apache/log4j/DefaultCategoryFactory.class
/files//org/apache/log4j/spi/LoggerFactory.class
/files//org/apache/log4j/spi/DefaultRepositorySelector.class
/files//org/apache/log4j/spi/RepositorySelector.class
/files//org/apache/log4j/helpers/OptionConverter.class
/files//org/apache/log4j/helpers/Loader.class
/cheerpj_dist/4.2/17/lib/modules
/files//org/apache/log4j/helpers/LogLog.class
/files//log4j.xml
/files//org/apache/log4j/spi/Configurator.class
/files//org/apache/log4j/xml/DOMConfigurator.class
/cheerpj_dist/4.2/17/lib/modules
/cheerpj_dist/4.2/17/lib/modules
/cheerpj_dist/4.2/17/lib/modules
/cheerpj_dist/4.2/17/lib/modules
/cheerpj_dist/4.2/17/lib/modules
/cheerpj_dist/4.2/17/conf/jaxp.properties
/files//META-INF/services/javax.xml.parsers.DocumentBuilderFactory
/files/commons-compiler.jar
/files/commons-compiler-jdk.jar
/files/janino.jar
/files/janino.jar
/files/janino.jar
/files/jinput.jar
/files/jinput.jar
/files/lwjgl.jar
/files/lwjgl.jar
/files/lwjgl.jar
/files/lwjgl_util.jar
/files/lwjgl_util.jar
/files/jorbis-0.0.15.jar
/files/jogg-0.0.7.jar
/files//config.jar
/files//META-INF/services/javax.xml.parsers.DocumentBuilderFactory
/cheerpj_dist/4.2/17/lib/modules
/cheerpj_dist/4.2/17/lib/modules
/cheerpj_dist/4.2/17/conf/jaxp.properties
/cheerpj_dist/4.2/17/lib/modules
/cheerpj_dist/4.2/17/lib/modules
/cheerpj_dist/4.2/17/lib/modules
/cheerpj_dist/4.2/17/lib/modules
/cheerpj_dist/4.2/17/lib/modules
/cheerpj_dist/4.2/17/lib/modules
/cheerpj_dist/4.2/17/lib/modules
/cheerpj_dist/4.2/17/lib/modules
/cheerpj_dist/4.2/17/lib/modules
/files//org/apache/log4j/xml/SAXErrorHandler.class
/files//org/apache/log4j/xml/Log4jEntityResolver.class
/files//log4j.xml
/cheerpj_dist/4.2/17/lib/modules
/files//org/apache/log4j/xml/log4j.dtd
/files//org/apache/log4j/config/PropertySetter.class
/files//org/apache/log4j/Appender.class
/files//org/apache/log4j/ConsoleAppender.class
/files//org/apache/log4j/WriterAppender.class
/files//org/apache/log4j/AppenderSkeleton.class
/files//org/apache/log4j/spi/OptionHandler.class
/files//org/apache/log4j/Layout.class
/files//org/apache/log4j/helpers/OnlyOnceErrorHandler.class
/files//org/apache/log4j/spi/ErrorHandler.class
/files//org/apache/log4j/PatternLayout.class
/files//org/apache/log4j/helpers/PatternParser.class
/files//org/apache/log4j/helpers/FormattingInfo.class
/files//org/apache/log4j/helpers/PatternParser$BasicPatternConverter.class
/files//org/apache/log4j/helpers/PatternConverter.class
/files//org/apache/log4j/helpers/PatternParser$LiteralPatternConverter.class
/files//org/apache/log4j/config/PropertySetterException.class
/cheerpj_dist/4.2/17/lib/modules
/cheerpj_dist/4.2/17/lib/modules
/files//org/apache/log4j/PatternLayoutBeanInfo.class
/cheerpj_dist/4.2/17/lib/modules
/files//org/apache/log4j/PatternLayoutBeanInfo.class
/files//org/apache/log4j/LayoutBeanInfo.class
/files//org/apache/log4j/LayoutBeanInfo.class
/cheerpj_dist/4.2/17/lib/modules
/cheerpj_dist/4.2/17/lib/modules
/files//org/apache/log4j/LayoutCustomizer.class
/files//org/apache/log4j/LayoutCustomizer.class
/files//org/apache/log4j/spi/LoggingEvent.class
/files//org/apache/log4j/PatternLayoutCustomizer.class
/files//org/apache/log4j/PatternLayoutCustomizer.class
/files//org/apache/log4j/helpers/ISO8601DateFormat.class
/files//org/apache/log4j/helpers/AbsoluteTimeDateFormat.class
/cheerpj_dist/4.2/etc/timezone
/cheerpj_dist/4.2/17/lib/tzdb.dat
/files//org/apache/log4j/helpers/QuietWriter.class
/files//org/apache/log4j/helpers/AppenderAttachableImpl.class
/files//org/apache/log4j/CategoryKey.class
/files//org/apache/log4j/ProvisionNode.class
/files//com/fs/starfarer/settings/StarfarerSettings.class
/files/starfarer_obf.jar
/files/starfarer_obf.jar
/files//com/fs/graphics/A/ooOOOOOOOOOOOOOOOOOOOOOOOOOOOOOOOOOOOOOOOOOOOOOOOOOOOOOOOOOOOOOOOOOOOOOOOOOOOOOOOOOOOOOOOOOOOOOOOOOOOOOOOOOOOOOOOOOOOOOOOOOOOOOOOOOOOOOOOOOOOOOOOOOOOOOOOOOOOOOOOOOOOOOOOOOOOOOOOOOOOOOOOOOOOOOOOOOOOOOOOOOOOOOOOOOOOOOOOOOOOOOOOOOOOOOOOOOOOOOOOOOOOOOOOOOOOOOO.class
/files//com/fs/starfarer/settings/A.class
/files/starfarer_obf.jar
/files//org/json/JSONObject.class
/files//org/json/JSONObject$Null.class
/starsector_v44.html
/cheerpj_dist/4.2/cj3.wasm
/cheerpj_dist/4.2/c.html
/cheerpj_dist/4.2/cj3n17.wasm
/cheerpj_dist/4.2/17/lib/modules
/cheerpj_dist/4.2/17/lib/modules
/cheerpj_dist/4.2/17/lib/modules
/cheerpj_dist/4.2/17/lib/modules
/cheerpj_dist/4.2/17/lib/modules
/cheerpj_dist/4.2/17/lib/modules
/cheerpj_dist/4.2/17/lib/modules
/cheerpj_dist/4.2/17/lib/modules
/cheerpj_dist/4.2/17/lib/modules
/cheerpj_dist/4.2/17/lib/modules
/cheerpj_dist/4.2/17/lib/modules
/cheerpj_dist/4.2/17/lib/modules
/sw.js
/cheerpj_dist/4.2/17/lib/modules
/cheerpj_dist/4.2/17/lib/modules
/cheerpj_dist/4.2/17/lib/modules
/cheerpj_dist/4.2/17/lib/modules
/cheerpj_dist/4.2/17/lib/modules
/cheerpj_dist/4.2/17/lib/modules
/cheerpj_dist/4.2/17/lib/modules
/cheerpj_dist/4.2/17/lib/modules
/cheerpj_dist/4.2/etc/users
/cheerpj_dist/4.2/etc/localtime
/cheerpj_dist/4.2/17/lib/modules
/cheerpj_dist/4.2/17/lib/modules
/cheerpj_dist/4.2/17/lib/modules
/cheerpj_dist/4.2/17/lib/modules
/cheerpj_dist/4.2/17/lib/modules
/cheerpj_dist/4.2/17/lib/modules
/cheerpj_dist/4.2/17/lib/modules
/cheerpj_dist/4.2/17/lib/modules
/cheerpj_dist/4.2/17/lib/modules
/cheerpj_dist/4.2/17/lib/modules
/cheerpj_dist/4.2/17/jre/lib/cheerpj-handlers.jar
/cheerpj_dist/4.2/17/lib/modules
/cheerpj_dist/4.2/17/jre/lib/cheerpj-handlers.jar
/cheerpj_dist/4.2/17/jre/lib/cheerpj-awt.jar
/cheerpj_dist/4.2/17/jre/lib/cheerpj-awt.jar
/cheerpj_dist/4.2/17/jre/lib/cheerpj-jsobject.jar
/cheerpj_dist/4.2/17/jre/lib/cheerpj-jsobject.jar
/files/starfarer_obf.jar
/files/fs.common_obf.jar
/files/fs.sound_obf.jar
/files/starfarer.api.jar
/files/json.jar
/files/xstream-1.4.10.jar
/files/log4j-1.2.9.jar
/files/commons-compiler.jar
/files/commons-compiler-jdk.jar
/files/janino.jar
/files/jinput.jar
/files/lwjgl.jar
/files/lwjgl_util.jar
/files/jorbis-0.0.15.jar
/files/jogg-0.0.7.jar
/files//config.jar
/cheerpj_dist/4.2/17/lib/modules
/cheerpj_dist/4.2/17/lib/modules
/cheerpj_dist/4.2/17/lib/modules
/cheerpj_dist/4.2/17/lib/modules
/cheerpj_dist/4.2/17/lib/modules
/cheerpj_dist/4.2/17/lib/modules
/files//com/fs/starfarer/combat/CombatMain.class
/files/starfarer_obf.jar
/files/starfarer_obf.jar
/files/starfarer_obf.jar
/files/starfarer_obf.jar
/files/starfarer_obf.jar
/files/starfarer_obf.jar
/files/starfarer_obf.jar
/files/starfarer_obf.jar
/files//com/fs/util/DoNotObfuscate.class
/files/fs.common_obf.jar
/files/fs.common_obf.jar
/files/fs.common_obf.jar
/cheerpj_dist/4.2/17/lib/modules
/cheerpj_dist/4.2/17/lib/modules
/cheerpj_dist/4.2/17/lib/modules
/cheerpj_dist/4.2/17/lib/modules
ass
/files/fs.sound_obf.jar
/files/starfarer.api.jar
/files/starfarer.api.jar
/files/starfarer.api.jar
/files/starfarer.api.jar
/files/starfarer.api.jar
/files/json.jar
/files/xstream-1.4.10.jar
/files/xstream-1.4.10.jar
/files/xstream-1.4.10.jar
/files/log4j-1.2.9.jar
/files/log4j-1.2.9.jar
/files/log4j-1.2.9.jar
/files//org/apache/log4j/Category.class
/files//org/apache/log4j/spi/AppenderAttachable.class
/files//org/apache/log4j/Level.class
/files//org/apache/log4j/Priority.class
/files//org/apache/log4j/LogManager.class
/files//org/apache/log4j/Hierarchy.class
/files//org/apache/log4j/spi/LoggerRepository.class
/files//org/apache/log4j/spi/RendererSupport.class
/files//org/apache/log4j/spi/RootLogger.class
/files//org/apache/log4j/or/RendererMap.class
/cheerpj_dist/4.2/17/lib/modules
/files//org/apache/log4j/or/DefaultRenderer.class
/files//org/apache/log4j/or/ObjectRenderer.class
/files//org/apache/log4j/DefaultCategoryFactory.class
/files//org/apache/log4j/spi/LoggerFactory.class
/files//org/apache/log4j/spi/DefaultRepositorySelector.class
/files//org/apache/log4j/spi/RepositorySelector.class
/files//org/apache/log4j/helpers/OptionConverter.class
/files//org/apache/log4j/helpers/Loader.class
/cheerpj_dist/4.2/17/lib/modules
/files//org/apache/log4j/helpers/LogLog.class
/files//log4j.xml
/files//org/apache/log4j/spi/Configurator.class
/files//org/apache/log4j/xml/DOMConfigurator.class
/cheerpj_dist/4.2/17/lib/modules
/cheerpj_dist/4.2/17/lib/modules
/cheerpj_dist/4.2/17/lib/modules
/cheerpj_dist/4.2/17/lib/modules
/cheerpj_dist/4.2/17/lib/modules
/cheerpj_dist/4.2/17/conf/jaxp.properties
/files//META-INF/services/javax.xml.parsers.DocumentBuilderFactory
/files/commons-compiler.jar
/files/commons-compiler-jdk.jar
/files/janino.jar
/files/janino.jar
/files/janino.jar
/files/jinput.jar
/files/jinput.jar
/files/lwjgl.jar
/files/lwjgl.jar
/files/lwjgl.jar
/files/lwjgl.jar
/files/lwjgl_util.jar
/files/lwjgl_util.jar
/files/jorbis-0.0.15.jar
/files/jogg-0.0.7.jar
/files//config.jar
/files//META-INF/services/javax.xml.parsers.DocumentBuilderFactory
/cheerpj_dist/4.2/17/lib/modules
/cheerpj_dist/4.2/17/lib/modules
/cheerpj_dist/4.2/17/conf/jaxp.properties
/cheerpj_dist/4.2/17/lib/modules
/cheerpj_dist/4.2/17/lib/modules
/cheerpj_dist/4.2/17/lib/modules
/cheerpj_dist/4.2/17/lib/modules
/cheerpj_dist/4.2/17/lib/modules
/cheerpj_dist/4.2/17/lib/modules
/cheerpj_dist/4.2/17/lib/modules
/files//org/apache/log4j/xml/SAXErrorHandler.class
/files//org/apache/log4j/xml/Log4jEntityResolver.class
/files//log4j.xml
/cheerpj_dist/4.2/17/lib/modules
/files//org/apache/log4j/xml/log4j.dtd
/files//org/apache/log4j/config/PropertySetter.class
/files//org/apache/log4j/Appender.class
/files//org/apache/log4j/ConsoleAppender.class
/files//org/apache/log4j/WriterAppender.class
/files//org/apache/log4j/AppenderSkeleton.class
/files//org/apache/log4j/spi/OptionHandler.class
/files//org/apache/log4j/Layout.class
/files//org/apache/log4j/helpers/OnlyOnceErrorHandler.class
/files//org/apache/log4j/spi/ErrorHandler.class
/files//org/apache/log4j/PatternLayout.class
/files//org/apache/log4j/helpers/PatternParser.class
/files//org/apache/log4j/helpers/FormattingInfo.class
/files//org/apache/log4j/helpers/PatternParser$BasicPatternConverter.class
/files//org/apache/log4j/helpers/PatternConverter.class
/files//org/apache/log4j/helpers/PatternParser$LiteralPatternConverter.class
/files//org/apache/log4j/config/PropertySetterException.class
/cheerpj_dist/4.2/17/lib/modules
/cheerpj_dist/4.2/17/lib/modules
/files//org/apache/log4j/PatternLayoutBeanInfo.class
/cheerpj_dist/4.2/17/lib/modules
/files//org/apache/log4j/PatternLayoutBeanInfo.class
/files//org/apache/log4j/LayoutBeanInfo.class
/files//org/apache/log4j/LayoutBeanInfo.class
/cheerpj_dist/4.2/17/lib/modules
/cheerpj_dist/4.2/17/lib/modules
/files//org/apache/log4j/LayoutCustomizer.class
/files//org/apache/log4j/LayoutCustomizer.class
/files//org/apache/log4j/spi/LoggingEvent.class
/files//org/apache/log4j/PatternLayoutCustomizer.class
/files//org/apache/log4j/PatternLayoutCustomizer.class
/files//org/apache/log4j/helpers/ISO8601DateFormat.class
/files//org/apache/log4j/helpers/AbsoluteTimeDateFormat.class
/cheerpj_dist/4.2/etc/timezone
/cheerpj_dist/4.2/17/lib/tzdb.dat
/files//org/apache/log4j/helpers/QuietWriter.class
/files//org/apache/log4j/helpers/AppenderAttachableImpl.class
/files//org/apache/log4j/CategoryKey.class
/files//org/apache/log4j/ProvisionNode.class
/files//com/fs/starfarer/settings/StarfarerSettings.class
/files/starfarer_obf.jar
/files/starfarer_obf.jar
/files//com/fs/graphics/A/ooOOOOOOOOOOOOOOOOOOOOOOOOOOOOOOOOOOOOOOOOOOOOOOOOOOOOOOOOOOOOOOOOOOOOOOOOOOOOOOOOOOOOOOOOOOOOOOOOOOOOOOOOOOOOOOOOOOOOOOOOOOOOOOOOOOOOOOOOOOOOOOOOOOOOOOOOOOOOOOOOOOOOOOOOOOOOOOOOOOOOOOOOOOOOOOOOOOOOOOOOOOOOOOOOOOOOOOOOOOOOOOOOOOOOOOOOOOOOOOOOOOOOOOOOOOOOOO.class
/files//com/fs/starfarer/settings/A.class
/files//org/json/JSONObject.class
/files/starfarer_obf.jar
/files//org/json/JSONObject$Null.class
/starsector_v44.html
/cheerpj_dist/4.2/cj3.wasm
/cheerpj_dist/4.2/c.html
/cheerpj_dist/4.2/cj3n17.wasm
/cheerpj_dist/4.2/17/lib/modules
/cheerpj_dist/4.2/17/lib/modules
/cheerpj_dist/4.2/17/lib/modules
/cheerpj_dist/4.2/17/lib/modules
/cheerpj_dist/4.2/17/lib/modules
/cheerpj_dist/4.2/17/lib/modules
/cheerpj_dist/4.2/17/lib/modules
/cheerpj_dist/4.2/17/lib/modules
/cheerpj_dist/4.2/17/lib/modules
/cheerpj_dist/4.2/17/lib/modules
/cheerpj_dist/4.2/17/lib/modules
/cheerpj_dist/4.2/17/lib/modules
/cheerpj_dist/4.2/17/lib/modules
/cheerpj_dist/4.2/17/lib/modules
/sw.js
/cheerpj_dist/4.2/17/lib/modules
/cheerpj_dist/4.2/17/lib/modules
/cheerpj_dist/4.2/17/lib/modules
/cheerpj_dist/4.2/17/lib/modules
/cheerpj_dist/4.2/17/lib/modules
/cheerpj_dist/4.2/etc/users
/cheerpj_dist/4.2/etc/localtime
/cheerpj_dist/4.2/17/lib/modules
/cheerpj_dist/4.2/17/lib/modules
/cheerpj_dist/4.2/17/lib/modules
/cheerpj_dist/4.2/17/lib/modules
/cheerpj_dist/4.2/17/lib/modules
/cheerpj_dist/4.2/17/lib/modules
/cheerpj_dist/4.2/17/lib/modules
/cheerpj_dist/4.2/17/lib/modules
/cheerpj_dist/4.2/17/lib/modules
/cheerpj_dist/4.2/17/lib/modules
/cheerpj_dist/4.2/17/jre/lib/cheerpj-handlers.jar
/cheerpj_dist/4.2/17/lib/modules
/cheerpj_dist/4.2/17/jre/lib/cheerpj-handlers.jar
/cheerpj_dist/4.2/17/jre/lib/cheerpj-awt.jar
/cheerpj_dist/4.2/17/jre/lib/cheerpj-awt.jar
/cheerpj_dist/4.2/17/jre/lib/cheerpj-jsobject.jar
/cheerpj_dist/4.2/17/jre/lib/cheerpj-jsobject.jar
/files//json.jar
/files//jogg-0.0.7.jar
/files//jorbis-0.0.15.jar
/files//log4j-1.2.9.jar
/files//lwjgl_util.jar
/files//lwjgl.jar
/files//starfarer.api.jar
/files//starfarer_obf.jar
/files//xstream-1.4.10.jar
/files//fs.sound_obf.jar
/files//fs.common_obf.jar
/files//janino.jar
/files//commons-compiler.jar
/files//config.jar
/cheerpj_dist/4.2/17/lib/modules
/cheerpj_dist/4.2/17/lib/modules
/cheerpj_dist/4.2/17/lib/modules
/cheerpj_dist/4.2/17/lib/modules
/cheerpj_dist/4.2/17/lib/modules
/cheerpj_dist/4.2/17/lib/modules
/files//com/fs/starfarer/combat/CombatMain.class
/files//json.jar
/files//jogg-0.0.7.jar
/files//jorbis-0.0.15.jar
/files//log4j-1.2.9.jar
/files//log4j-1.2.9.jar
/files//log4j-1.2.9.jar
/files//lwjgl_util.jar
/files//lwjgl_util.jar
/files//lwjgl.jar
/files//lwjgl.jar
/files//lwjgl.jar
/files//lwjgl.jar
/files//starfarer.api.jar
/files//starfarer.api.jar
/files//starfarer.api.jar
/files//starfarer.api.jar
/files//starfarer.api.jar
/files//starfarer_obf.jar
/files//starfarer_obf.jar
/files//starfarer_obf.jar
/files//starfarer_obf.jar
/files//starfarer_obf.jar
/files//starfarer_obf.jar
/files//starfarer_obf.jar
/files//starfarer_obf.jar
/files//com/fs/util/DoNotObfuscate.class
/files//xstream-1.4.10.jar
/files//xstream-1.4.10.jar
/files//xstream-1.4.10.jar
/files//fs.sound_obf.jar
/files//fs.common_obf.jar
/files//fs.common_obf.jar
/files//fs.common_obf.jar
/cheerpj_dist/4.2/17/lib/modules
/cheerpj_dist/4.2/17/lib/modules
/cheerpj_dist/4.2/17/lib/modules
/files//org/apache/log4j/Logger.class
/cheerpj_dist/4.2/17/lib/modules
/files//org/apache/log4j/Category.class
/files//org/apache/log4j/spi/AppenderAttachable.class
/files//org/apache/log4j/Level.class
/files//org/apache/log4j/Priority.class
/files//org/apache/log4j/LogManager.class
/files//org/apache/log4j/Hierarchy.class
/files//org/apache/log4j/spi/LoggerRepository.class
/files//org/apache/log4j/spi/RendererSupport.class
/files//org/apache/log4j/spi/RootLogger.class
/files//org/apache/log4j/or/RendererMap.class
/cheerpj_dist/4.2/17/lib/modules
/files//org/apache/log4j/or/DefaultRenderer.class
/files//org/apache/log4j/or/ObjectRenderer.class
/files//org/apache/log4j/DefaultCategoryFactory.class
/files//org/apache/log4j/spi/LoggerFactory.class
/files//org/apache/log4j/spi/DefaultRepositorySelector.class
/files//org/apache/log4j/spi/RepositorySelector.class
/files//org/apache/log4j/helpers/OptionConverter.class
/files//org/apache/log4j/helpers/Loader.class
/cheerpj_dist/4.2/17/lib/modules
/files//org/apache/log4j/helpers/LogLog.class
/files//log4j.xml
/files//org/apache/log4j/spi/Configurator.class
/files//org/apache/log4j/xml/DOMConfigurator.class
/cheerpj_dist/4.2/17/lib/modules
/cheerpj_dist/4.2/17/lib/modules
/cheerpj_dist/4.2/17/lib/modules
/cheerpj_dist/4.2/17/lib/modules
/cheerpj_dist/4.2/17/lib/modules
/cheerpj_dist/4.2/17/conf/jaxp.properties
/files//META-INF/services/javax.xml.parsers.DocumentBuilderFactory
/files//janino.jar
/files//janino.jar
/files//janino.jar
/files//commons-compiler.jar
/files//config.jar
/files//META-INF/services/javax.xml.parsers.DocumentBuilderFactory
/cheerpj_dist/4.2/17/lib/modules
/cheerpj_dist/4.2/17/lib/modules
/cheerpj_dist/4.2/17/conf/jaxp.properties
/cheerpj_dist/4.2/17/lib/modules
/cheerpj_dist/4.2/17/lib/modules
/cheerpj_dist/4.2/17/lib/modules
/cheerpj_dist/4.2/17/lib/modules
/cheerpj_dist/4.2/17/lib/modules
/cheerpj_dist/4.2/17/lib/modules
/cheerpj_dist/4.2/17/lib/modules
/cheerpj_dist/4.2/17/lib/modules
/cheerpj_dist/4.2/17/lib/modules
/files//org/apache/log4j/xml/SAXErrorHandler.class
/files//org/apache/log4j/xml/Log4jEntityResolver.class
/files//log4j.xml
/cheerpj_dist/4.2/17/lib/modules
/files//org/apache/log4j/xml/log4j.dtd
/files//org/apache/log4j/config/PropertySetter.class
/files//org/apache/log4j/Appender.class
/files//org/apache/log4j/ConsoleAppender.class
/files//org/apache/log4j/WriterAppender.class
/files//org/apache/log4j/AppenderSkeleton.class
/files//org/apache/log4j/spi/OptionHandler.class
/files//org/apache/log4j/Layout.class
/files//org/apache/log4j/helpers/OnlyOnceErrorHandler.class
/files//org/apache/log4j/spi/ErrorHandler.class
/files//org/apache/log4j/PatternLayout.class
/files//org/apache/log4j/helpers/PatternParser.class
/files//org/apache/log4j/helpers/FormattingInfo.class
/files//org/apache/log4j/helpers/PatternParser$BasicPatternConverter.class
/files//org/apache/log4j/helpers/PatternConverter.class
/files//org/apache/log4j/helpers/PatternParser$LiteralPatternConverter.class
/files//org/apache/log4j/config/PropertySetterException.class
/cheerpj_dist/4.2/17/lib/modules
/cheerpj_dist/4.2/17/lib/modules
/files//org/apache/log4j/PatternLayoutBeanInfo.class
/cheerpj_dist/4.2/17/lib/modules
/files//org/apache/log4j/PatternLayoutBeanInfo.class
/files//org/apache/log4j/LayoutBeanInfo.class
/files//org/apache/log4j/LayoutBeanInfo.class
/cheerpj_dist/4.2/17/lib/modules
/cheerpj_dist/4.2/17/lib/modules
/cheerpj_dist/4.2/17/lib/modules
/files//org/apache/log4j/LayoutCustomizer.class
/files//org/apache/log4j/LayoutCustomizer.class
/files//org/apache/log4j/spi/LoggingEvent.class
/files//org/apache/log4j/PatternLayoutCustomizer.class
/files//org/apache/log4j/PatternLayoutCustomizer.class
/files//org/apache/log4j/helpers/ISO8601DateFormat.class
/files//org/apache/log4j/helpers/AbsoluteTimeDateFormat.class
/cheerpj_dist/4.2/etc/timezone
/cheerpj_dist/4.2/17/lib/tzdb.dat
/files//org/apache/log4j/helpers/QuietWriter.class
/files//org/apache/log4j/helpers/AppenderAttachableImpl.class
/files//org/apache/log4j/CategoryKey.class
/files//org/apache/log4j/ProvisionNode.class
/files//com/fs/starfarer/settings/StarfarerSettings.class
/files//starfarer_obf.jar
/files//starfarer_obf.jar
/files//com/fs/graphics/A/ooOOOOOOOOOOOOOOOOOOOOOOOOOOOOOOOOOOOOOOOOOOOOOOOOOOOOOOOOOOOOOOOOOOOOOOOOOOOOOOOOOOOOOOOOOOOOOOOOOOOOOOOOOOOOOOOOOOOOOOOOOOOOOOOOOOOOOOOOOOOOOOOOOOOOOOOOOOOOOOOOOOOOOOOOOOOOOOOOOOOOOOOOOOOOOOOOOOOOOOOOOOOOOOOOOOOOOOOOOOOOOOOOOOOOOOOOOOOOOOOOOOOOOOOOOOOOOO.class
/files//com/fs/starfarer/settings/A.class
/files//starfarer_obf.jar
/files//org/json/JSONObject.class
/files//org/json/JSONObject$Null.class
/starsector_v44.html
/cheerpj_dist/4.2/cj3.wasm
/cheerpj_dist/4.2/c.html
/cheerpj_dist/4.2/cj3n17.wasm
/cheerpj_dist/4.2/17/lib/modules
/cheerpj_dist/4.2/17/lib/modules
/cheerpj_dist/4.2/17/lib/modules
/cheerpj_dist/4.2/17/lib/modules
/cheerpj_dist/4.2/17/lib/modules
/cheerpj_dist/4.2/17/lib/modules
/cheerpj_dist/4.2/17/lib/modules
/cheerpj_dist/4.2/17/lib/modules
/cheerpj_dist/4.2/17/lib/modules
/cheerpj_dist/4.2/17/lib/modules
/cheerpj_dist/4.2/17/lib/modules
/cheerpj_dist/4.2/17/lib/modules
/cheerpj_dist/4.2/17/lib/modules
/sw.js
/cheerpj_dist/4.2/17/lib/modules
/cheerpj_dist/4.2/17/lib/modules
/cheerpj_dist/4.2/17/lib/modules
/cheerpj_dist/4.2/17/lib/modules
/cheerpj_dist/4.2/17/lib/modules
/cheerpj_dist/4.2/17/lib/modules
/cheerpj_dist/4.2/17/lib/modules
/cheerpj_dist/4.2/etc/users
/cheerpj_dist/4.2/etc/localtime
/cheerpj_dist/4.2/17/lib/modules
/cheerpj_dist/4.2/17/lib/modules
/cheerpj_dist/4.2/17/lib/modules
/cheerpj_dist/4.2/17/lib/modules
/cheerpj_dist/4.2/17/lib/modules
/cheerpj_dist/4.2/17/lib/modules
/cheerpj_dist/4.2/17/lib/modules
/cheerpj_dist/4.2/17/lib/modules
/cheerpj_dist/4.2/17/lib/modules
/cheerpj_dist/4.2/17/lib/modules
/cheerpj_dist/4.2/17/lib/modules
/cheerpj_dist/4.2/17/jre/lib/cheerpj-handlers.jar
/cheerpj_dist/4.2/17/lib/modules
/cheerpj_dist/4.2/17/jre/lib/cheerpj-handlers.jar
/cheerpj_dist/4.2/17/jre/lib/cheerpj-awt.jar
/cheerpj_dist/4.2/17/jre/lib/cheerpj-awt.jar
/cheerpj_dist/4.2/17/jre/lib/cheerpj-jsobject.jar
/cheerpj_dist/4.2/17/jre/lib/cheerpj-jsobject.jar
/files//janino.jar
/files//commons-compiler.jar
/files//commons-compiler-jdk.jar
/files//starfarer.api.jar
/files//starfarer_obf.jar
/files//jogg-0.0.7.jar
/files//jorbis-0.0.15.jar
/files//json.jar
/files//lwjgl.jar
/files//jinput.jar
/files//log4j-1.2.9.jar
/files//lwjgl_util.jar
/files//fs.sound_obf.jar
/files//fs.common_obf.jar
/files//xstream-1.4.10.jar
/files//txw2-3.0.2.jar
/files//jaxb-api-2.4.0-b180830.0359.jar
/files//webp-imageio-0.1.6.jar
/files/config.jar
/cheerpj_dist/4.2/17/lib/modules
/cheerpj_dist/4.2/17/lib/modules
/cheerpj_dist/4.2/17/lib/modules
/cheerpj_dist/4.2/17/lib/modules
/cheerpj_dist/4.2/17/lib/modules
/cheerpj_dist/4.2/17/lib/modules
/files//com/fs/starfarer/combat/CombatMain.class
/files//janino.jar
/files//janino.jar
/files//janino.jar
/files//commons-compiler.jar
/files//commons-compiler-jdk.jar
/files//starfarer.api.jar
/files//starfarer.api.jar
/files//starfarer.api.jar
/files//starfarer.api.jar
/files//starfarer_obf.jar
/files//starfarer_obf.jar
/files//starfarer_obf.jar
/files//starfarer_obf.jar
/files//starfarer_obf.jar
/files//starfarer_obf.jar
/files//starfarer_obf.jar
/files//starfarer_obf.jar
/files//com/fs/util/DoNotObfuscate.class
/files//jogg-0.0.7.jar
/files//jorbis-0.0.15.jar
/files//json.jar
/files//lwjgl.jar
/files//lwjgl.jar
/files//lwjgl.jar
/files//lwjgl.jar
/files//jinput.jar
/files//jinput.jar
/files//log4j-1.2.9.jar
/files//log4j-1.2.9.jar
/files//log4j-1.2.9.jar
/files//lwjgl_util.jar
/files//lwjgl_util.jar
/files//fs.sound_obf.jar
/files//fs.common_obf.jar
/files//fs.common_obf.jar
/files//fs.common_obf.jar
/cheerpj_dist/4.2/17/lib/modules
/cheerpj_dist/4.2/17/lib/modules
/cheerpj_dist/4.2/17/lib/modules
/files//org/apache/log4j/Logger.class
/cheerpj_dist/4.2/17/lib/modules
/files//org/apache/log4j/Category.class
/files//org/apache/log4j/spi/AppenderAttachable.class
/files//org/apache/log4j/Level.class
/files//org/apache/log4j/Priority.class
/files//org/apache/log4j/LogManager.class
/files//org/apache/log4j/Hierarchy.class
/files//org/apache/log4j/spi/LoggerRepository.class
/files//org/apache/log4j/spi/RendererSupport.class
/files//org/apache/log4j/spi/RootLogger.class
/files//org/apache/log4j/or/RendererMap.class
/cheerpj_dist/4.2/17/lib/modules
/files//org/apache/log4j/or/DefaultRenderer.class
/files//org/apache/log4j/or/ObjectRenderer.class
/files//org/apache/log4j/DefaultCategoryFactory.class
/files//org/apache/log4j/spi/LoggerFactory.class
/files//org/apache/log4j/spi/DefaultRepositorySelector.class
/files//org/apache/log4j/spi/RepositorySelector.class
/files//org/apache/log4j/helpers/OptionConverter.class
/files//org/apache/log4j/helpers/Loader.class
/cheerpj_dist/4.2/17/lib/modules
/files//org/apache/log4j/helpers/LogLog.class
/files//log4j.xml
/files//org/apache/log4j/spi/Configurator.class
/files//org/apache/log4j/xml/DOMConfigurator.class
/cheerpj_dist/4.2/17/lib/modules
/cheerpj_dist/4.2/17/lib/modules
/cheerpj_dist/4.2/17/lib/modules
/cheerpj_dist/4.2/17/lib/modules
/cheerpj_dist/4.2/17/lib/modules
/cheerpj_dist/4.2/17/conf/jaxp.properties
/files//META-INF/services/javax.xml.parsers.DocumentBuilderFactory
/files//xstream-1.4.10.jar
/files//xstream-1.4.10.jar
/files//xstream-1.4.10.jar
/files//txw2-3.0.2.jar
/files//jaxb-api-2.4.0-b180830.0359.jar
/files//webp-imageio-0.1.6.jar
/files//webp-imageio-0.1.6.jar
/files//webp-imageio-0.1.6.jar
/files/config.jar
/files//META-INF/services/javax.xml.parsers.DocumentBuilderFactory
/cheerpj_dist/4.2/17/lib/modules
/cheerpj_dist/4.2/17/lib/modules
/cheerpj_dist/4.2/17/conf/jaxp.properties
/cheerpj_dist/4.2/17/lib/modules
/cheerpj_dist/4.2/17/lib/modules
/cheerpj_dist/4.2/17/lib/modules
/cheerpj_dist/4.2/17/lib/modules
/cheerpj_dist/4.2/17/lib/modules
/cheerpj_dist/4.2/17/lib/modules
/cheerpj_dist/4.2/17/lib/modules
/cheerpj_dist/4.2/17/lib/modules
/cheerpj_dist/4.2/17/lib/modules
/files//org/apache/log4j/xml/SAXErrorHandler.class
/files//org/apache/log4j/xml/Log4jEntityResolver.class
/files//log4j.xml
/cheerpj_dist/4.2/17/lib/modules
/files//org/apache/log4j/xml/log4j.dtd
/files//org/apache/log4j/config/PropertySetter.class
/files//org/apache/log4j/Appender.class
/files//org/apache/log4j/ConsoleAppender.class
/files//org/apache/log4j/WriterAppender.class
/files//org/apache/log4j/AppenderSkeleton.class
/files//org/apache/log4j/spi/OptionHandler.class
/files//org/apache/log4j/Layout.class
/files//org/apache/log4j/helpers/OnlyOnceErrorHandler.class
/files//org/apache/log4j/spi/ErrorHandler.class
/files//org/apache/log4j/PatternLayout.class
/files//org/apache/log4j/helpers/PatternParser.class
/files//org/apache/log4j/helpers/FormattingInfo.class
/files//org/apache/log4j/helpers/PatternParser$BasicPatternConverter.class
/files//org/apache/log4j/helpers/PatternConverter.class
/files//org/apache/log4j/helpers/PatternParser$LiteralPatternConverter.class
/files//org/apache/log4j/config/PropertySetterException.class
/cheerpj_dist/4.2/17/lib/modules
/cheerpj_dist/4.2/17/lib/modules
/files//org/apache/log4j/PatternLayoutBeanInfo.class
/cheerpj_dist/4.2/17/lib/modules
/files//org/apache/log4j/PatternLayoutBeanInfo.class
/files//org/apache/log4j/LayoutBeanInfo.class
/files//org/apache/log4j/LayoutBeanInfo.class
/cheerpj_dist/4.2/17/lib/modules
/cheerpj_dist/4.2/17/lib/modules
/files//org/apache/log4j/LayoutCustomizer.class
/files//org/apache/log4j/LayoutCustomizer.class
/files//org/apache/log4j/spi/LoggingEvent.class
/files//org/apache/log4j/PatternLayoutCustomizer.class
/files//org/apache/log4j/PatternLayoutCustomizer.class
/files//org/apache/log4j/helpers/ISO8601DateFormat.class
/files//org/apache/log4j/helpers/AbsoluteTimeDateFormat.class
/cheerpj_dist/4.2/etc/timezone
/cheerpj_dist/4.2/17/lib/tzdb.dat
/files//org/apache/log4j/helpers/QuietWriter.class
/files//org/apache/log4j/helpers/AppenderAttachableImpl.class
/files//org/apache/log4j/CategoryKey.class
/files//org/apache/log4j/ProvisionNode.class
/files//com/fs/starfarer/settings/StarfarerSettings.class
/files//starfarer_obf.jar
/files//starfarer_obf.jar
/files//com/fs/graphics/A/ooOOOOOOOOOOOOOOOOOOOOOOOOOOOOOOOOOOOOOOOOOOOOOOOOOOOOOOOOOOOOOOOOOOOOOOOOOOOOOOOOOOOOOOOOOOOOOOOOOOOOOOOOOOOOOOOOOOOOOOOOOOOOOOOOOOOOOOOOOOOOOOOOOOOOOOOOOOOOOOOOOOOOOOOOOOOOOOOOOOOOOOOOOOOOOOOOOOOOOOOOOOOOOOOOOOOOOOOOOOOOOOOOOOOOOOOOOOOOOOOOOOOOOOOOOOOOOO.class
/files//com/fs/starfarer/settings/A.class
/files//starfarer_obf.jar
/files//org/json/JSONObject.class
/files//org/json/JSONObject$Null.class
/starsector_v44.html
/cheerpj_dist/4.2/cj3.wasm
/cheerpj_dist/4.2/c.html
/cheerpj_dist/4.2/cj3n17.wasm
/cheerpj_dist/4.2/17/lib/modules
/cheerpj_dist/4.2/17/lib/modules
/cheerpj_dist/4.2/17/lib/modules
/cheerpj_dist/4.2/17/lib/modules
/cheerpj_dist/4.2/17/lib/modules
/cheerpj_dist/4.2/17/lib/modules
/cheerpj_dist/4.2/17/lib/modules
/cheerpj_dist/4.2/17/lib/modules
/cheerpj_dist/4.2/17/lib/modules
/cheerpj_dist/4.2/17/lib/modules
/cheerpj_dist/4.2/17/lib/modules
/cheerpj_dist/4.2/17/lib/modules
/cheerpj_dist/4.2/17/lib/modules
/cheerpj_dist/4.2/17/lib/modules
/sw.js
/cheerpj_dist/4.2/17/lib/modules
/cheerpj_dist/4.2/17/lib/modules
/cheerpj_dist/4.2/17/lib/modules
/cheerpj_dist/4.2/17/lib/modules
/cheerpj_dist/4.2/17/lib/modules
/cheerpj_dist/4.2/17/lib/modules
/cheerpj_dist/4.2/etc/users
/cheerpj_dist/4.2/etc/localtime
/cheerpj_dist/4.2/17/lib/modules
/cheerpj_dist/4.2/17/lib/modules
/cheerpj_dist/4.2/17/lib/modules
/cheerpj_dist/4.2/17/lib/modules
/cheerpj_dist/4.2/17/lib/modules
/cheerpj_dist/4.2/17/lib/modules
/cheerpj_dist/4.2/17/lib/modules
/cheerpj_dist/4.2/17/lib/modules
/cheerpj_dist/4.2/17/lib/modules
/cheerpj_dist/4.2/17/jre/lib/cheerpj-handlers.jar
/cheerpj_dist/4.2/17/lib/modules
/cheerpj_dist/4.2/17/lib/modules
/cheerpj_dist/4.2/17/jre/lib/cheerpj-handlers.jar
/cheerpj_dist/4.2/17/jre/lib/cheerpj-awt.jar
/cheerpj_dist/4.2/17/jre/lib/cheerpj-awt.jar
/cheerpj_dist/4.2/17/jre/lib/cheerpj-jsobject.jar
/cheerpj_dist/4.2/17/jre/lib/cheerpj-jsobject.jar
/files//janino.jar
/files//commons-compiler.jar
/files//commons-compiler-jdk.jar
/files//starfarer.api.jar
/files//starfarer_obf.jar
/files//jogg-0.0.7.jar
/files//jorbis-0.0.15.jar
/files//json.jar
/files//lwjgl.jar
/files//jinput.jar
/files//log4j-1.2.9.jar
/files//lwjgl_util.jar
/files//fs.sound_obf.jar
/files//fs.common_obf.jar
/files//xstream-1.4.10.jar
/files//txw2-3.0.2.jar
/files//jaxb-api-2.4.0-b180830.0359.jar
/files//webp-imageio-0.1.6.jar
/files/config.jar
/cheerpj_dist/4.2/17/lib/modules
/cheerpj_dist/4.2/17/lib/modules
/cheerpj_dist/4.2/17/lib/modules
/cheerpj_dist/4.2/17/lib/modules
/cheerpj_dist/4.2/17/lib/modules
/cheerpj_dist/4.2/17/lib/modules
/files//com/fs/starfarer/combat/CombatMain.class
/files//janino.jar
/files//janino.jar
/files//janino.jar
/files//commons-compiler.jar
/files//commons-compiler-jdk.jar
/files//starfarer.api.jar
/files//starfarer.api.jar
/files//starfarer.api.jar
/files//starfarer.api.jar
/files//starfarer.api.jar
/files//starfarer_obf.jar
/files//starfarer_obf.jar
/files//starfarer_obf.jar
/files//starfarer_obf.jar
/files//starfarer_obf.jar
/files//starfarer_obf.jar
/files//starfarer_obf.jar
/files//starfarer_obf.jar
/files//com/fs/util/DoNotObfuscate.class
/files//jogg-0.0.7.jar
/files//jorbis-0.0.15.jar
/files//json.jar
/files//lwjgl.jar
/files//lwjgl.jar
/files//lwjgl.jar
/files//lwjgl.jar
/files//jinput.jar
/files//jinput.jar
/files//log4j-1.2.9.jar
/files//log4j-1.2.9.jar
/files//log4j-1.2.9.jar
/files//lwjgl_util.jar
/files//lwjgl_util.jar
/files//fs.sound_obf.jar
/files//fs.common_obf.jar
/files//fs.common_obf.jar
/files//fs.common_obf.jar
/cheerpj_dist/4.2/17/lib/modules
/cheerpj_dist/4.2/17/lib/modules
/cheerpj_dist/4.2/17/lib/modules
/files//org/apache/log4j/Logger.class
/cheerpj_dist/4.2/17/lib/modules
/files//org/apache/log4j/Category.class
/files//org/apache/log4j/spi/AppenderAttachable.class
/files//org/apache/log4j/Level.class
/files//org/apache/log4j/Priority.class
/files//org/apache/log4j/LogManager.class
/files//org/apache/log4j/Hierarchy.class
/files//org/apache/log4j/spi/LoggerRepository.class
/files//org/apache/log4j/spi/RendererSupport.class
/files//org/apache/log4j/spi/RootLogger.class
/files//org/apache/log4j/or/RendererMap.class
/cheerpj_dist/4.2/17/lib/modules
/files//org/apache/log4j/or/DefaultRenderer.class
/files//org/apache/log4j/or/ObjectRenderer.class
/files//org/apache/log4j/DefaultCategoryFactory.class
/files//org/apache/log4j/spi/LoggerFactory.class
/files//org/apache/log4j/spi/DefaultRepositorySelector.class
/files//org/apache/log4j/spi/RepositorySelector.class
/files//org/apache/log4j/helpers/OptionConverter.class
/files//org/apache/log4j/helpers/Loader.class
/cheerpj_dist/4.2/17/lib/modules
/files//org/apache/log4j/helpers/LogLog.class
/files//log4j.xml
/files//org/apache/log4j/spi/Configurator.class
/files//org/apache/log4j/xml/DOMConfigurator.class
/cheerpj_dist/4.2/17/lib/modules
/cheerpj_dist/4.2/17/lib/modules
/cheerpj_dist/4.2/17/lib/modules
/cheerpj_dist/4.2/17/lib/modules
/cheerpj_dist/4.2/17/lib/modules
/cheerpj_dist/4.2/17/conf/jaxp.properties
/files//META-INF/services/javax.xml.parsers.DocumentBuilderFactory
/files//xstream-1.4.10.jar
/files//xstream-1.4.10.jar
/files//xstream-1.4.10.jar
/files//txw2-3.0.2.jar
/files//jaxb-api-2.4.0-b180830.0359.jar
/files//webp-imageio-0.1.6.jar
/files//webp-imageio-0.1.6.jar
/files//webp-imageio-0.1.6.jar
/files/config.jar
/files//META-INF/services/javax.xml.parsers.DocumentBuilderFactory
/cheerpj_dist/4.2/17/lib/modules
/cheerpj_dist/4.2/17/lib/modules
/cheerpj_dist/4.2/17/conf/jaxp.properties
/cheerpj_dist/4.2/17/lib/modules
/cheerpj_dist/4.2/17/lib/modules
/cheerpj_dist/4.2/17/lib/modules
/cheerpj_dist/4.2/17/lib/modules
/cheerpj_dist/4.2/17/lib/modules
/cheerpj_dist/4.2/17/lib/modules
/cheerpj_dist/4.2/17/lib/modules
/cheerpj_dist/4.2/17/lib/modules
/cheerpj_dist/4.2/17/lib/modules
/files//org/apache/log4j/xml/SAXErrorHandler.class
/files//org/apache/log4j/xml/Log4jEntityResolver.class
/files//log4j.xml
/cheerpj_dist/4.2/17/lib/modules
/files//org/apache/log4j/xml/log4j.dtd
/files//org/apache/log4j/config/PropertySetter.class
/files//org/apache/log4j/Appender.class
/files//org/apache/log4j/ConsoleAppender.class
/files//org/apache/log4j/WriterAppender.class
/files//org/apache/log4j/AppenderSkeleton.class
/files//org/apache/log4j/spi/OptionHandler.class
/files//org/apache/log4j/Layout.class
/files//org/apache/log4j/helpers/OnlyOnceErrorHandler.class
/files//org/apache/log4j/spi/ErrorHandler.class
/files//org/apache/log4j/PatternLayout.class
/files//org/apache/log4j/helpers/PatternParser.class
/files//org/apache/log4j/helpers/FormattingInfo.class
/files//org/apache/log4j/helpers/PatternParser$BasicPatternConverter.class
/files//org/apache/log4j/helpers/PatternConverter.class
/files//org/apache/log4j/helpers/PatternParser$LiteralPatternConverter.class
/files//org/apache/log4j/config/PropertySetterException.class
/cheerpj_dist/4.2/17/lib/modules
/cheerpj_dist/4.2/17/lib/modules
/files//org/apache/log4j/PatternLayoutBeanInfo.class
/cheerpj_dist/4.2/17/lib/modules
/files//org/apache/log4j/PatternLayoutBeanInfo.class
/files//org/apache/log4j/LayoutBeanInfo.class
/files//org/apache/log4j/LayoutBeanInfo.class
/cheerpj_dist/4.2/17/lib/modules
/cheerpj_dist/4.2/17/lib/modules
/files//org/apache/log4j/LayoutCustomizer.class
/files//org/apache/log4j/LayoutCustomizer.class
/files//org/apache/log4j/spi/LoggingEvent.class
/files//org/apache/log4j/PatternLayoutCustomizer.class
/files//org/apache/log4j/PatternLayoutCustomizer.class
/files//org/apache/log4j/helpers/ISO8601DateFormat.class
/files//org/apache/log4j/helpers/AbsoluteTimeDateFormat.class
/cheerpj_dist/4.2/etc/timezone
/cheerpj_dist/4.2/17/lib/tzdb.dat
/files//org/apache/log4j/helpers/QuietWriter.class
/files//org/apache/log4j/helpers/AppenderAttachableImpl.class
/files//org/apache/log4j/CategoryKey.class
/files//org/apache/log4j/ProvisionNode.class
/files//com/fs/starfarer/settings/StarfarerSettings.class
/files//starfarer_obf.jar
/files//starfarer_obf.jar
/files//com/fs/graphics/A/ooOOOOOOOOOOOOOOOOOOOOOOOOOOOOOOOOOOOOOOOOOOOOOOOOOOOOOOOOOOOOOOOOOOOOOOOOOOOOOOOOOOOOOOOOOOOOOOOOOOOOOOOOOOOOOOOOOOOOOOOOOOOOOOOOOOOOOOOOOOOOOOOOOOOOOOOOOOOOOOOOOOOOOOOOOOOOOOOOOOOOOOOOOOOOOOOOOOOOOOOOOOOOOOOOOOOOOOOOOOOOOOOOOOOOOOOOOOOOOOOOOOOOOOOOOOOOOO.class
/files//com/fs/starfarer/settings/A.class
/files//starfarer_obf.jar
/files//org/json/JSONObject.class
/files//org/json/JSONObject$Null.class
/starsector_v44.html
/cheerpj_dist/4.2/cj3.wasm
/cheerpj_dist/4.2/c.html
/cheerpj_dist/4.2/cj3n17.wasm
/cheerpj_dist/4.2/17/lib/modules
/cheerpj_dist/4.2/17/lib/modules
/cheerpj_dist/4.2/17/lib/modules
/cheerpj_dist/4.2/17/lib/modules
/cheerpj_dist/4.2/17/lib/modules
/cheerpj_dist/4.2/17/lib/modules
/cheerpj_dist/4.2/17/lib/modules
/cheerpj_dist/4.2/17/lib/modules
/cheerpj_dist/4.2/17/lib/modules
/cheerpj_dist/4.2/17/lib/modules
/cheerpj_dist/4.2/17/lib/modules
/cheerpj_dist/4.2/17/lib/modules
/cheerpj_dist/4.2/17/lib/modules
/cheerpj_dist/4.2/17/lib/modules
/sw.js
/cheerpj_dist/4.2/17/lib/modules
/cheerpj_dist/4.2/17/lib/modules
/cheerpj_dist/4.2/17/lib/modules
/cheerpj_dist/4.2/17/lib/modules
/cheerpj_dist/4.2/17/lib/modules
/cheerpj_dist/4.2/17/lib/modules
/cheerpj_dist/4.2/etc/users
/cheerpj_dist/4.2/etc/localtime
/cheerpj_dist/4.2/17/lib/modules
/cheerpj_dist/4.2/17/lib/modules
/cheerpj_dist/4.2/17/lib/modules
/cheerpj_dist/4.2/17/lib/modules
/cheerpj_dist/4.2/17/lib/modules
/cheerpj_dist/4.2/17/lib/modules
/cheerpj_dist/4.2/17/lib/modules
/cheerpj_dist/4.2/17/lib/modules
/cheerpj_dist/4.2/17/lib/modules
/cheerpj_dist/4.2/17/lib/modules
/cheerpj_dist/4.2/17/jre/lib/cheerpj-handlers.jar
/cheerpj_dist/4.2/17/lib/modules
/cheerpj_dist/4.2/17/lib/modules
/cheerpj_dist/4.2/17/jre/lib/cheerpj-handlers.jar
/cheerpj_dist/4.2/17/jre/lib/cheerpj-awt.jar
/cheerpj_dist/4.2/17/jre/lib/cheerpj-awt.jar
/cheerpj_dist/4.2/17/jre/lib/cheerpj-jsobject.jar
/cheerpj_dist/4.2/17/jre/lib/cheerpj-jsobject.jar
/files//janino.jar
/files//commons-compiler.jar
/files//commons-compiler-jdk.jar
/files//starfarer.api.jar
/files//starfarer_obf_unsigned.jar
/files//jogg-0.0.7.jar
/files//jorbis-0.0.15.jar
/files//json.jar
/files//lwjgl.jar
/files//jinput.jar
/files//log4j-1.2.9.jar
/files//lwjgl_util.jar
/files//fs.sound_obf.jar
/files//fs.common_obf.jar
/files//xstream-1.4.10.jar
/files//txw2-3.0.2.jar
/files//jaxb-api-2.4.0-b180830.0359.jar
/files//webp-imageio-0.1.6.jar
/files/config.jar
/cheerpj_dist/4.2/17/lib/modules
/cheerpj_dist/4.2/17/lib/modules
/cheerpj_dist/4.2/17/lib/modules
/cheerpj_dist/4.2/17/lib/modules
/cheerpj_dist/4.2/17/lib/modules
/cheerpj_dist/4.2/17/lib/modules
/files//com/fs/starfarer/combat/CombatMain.class
/files//janino.jar
/files//janino.jar
/files//janino.jar
/files//commons-compiler.jar
/files//commons-compiler-jdk.jar
/files//starfarer.api.jar
/files//starfarer.api.jar
/files//starfarer.api.jar
/files//starfarer.api.jar
/files//starfarer.api.jar
/files//starfarer_obf_unsigned.jar
/files//starfarer_obf_unsigned.jar
/files//starfarer_obf_unsigned.jar
/files//starfarer_obf_unsigned.jar
/files//starfarer_obf_unsigned.jar
/files//starfarer_obf_unsigned.jar
/files//starfarer_obf_unsigned.jar
/files//com/fs/util/DoNotObfuscate.class
/files//jogg-0.0.7.jar
/files//jorbis-0.0.15.jar
/files//json.jar
/files//lwjgl.jar
/files//lwjgl.jar
/files//lwjgl.jar
/files//jinput.jar
/files//jinput.jar
/files//log4j-1.2.9.jar
/files//log4j-1.2.9.jar
/files//log4j-1.2.9.jar
/files//lwjgl_util.jar
/files//lwjgl_util.jar
/files//fs.sound_obf.jar
/files//fs.common_obf.jar
/files//fs.common_obf.jar
/files//fs.common_obf.jar
/cheerpj_dist/4.2/17/lib/modules
/cheerpj_dist/4.2/17/lib/modules
/cheerpj_dist/4.2/17/lib/modules
/cheerpj_dist/4.2/17/lib/modules
/files//org/apache/log4j/Logger.class
/files//org/apache/log4j/Category.class
/files//org/apache/log4j/spi/AppenderAttachable.class
/files//org/apache/log4j/Level.class
/files//org/apache/log4j/Priority.class
/files//org/apache/log4j/LogManager.class
/files//org/apache/log4j/Hierarchy.class
/files//org/apache/log4j/spi/LoggerRepository.class
/files//org/apache/log4j/spi/RendererSupport.class
/files//org/apache/log4j/spi/RootLogger.class
/files//org/apache/log4j/or/RendererMap.class
/cheerpj_dist/4.2/17/lib/modules
/files//org/apache/log4j/or/DefaultRenderer.class
/files//org/apache/log4j/or/ObjectRenderer.class
/files//org/apache/log4j/DefaultCategoryFactory.class
/files//org/apache/log4j/spi/LoggerFactory.class
/files//org/apache/log4j/spi/DefaultRepositorySelector.class
/files//org/apache/log4j/spi/RepositorySelector.class
/files//org/apache/log4j/helpers/OptionConverter.class
/files//org/apache/log4j/helpers/Loader.class
/cheerpj_dist/4.2/17/lib/modules
/files//org/apache/log4j/helpers/LogLog.class
/files//log4j.xml
/files//org/apache/log4j/spi/Configurator.class
/files//org/apache/log4j/xml/DOMConfigurator.class
/cheerpj_dist/4.2/17/lib/modules
/cheerpj_dist/4.2/17/lib/modules
/cheerpj_dist/4.2/17/lib/modules
/cheerpj_dist/4.2/17/lib/modules
/cheerpj_dist/4.2/17/lib/modules
/cheerpj_dist/4.2/17/conf/jaxp.properties
/files//META-INF/services/javax.xml.parsers.DocumentBuilderFactory
/files//xstream-1.4.10.jar
/files//xstream-1.4.10.jar
/files//xstream-1.4.10.jar
/files//txw2-3.0.2.jar
/files//jaxb-api-2.4.0-b180830.0359.jar
/files//webp-imageio-0.1.6.jar
/files//webp-imageio-0.1.6.jar
/files//webp-imageio-0.1.6.jar
/files/config.jar
/files//META-INF/services/javax.xml.parsers.DocumentBuilderFactory
/cheerpj_dist/4.2/17/lib/modules
/cheerpj_dist/4.2/17/lib/modules
/cheerpj_dist/4.2/17/lib/modules
/cheerpj_dist/4.2/17/conf/jaxp.properties
/cheerpj_dist/4.2/17/lib/modules
/cheerpj_dist/4.2/17/lib/modules
/cheerpj_dist/4.2/17/lib/modules
/cheerpj_dist/4.2/17/lib/modules
/cheerpj_dist/4.2/17/lib/modules
/cheerpj_dist/4.2/17/lib/modules
/cheerpj_dist/4.2/17/lib/modules
/cheerpj_dist/4.2/17/lib/modules
/cheerpj_dist/4.2/17/lib/modules
/files//org/apache/log4j/xml/SAXErrorHandler.class
/files//org/apache/log4j/xml/Log4jEntityResolver.class
/files//log4j.xml
/cheerpj_dist/4.2/17/lib/modules
/files//org/apache/log4j/xml/log4j.dtd
/files//org/apache/log4j/config/PropertySetter.class
/files//org/apache/log4j/Appender.class
/files//org/apache/log4j/ConsoleAppender.class
/files//org/apache/log4j/WriterAppender.class
/files//org/apache/log4j/AppenderSkeleton.class
/files//org/apache/log4j/spi/OptionHandler.class
/files//org/apache/log4j/Layout.class
/files//org/apache/log4j/helpers/OnlyOnceErrorHandler.class
/files//org/apache/log4j/spi/ErrorHandler.class
/files//org/apache/log4j/PatternLayout.class
/files//org/apache/log4j/helpers/PatternParser.class
/files//org/apache/log4j/helpers/FormattingInfo.class
/files//org/apache/log4j/helpers/PatternParser$BasicPatternConverter.class
/files//org/apache/log4j/helpers/PatternConverter.class
/files//org/apache/log4j/helpers/PatternParser$LiteralPatternConverter.class
/files//org/apache/log4j/config/PropertySetterException.class
/cheerpj_dist/4.2/17/lib/modules
/cheerpj_dist/4.2/17/lib/modules
/files//org/apache/log4j/PatternLayoutBeanInfo.class
/cheerpj_dist/4.2/17/lib/modules
/files//org/apache/log4j/PatternLayoutBeanInfo.class
/files//org/apache/log4j/LayoutBeanInfo.class
/files//org/apache/log4j/LayoutBeanInfo.class
/cheerpj_dist/4.2/17/lib/modules
/cheerpj_dist/4.2/17/lib/modules
/files//org/apache/log4j/LayoutCustomizer.class
/files//org/apache/log4j/LayoutCustomizer.class
/files//org/apache/log4j/spi/LoggingEvent.class
/files//org/apache/log4j/PatternLayoutCustomizer.class
/files//org/apache/log4j/PatternLayoutCustomizer.class
/files//org/apache/log4j/helpers/ISO8601DateFormat.class
/files//org/apache/log4j/helpers/AbsoluteTimeDateFormat.class
/cheerpj_dist/4.2/etc/timezone
/cheerpj_dist/4.2/17/lib/tzdb.dat
/files//org/apache/log4j/helpers/QuietWriter.class
/files//org/apache/log4j/helpers/AppenderAttachableImpl.class
/files//org/apache/log4j/CategoryKey.class
/files//org/apache/log4j/ProvisionNode.class
/files//com/fs/starfarer/settings/StarfarerSettings.class
/files//starfarer_obf_unsigned.jar
/files//starfarer_obf_unsigned.jar
/files//com/fs/graphics/A/ooOOOOOOOOOOOOOOOOOOOOOOOOOOOOOOOOOOOOOOOOOOOOOOOOOOOOOOOOOOOOOOOOOOOOOOOOOOOOOOOOOOOOOOOOOOOOOOOOOOOOOOOOOOOOOOOOOOOOOOOOOOOOOOOOOOOOOOOOOOOOOOOOOOOOOOOOOOOOOOOOOOOOOOOOOOOOOOOOOOOOOOOOOOOOOOOOOOOOOOOOOOOOOOOOOOOOOOOOOOOOOOOOOOOOOOOOOOOOOOOOOOOOOOOOOOOOOO.class
/files//com/fs/starfarer/settings/A.class
/files//org/json/JSONObject.class
/files//org/json/JSONObject$Null.class
/starsector_v44.html
/cheerpj_dist/4.2/cj3.wasm
/cheerpj_dist/4.2/c.html
/cheerpj_dist/4.2/cj3n17.wasm
/cheerpj_dist/4.2/17/lib/modules
/cheerpj_dist/4.2/17/lib/modules
/cheerpj_dist/4.2/17/lib/modules
/cheerpj_dist/4.2/17/lib/modules
/cheerpj_dist/4.2/17/lib/modules
/cheerpj_dist/4.2/17/lib/modules
/cheerpj_dist/4.2/17/lib/modules
/cheerpj_dist/4.2/17/lib/modules
/cheerpj_dist/4.2/17/lib/modules
/cheerpj_dist/4.2/17/lib/modules
/cheerpj_dist/4.2/17/lib/modules
/cheerpj_dist/4.2/17/lib/modules
/cheerpj_dist/4.2/17/lib/modules
/cheerpj_dist/4.2/17/lib/modules
/sw.js
/cheerpj_dist/4.2/17/lib/modules
/cheerpj_dist/4.2/17/lib/modules
/cheerpj_dist/4.2/17/lib/modules
/cheerpj_dist/4.2/17/lib/modules
/cheerpj_dist/4.2/17/lib/modules
/cheerpj_dist/4.2/etc/users
/cheerpj_dist/4.2/etc/localtime
/cheerpj_dist/4.2/17/lib/modules
/cheerpj_dist/4.2/17/lib/modules
/cheerpj_dist/4.2/17/lib/modules
/cheerpj_dist/4.2/17/lib/modules
/cheerpj_dist/4.2/17/lib/modules
/cheerpj_dist/4.2/17/lib/modules
/cheerpj_dist/4.2/17/lib/modules
/cheerpj_dist/4.2/17/lib/modules
/cheerpj_dist/4.2/17/lib/modules
/cheerpj_dist/4.2/17/lib/modules
/cheerpj_dist/4.2/17/jre/lib/cheerpj-handlers.jar
/cheerpj_dist/4.2/17/lib/modules
/cheerpj_dist/4.2/17/jre/lib/cheerpj-handlers.jar
/cheerpj_dist/4.2/17/jre/lib/cheerpj-awt.jar
/cheerpj_dist/4.2/17/jre/lib/cheerpj-awt.jar
/cheerpj_dist/4.2/17/jre/lib/cheerpj-jsobject.jar
/cheerpj_dist/4.2/17/jre/lib/cheerpj-jsobject.jar
/files//janino.jar
/files//commons-compiler.jar
/files//commons-compiler-jdk.jar
/files//starfarer.api.jar
/files//starfarer_obf_unsigned.jar
/files//jogg-0.0.7.jar
/files//jorbis-0.0.15.jar
/files//json.jar
/files//lwjgl.jar
/files//jinput.jar
/files//log4j-1.2.9.jar
/files//lwjgl_util.jar
/files//fs.sound_obf.jar
/files//fs.common_obf.jar
/files//xstream-1.4.10.jar
/files//txw2-3.0.2.jar
/files//jaxb-api-2.4.0-b180830.0359.jar
/files//webp-imageio-0.1.6.jar
/files/config.jar
/cheerpj_dist/4.2/17/lib/modules
/cheerpj_dist/4.2/17/lib/modules
/cheerpj_dist/4.2/17/lib/modules
/cheerpj_dist/4.2/17/lib/modules
/cheerpj_dist/4.2/17/lib/modules
/cheerpj_dist/4.2/17/lib/modules
/files//com/fs/starfarer/combat/CombatMain.class
/files//janino.jar
/files//janino.jar
/files//janino.jar
/files//commons-compiler.jar
/files//commons-compiler-jdk.jar
/files//starfarer.api.jar
/files//starfarer.api.jar
/files//starfarer.api.jar
/files//starfarer.api.jar
/files//starfarer.api.jar
/files//starfarer_obf_unsigned.jar
/files//starfarer_obf_unsigned.jar
/files//starfarer_obf_unsigned.jar
/files//starfarer_obf_unsigned.jar
/files//starfarer_obf_unsigned.jar
/files//starfarer_obf_unsigned.jar
/files//starfarer_obf_unsigned.jar
/files//com/fs/util/DoNotObfuscate.class
/files//jogg-0.0.7.jar
/files//jorbis-0.0.15.jar
/files//json.jar
/files//lwjgl.jar
/files//lwjgl.jar
/files//lwjgl.jar
/files//lwjgl.jar
/files//jinput.jar
/files//jinput.jar
/files//log4j-1.2.9.jar
/files//log4j-1.2.9.jar
/files//log4j-1.2.9.jar
/files//lwjgl_util.jar
/files//lwjgl_util.jar
/files//fs.sound_obf.jar
/files//fs.common_obf.jar
/files//fs.common_obf.jar
/files//fs.common_obf.jar
/cheerpj_dist/4.2/17/lib/modules
/cheerpj_dist/4.2/17/lib/modules
/cheerpj_dist/4.2/17/lib/modules
/cheerpj_dist/4.2/17/lib/modules
/files//org/apache/log4j/Logger.class
/files//org/apache/log4j/Category.class
/files//org/apache/log4j/spi/AppenderAttachable.class
/files//org/apache/log4j/Level.class
/files//org/apache/log4j/Priority.class
/files//org/apache/log4j/LogManager.class
/files//org/apache/log4j/Hierarchy.class
/files//org/apache/log4j/spi/LoggerRepository.class
/files//org/apache/log4j/spi/RendererSupport.class
/files//org/apache/log4j/spi/RootLogger.class
/files//org/apache/log4j/or/RendererMap.class
/cheerpj_dist/4.2/17/lib/modules
/files//org/apache/log4j/or/DefaultRenderer.class
/files//org/apache/log4j/or/ObjectRenderer.class
/files//org/apache/log4j/DefaultCategoryFactory.class
/files//org/apache/log4j/spi/LoggerFactory.class
/files//org/apache/log4j/spi/DefaultRepositorySelector.class
/files//org/apache/log4j/spi/RepositorySelector.class
/files//org/apache/log4j/helpers/OptionConverter.class
/files//org/apache/log4j/helpers/Loader.class
/cheerpj_dist/4.2/17/lib/modules
/files//org/apache/log4j/helpers/LogLog.class
/files//log4j.xml
/files//org/apache/log4j/spi/Configurator.class
/files//org/apache/log4j/xml/DOMConfigurator.class
/cheerpj_dist/4.2/17/lib/modules
/cheerpj_dist/4.2/17/lib/modules
/cheerpj_dist/4.2/17/lib/modules
/cheerpj_dist/4.2/17/lib/modules
/cheerpj_dist/4.2/17/lib/modules
/cheerpj_dist/4.2/17/conf/jaxp.properties
/files//META-INF/services/javax.xml.parsers.DocumentBuilderFactory
/files//xstream-1.4.10.jar
/files//xstream-1.4.10.jar
/files//xstream-1.4.10.jar
/files//txw2-3.0.2.jar
/files//jaxb-api-2.4.0-b180830.0359.jar
/files//webp-imageio-0.1.6.jar
/files//webp-imageio-0.1.6.jar
/files/config.jar
/files//META-INF/services/javax.xml.parsers.DocumentBuilderFactory
/cheerpj_dist/4.2/17/lib/modules
/cheerpj_dist/4.2/17/lib/modules
/cheerpj_dist/4.2/17/lib/modules
/cheerpj_dist/4.2/17/conf/jaxp.properties
/cheerpj_dist/4.2/17/lib/modules
/cheerpj_dist/4.2/17/lib/modules
/cheerpj_dist/4.2/17/lib/modules
/cheerpj_dist/4.2/17/lib/modules
/cheerpj_dist/4.2/17/lib/modules
/cheerpj_dist/4.2/17/lib/modules
/cheerpj_dist/4.2/17/lib/modules
/cheerpj_dist/4.2/17/lib/modules
/cheerpj_dist/4.2/17/lib/modules
/files//org/apache/log4j/xml/SAXErrorHandler.class
/files//org/apache/log4j/xml/Log4jEntityResolver.class
/files//log4j.xml
/cheerpj_dist/4.2/17/lib/modules
/files//org/apache/log4j/xml/log4j.dtd
/files//org/apache/log4j/config/PropertySetter.class
/files//org/apache/log4j/Appender.class
/files//org/apache/log4j/ConsoleAppender.class
/files//org/apache/log4j/WriterAppender.class
/files//org/apache/log4j/AppenderSkeleton.class
/files//org/apache/log4j/spi/OptionHandler.class
/files//org/apache/log4j/Layout.class
/files//org/apache/log4j/helpers/OnlyOnceErrorHandler.class
/files//org/apache/log4j/spi/ErrorHandler.class
/files//org/apache/log4j/PatternLayout.class
/files//org/apache/log4j/helpers/PatternParser.class
/files//org/apache/log4j/helpers/FormattingInfo.class
/files//org/apache/log4j/helpers/PatternParser$BasicPatternConverter.class
/files//org/apache/log4j/helpers/PatternConverter.class
/files//org/apache/log4j/helpers/PatternParser$LiteralPatternConverter.class
/files//org/apache/log4j/config/PropertySetterException.class
/cheerpj_dist/4.2/17/lib/modules
/cheerpj_dist/4.2/17/lib/modules
/files//org/apache/log4j/PatternLayoutBeanInfo.class
/cheerpj_dist/4.2/17/lib/modules
/files//org/apache/log4j/PatternLayoutBeanInfo.class
/files//org/apache/log4j/LayoutBeanInfo.class
/files//org/apache/log4j/LayoutBeanInfo.class
/cheerpj_dist/4.2/17/lib/modules
/cheerpj_dist/4.2/17/lib/modules
/files//org/apache/log4j/LayoutCustomizer.class
/files//org/apache/log4j/LayoutCustomizer.class
/files//org/apache/log4j/spi/LoggingEvent.class
/files//org/apache/log4j/PatternLayoutCustomizer.class
/files//org/apache/log4j/PatternLayoutCustomizer.class
/files//org/apache/log4j/helpers/ISO8601DateFormat.class
/files//org/apache/log4j/helpers/AbsoluteTimeDateFormat.class
/cheerpj_dist/4.2/etc/timezone
/cheerpj_dist/4.2/17/lib/tzdb.dat
/files//org/apache/log4j/helpers/QuietWriter.class
/files//org/apache/log4j/helpers/AppenderAttachableImpl.class
/files//org/apache/log4j/CategoryKey.class
/files//org/apache/log4j/ProvisionNode.class
/files//com/fs/starfarer/settings/StarfarerSettings.class
/files//starfarer_obf_unsigned.jar
/files//starfarer_obf_unsigned.jar
/files//com/fs/graphics/A/ooOOOOOOOOOOOOOOOOOOOOOOOOOOOOOOOOOOOOOOOOOOOOOOOOOOOOOOOOOOOOOOOOOOOOOOOOOOOOOOOOOOOOOOOOOOOOOOOOOOOOOOOOOOOOOOOOOOOOOOOOOOOOOOOOOOOOOOOOOOOOOOOOOOOOOOOOOOOOOOOOOOOOOOOOOOOOOOOOOOOOOOOOOOOOOOOOOOOOOOOOOOOOOOOOOOOOOOOOOOOOOOOOOOOOOOOOOOOOOOOOOOOOOOOOOOOOOO.class
/files//com/fs/starfarer/settings/A.class
/files//org/json/JSONObject.class
/files//org/json/JSONObject$Null.class
/starsector_v44.html
/cheerpj_dist/4.2/cj3.wasm
/cheerpj_dist/4.2/c.html
/cheerpj_dist/4.2/cj3n17.wasm
/cheerpj_dist/4.2/17/lib/modules
/cheerpj_dist/4.2/17/lib/modules
/cheerpj_dist/4.2/17/lib/modules
/cheerpj_dist/4.2/17/lib/modules
/cheerpj_dist/4.2/17/lib/modules
/cheerpj_dist/4.2/17/lib/modules
/cheerpj_dist/4.2/17/lib/modules
/cheerpj_dist/4.2/17/lib/modules
/cheerpj_dist/4.2/17/lib/modules
/cheerpj_dist/4.2/17/lib/modules
/cheerpj_dist/4.2/17/lib/modules
/cheerpj_dist/4.2/17/lib/modules
/cheerpj_dist/4.2/17/lib/modules
/cheerpj_dist/4.2/17/lib/modules
/sw.js
/cheerpj_dist/4.2/17/lib/modules
/cheerpj_dist/4.2/17/lib/modules
/cheerpj_dist/4.2/17/lib/modules
/cheerpj_dist/4.2/17/lib/modules
/cheerpj_dist/4.2/17/lib/modules
/cheerpj_dist/4.2/etc/users
/cheerpj_dist/4.2/etc/localtime
/cheerpj_dist/4.2/17/lib/modules
/cheerpj_dist/4.2/17/lib/modules
/cheerpj_dist/4.2/17/lib/modules
/cheerpj_dist/4.2/17/lib/modules
/cheerpj_dist/4.2/17/lib/modules
/cheerpj_dist/4.2/17/lib/modules
/cheerpj_dist/4.2/17/lib/modules
/cheerpj_dist/4.2/17/lib/modules
/cheerpj_dist/4.2/17/lib/modules
/cheerpj_dist/4.2/17/lib/modules
/cheerpj_dist/4.2/17/lib/modules
/cheerpj_dist/4.2/17/jre/lib/cheerpj-handlers.jar
/cheerpj_dist/4.2/17/lib/modules
/cheerpj_dist/4.2/17/jre/lib/cheerpj-handlers.jar
/cheerpj_dist/4.2/17/jre/lib/cheerpj-awt.jar
/cheerpj_dist/4.2/17/jre/lib/cheerpj-awt.jar
/cheerpj_dist/4.2/17/jre/lib/cheerpj-jsobject.jar
/cheerpj_dist/4.2/17/jre/lib/cheerpj-jsobject.jar
/files//janino.jar
/files//commons-compiler.jar
/files//commons-compiler-jdk.jar
/files//starfarer.api.jar
/files//starfarer_obf_unsigned.jar
/files//jogg-0.0.7.jar
/files//jorbis-0.0.15.jar
/files//json.jar
/files//lwjgl.jar
/files//jinput.jar
/files//log4j-1.2.9.jar
/files//lwjgl_util.jar
/files//fs.sound_obf.jar
/files//fs.common_obf.jar
/files//xstream-1.4.10.jar
/files//txw2-3.0.2.jar
/files//jaxb-api-2.4.0-b180830.0359.jar
/files//webp-imageio-0.1.6.jar
/files/config.jar
/cheerpj_dist/4.2/17/lib/modules
/cheerpj_dist/4.2/17/lib/modules
/cheerpj_dist/4.2/17/lib/modules
/cheerpj_dist/4.2/17/lib/modules
/cheerpj_dist/4.2/17/lib/modules
/cheerpj_dist/4.2/17/lib/modules
/files//com/fs/starfarer/combat/CombatMain.class
/files//janino.jar
/files//janino.jar
/files//janino.jar
/files//commons-compiler.jar
/files//commons-compiler-jdk.jar
/files//starfarer.api.jar
/files//starfarer.api.jar
/files//starfarer.api.jar
/files//starfarer.api.jar
/files//starfarer_obf_unsigned.jar
/files//starfarer_obf_unsigned.jar
/files//starfarer_obf_unsigned.jar
/files//starfarer_obf_unsigned.jar
/files//starfarer_obf_unsigned.jar
/files//starfarer_obf_unsigned.jar
/files//com/fs/util/DoNotObfuscate.class
/files//jogg-0.0.7.jar
/files//jorbis-0.0.15.jar
/files//json.jar
/files//lwjgl.jar
/files//lwjgl.jar
/files//lwjgl.jar
/files//lwjgl.jar
/files//jinput.jar
/files//jinput.jar
/files//log4j-1.2.9.jar
/files//log4j-1.2.9.jar
/files//log4j-1.2.9.jar
/files//lwjgl_util.jar
/files//lwjgl_util.jar
/files//fs.sound_obf.jar
/files//fs.common_obf.jar
/files//fs.common_obf.jar
/files//fs.common_obf.jar
/cheerpj_dist/4.2/17/lib/modules
/cheerpj_dist/4.2/17/lib/modules
/cheerpj_dist/4.2/17/lib/modules
/files//org/apache/log4j/Logger.class
/cheerpj_dist/4.2/17/lib/modules
/files//org/apache/log4j/Category.class
/files//org/apache/log4j/spi/AppenderAttachable.class
/files//org/apache/log4j/Level.class
/files//org/apache/log4j/Priority.class
/files//org/apache/log4j/LogManager.class
/files//org/apache/log4j/Hierarchy.class
/files//org/apache/log4j/spi/LoggerRepository.class
/files//org/apache/log4j/spi/RendererSupport.class
/files//org/apache/log4j/spi/RootLogger.class
/files//org/apache/log4j/or/RendererMap.class
/files//org/apache/log4j/or/DefaultRenderer.class
/cheerpj_dist/4.2/17/lib/modules
/files//org/apache/log4j/or/ObjectRenderer.class
/files//org/apache/log4j/DefaultCategoryFactory.class
/files//org/apache/log4j/spi/LoggerFactory.class
/files//org/apache/log4j/spi/DefaultRepositorySelector.class
/files//org/apache/log4j/spi/RepositorySelector.class
/files//org/apache/log4j/helpers/OptionConverter.class
/files//org/apache/log4j/helpers/Loader.class
/cheerpj_dist/4.2/17/lib/modules
/files//org/apache/log4j/helpers/LogLog.class
/files//log4j.xml
/files//org/apache/log4j/spi/Configurator.class
/files//org/apache/log4j/xml/DOMConfigurator.class
/cheerpj_dist/4.2/17/lib/modules
/cheerpj_dist/4.2/17/lib/modules
/cheerpj_dist/4.2/17/lib/modules
/cheerpj_dist/4.2/17/lib/modules
/cheerpj_dist/4.2/17/lib/modules
/cheerpj_dist/4.2/17/conf/jaxp.properties
/files//META-INF/services/javax.xml.parsers.DocumentBuilderFactory
/files//xstream-1.4.10.jar
/files//xstream-1.4.10.jar
/files//xstream-1.4.10.jar
/files//txw2-3.0.2.jar
/files//jaxb-api-2.4.0-b180830.0359.jar
/files//webp-imageio-0.1.6.jar
/files//webp-imageio-0.1.6.jar
/files//webp-imageio-0.1.6.jar
/files/config.jar
/files//META-INF/services/javax.xml.parsers.DocumentBuilderFactory
/cheerpj_dist/4.2/17/lib/modules
/cheerpj_dist/4.2/17/lib/modules
/cheerpj_dist/4.2/17/conf/jaxp.properties
/cheerpj_dist/4.2/17/lib/modules
/cheerpj_dist/4.2/17/lib/modules
/cheerpj_dist/4.2/17/lib/modules
/cheerpj_dist/4.2/17/lib/modules
/cheerpj_dist/4.2/17/lib/modules
/cheerpj_dist/4.2/17/lib/modules
/cheerpj_dist/4.2/17/lib/modules
/cheerpj_dist/4.2/17/lib/modules
/files//org/apache/log4j/xml/SAXErrorHandler.class
/files//org/apache/log4j/xml/Log4jEntityResolver.class
/files//log4j.xml
/cheerpj_dist/4.2/17/lib/modules
/files//org/apache/log4j/xml/log4j.dtd
/files//org/apache/log4j/config/PropertySetter.class
/files//org/apache/log4j/Appender.class
/files//org/apache/log4j/ConsoleAppender.class
/files//org/apache/log4j/WriterAppender.class
/files//org/apache/log4j/AppenderSkeleton.class
/files//org/apache/log4j/spi/OptionHandler.class
/files//org/apache/log4j/Layout.class
/files//org/apache/log4j/helpers/OnlyOnceErrorHandler.class
/files//org/apache/log4j/spi/ErrorHandler.class
/files//org/apache/log4j/PatternLayout.class
/files//org/apache/log4j/helpers/PatternParser.class
/files//org/apache/log4j/helpers/FormattingInfo.class
/files//org/apache/log4j/helpers/PatternParser$BasicPatternConverter.class
/files//org/apache/log4j/helpers/PatternConverter.class
/files//org/apache/log4j/helpers/PatternParser$LiteralPatternConverter.class
/files//org/apache/log4j/config/PropertySetterException.class
/cheerpj_dist/4.2/17/lib/modules
/cheerpj_dist/4.2/17/lib/modules
/files//org/apache/log4j/PatternLayoutBeanInfo.class
/cheerpj_dist/4.2/17/lib/modules
/files//org/apache/log4j/PatternLayoutBeanInfo.class
/files//org/apache/log4j/LayoutBeanInfo.class
/files//org/apache/log4j/LayoutBeanInfo.class
/cheerpj_dist/4.2/17/lib/modules
/cheerpj_dist/4.2/17/lib/modules
/files//org/apache/log4j/LayoutCustomizer.class
/files//org/apache/log4j/LayoutCustomizer.class
/files//org/apache/log4j/spi/LoggingEvent.class
/files//org/apache/log4j/PatternLayoutCustomizer.class
/files//org/apache/log4j/PatternLayoutCustomizer.class
/files//org/apache/log4j/helpers/ISO8601DateFormat.class
/files//org/apache/log4j/helpers/AbsoluteTimeDateFormat.class
/cheerpj_dist/4.2/etc/timezone
/cheerpj_dist/4.2/17/lib/tzdb.dat
/files//org/apache/log4j/helpers/QuietWriter.class
/files//org/apache/log4j/helpers/AppenderAttachableImpl.class
/files//org/apache/log4j/CategoryKey.class
/files//org/apache/log4j/ProvisionNode.class
/files//com/fs/starfarer/settings/StarfarerSettings.class
/files//starfarer_obf_unsigned.jar
/files//starfarer_obf_unsigned.jar
/files//com/fs/graphics/A/ooOOOOOOOOOOOOOOOOOOOOOOOOOOOOOOOOOOOOOOOOOOOOOOOOOOOOOOOOOOOOOOOOOOOOOOOOOOOOOOOOOOOOOOOOOOOOOOOOOOOOOOOOOOOOOOOOOOOOOOOOOOOOOOOOOOOOOOOOOOOOOOOOOOOOOOOOOOOOOOOOOOOOOOOOOOOOOOOOOOOOOOOOOOOOOOOOOOOOOOOOOOOOOOOOOOOOOOOOOOOOOOOOOOOOOOOOOOOOOOOOOOOOOOOOOOOOOO.class
/files//com/fs/starfarer/settings/A.class
/files//org/json/JSONObject.class
/files//org/json/JSONObject$Null.class
/starsector_v44.html
/cheerpj_dist/4.2/cj3.wasm
/cheerpj_dist/4.2/c.html
/cheerpj_dist/4.2/cj3n17.wasm
/cheerpj_dist/4.2/17/lib/modules
/cheerpj_dist/4.2/17/lib/modules
/cheerpj_dist/4.2/17/lib/modules
/cheerpj_dist/4.2/17/lib/modules
/cheerpj_dist/4.2/17/lib/modules
/cheerpj_dist/4.2/17/lib/modules
/cheerpj_dist/4.2/17/lib/modules
/cheerpj_dist/4.2/17/lib/modules
/sw.js
/cheerpj_dist/4.2/17/lib/modules
/cheerpj_dist/4.2/17/lib/modules
/cheerpj_dist/4.2/17/lib/modules
/cheerpj_dist/4.2/17/lib/modules
/cheerpj_dist/4.2/17/lib/modules
/cheerpj_dist/4.2/17/lib/modules
/cheerpj_dist/4.2/17/lib/modules
/cheerpj_dist/4.2/17/lib/modules
/cheerpj_dist/4.2/17/lib/modules
/cheerpj_dist/4.2/17/lib/modules
/cheerpj_dist/4.2/17/lib/modules
/cheerpj_dist/4.2/etc/users
/cheerpj_dist/4.2/etc/localtime
/cheerpj_dist/4.2/17/lib/modules
/cheerpj_dist/4.2/17/lib/modules
/cheerpj_dist/4.2/17/lib/modules
/cheerpj_dist/4.2/17/lib/modules
/cheerpj_dist/4.2/17/lib/modules
/cheerpj_dist/4.2/17/lib/modules
/cheerpj_dist/4.2/17/lib/modules
/cheerpj_dist/4.2/17/lib/modules
/cheerpj_dist/4.2/17/lib/modules
/cheerpj_dist/4.2/17/lib/modules
/cheerpj_dist/4.2/17/lib/modules
/cheerpj_dist/4.2/17/jre/lib/cheerpj-handlers.jar
/cheerpj_dist/4.2/17/lib/modules
/cheerpj_dist/4.2/17/jre/lib/cheerpj-handlers.jar
/cheerpj_dist/4.2/17/jre/lib/cheerpj-awt.jar
/cheerpj_dist/4.2/17/jre/lib/cheerpj-awt.jar
/cheerpj_dist/4.2/17/jre/lib/cheerpj-jsobject.jar
/cheerpj_dist/4.2/17/jre/lib/cheerpj-jsobject.jar
/files/janino.jar
/files/commons-compiler.jar
/files/commons-compiler-jdk.jar
/files/starfarer.api.jar
/files/starfarer_obf.jar
/files/jogg-0.0.7.jar
/files/jorbis-0.0.15.jar
/files/json.jar
/files/lwjgl.jar
/files/jinput.jar
/files/log4j-1.2.9.jar
/files/lwjgl_util.jar
/files/fs.sound_obf.jar
/files/fs.common_obf.jar
/files/xstream-1.4.10.jar
/files/txw2-3.0.2.jar
/files/jaxb-api-2.4.0-b180830.0359.jar
/files/webp-imageio-0.1.6.jar
/files/config.jar
/cheerpj_dist/4.2/17/lib/modules
/cheerpj_dist/4.2/17/lib/modules
/cheerpj_dist/4.2/17/lib/modules
/cheerpj_dist/4.2/17/lib/modules
/cheerpj_dist/4.2/17/lib/modules
/files//com/fs/starfarer/combat/CombatMain.class
/files/janino.jar
/files/janino.jar
/files/janino.jar
/files/commons-compiler.jar
/files/commons-compiler-jdk.jar
/files/starfarer.api.jar
/files/starfarer.api.jar
/files/starfarer.api.jar
/files/starfarer.api.jar
/files/starfarer.api.jar
/files/starfarer_obf.jar
/files/starfarer_obf.jar
/files/starfarer_obf.jar
/files/starfarer_obf.jar
/files/starfarer_obf.jar
/files/starfarer_obf.jar
/files/starfarer_obf.jar
/files//com/fs/util/DoNotObfuscate.class
/files/jogg-0.0.7.jar
/files/jorbis-0.0.15.jar
/files/json.jar
/files/lwjgl.jar
/files/lwjgl.jar
/files/lwjgl.jar
/files/lwjgl.jar
/files/jinput.jar
/files/jinput.jar
/files/log4j-1.2.9.jar
/files/log4j-1.2.9.jar
/files/log4j-1.2.9.jar
/files/lwjgl_util.jar
/files/lwjgl_util.jar
/files/fs.sound_obf.jar
/files/fs.common_obf.jar
/files/fs.common_obf.jar
/files/fs.common_obf.jar
/cheerpj_dist/4.2/17/lib/modules
/cheerpj_dist/4.2/17/lib/modules
/cheerpj_dist/4.2/17/lib/modules
/files//org/apache/log4j/Logger.class
/cheerpj_dist/4.2/17/lib/modules
/files//org/apache/log4j/Category.class
/files//org/apache/log4j/spi/AppenderAttachable.class
/files//org/apache/log4j/Level.class
/files//org/apache/log4j/Priority.class
/files//org/apache/log4j/LogManager.class
/files//org/apache/log4j/Hierarchy.class
/files//org/apache/log4j/spi/LoggerRepository.class
/files//org/apache/log4j/spi/RendererSupport.class
/files//org/apache/log4j/spi/RootLogger.class
/files//org/apache/log4j/or/RendererMap.class
/cheerpj_dist/4.2/17/lib/modules
/files//org/apache/log4j/or/DefaultRenderer.class
/files//org/apache/log4j/or/ObjectRenderer.class
/files//org/apache/log4j/DefaultCategoryFactory.class
/files//org/apache/log4j/spi/LoggerFactory.class
/files//org/apache/log4j/spi/DefaultRepositorySelector.class
/files//org/apache/log4j/spi/RepositorySelector.class
/files//org/apache/log4j/helpers/OptionConverter.class
/files//org/apache/log4j/helpers/Loader.class
/cheerpj_dist/4.2/17/lib/modules
/files//org/apache/log4j/helpers/LogLog.class
/files//log4j.xml
/files//org/apache/log4j/spi/Configurator.class
/files//org/apache/log4j/xml/DOMConfigurator.class
/cheerpj_dist/4.2/17/lib/modules
/cheerpj_dist/4.2/17/lib/modules
/cheerpj_dist/4.2/17/lib/modules
/cheerpj_dist/4.2/17/lib/modules
/cheerpj_dist/4.2/17/lib/modules
/cheerpj_dist/4.2/17/conf/jaxp.properties
/files//META-INF/services/javax.xml.parsers.DocumentBuilderFactory
/files/xstream-1.4.10.jar
/files/xstream-1.4.10.jar
/files/txw2-3.0.2.jar
/files/jaxb-api-2.4.0-b180830.0359.jar
/files/webp-imageio-0.1.6.jar
/files/webp-imageio-0.1.6.jar
/files/webp-imageio-0.1.6.jar
/files/config.jar
/files//META-INF/services/javax.xml.parsers.DocumentBuilderFactory
/cheerpj_dist/4.2/17/lib/modules
/cheerpj_dist/4.2/17/lib/modules
/cheerpj_dist/4.2/17/conf/jaxp.properties
/cheerpj_dist/4.2/17/lib/modules
/cheerpj_dist/4.2/17/lib/modules
/cheerpj_dist/4.2/17/lib/modules
/cheerpj_dist/4.2/17/lib/modules
/cheerpj_dist/4.2/17/lib/modules
/cheerpj_dist/4.2/17/lib/modules
/cheerpj_dist/4.2/17/lib/modules
/cheerpj_dist/4.2/17/lib/modules
/cheerpj_dist/4.2/17/lib/modules
/files//org/apache/log4j/xml/SAXErrorHandler.class
/files//org/apache/log4j/xml/Log4jEntityResolver.class
/files//log4j.xml
/cheerpj_dist/4.2/17/lib/modules
/files//org/apache/log4j/xml/log4j.dtd
/files//org/apache/log4j/config/PropertySetter.class
/files//org/apache/log4j/Appender.class
/files//org/apache/log4j/ConsoleAppender.class
/files//org/apache/log4j/WriterAppender.class
/files//org/apache/log4j/AppenderSkeleton.class
/files//org/apache/log4j/spi/OptionHandler.class
/files//org/apache/log4j/Layout.class
/files//org/apache/log4j/helpers/OnlyOnceErrorHandler.class
/files//org/apache/log4j/spi/ErrorHandler.class
/files//org/apache/log4j/PatternLayout.class
/files//org/apache/log4j/helpers/PatternParser.class
/files//org/apache/log4j/helpers/FormattingInfo.class
/files//org/apache/log4j/helpers/PatternParser$BasicPatternConverter.class
/files//org/apache/log4j/helpers/PatternConverter.class
/files//org/apache/log4j/helpers/PatternParser$LiteralPatternConverter.class
/files//org/apache/log4j/config/PropertySetterException.class
/cheerpj_dist/4.2/17/lib/modules
/cheerpj_dist/4.2/17/lib/modules
/files//org/apache/log4j/PatternLayoutBeanInfo.class
/cheerpj_dist/4.2/17/lib/modules
/files//org/apache/log4j/PatternLayoutBeanInfo.class
/files//org/apache/log4j/LayoutBeanInfo.class
/files//org/apache/log4j/LayoutBeanInfo.class
/cheerpj_dist/4.2/17/lib/modules
/cheerpj_dist/4.2/17/lib/modules
/files//org/apache/log4j/LayoutCustomizer.class
/files//org/apache/log4j/LayoutCustomizer.class
/files//org/apache/log4j/spi/LoggingEvent.class
/files//org/apache/log4j/PatternLayoutCustomizer.class
/files//org/apache/log4j/PatternLayoutCustomizer.class
/files//org/apache/log4j/helpers/ISO8601DateFormat.class
/files//org/apache/log4j/helpers/AbsoluteTimeDateFormat.class
/cheerpj_dist/4.2/etc/timezone
/cheerpj_dist/4.2/17/lib/tzdb.dat
/files//org/apache/log4j/helpers/QuietWriter.class
/files//org/apache/log4j/helpers/AppenderAttachableImpl.class
/files//org/apache/log4j/CategoryKey.class
/files//org/apache/log4j/ProvisionNode.class
/files//com/fs/starfarer/settings/StarfarerSettings.class
/files/starfarer_obf.jar
/files/starfarer_obf.jar
/files//com/fs/graphics/A/ooOOOOOOOOOOOOOOOOOOOOOOOOOOOOOOOOOOOOOOOOOOOOOOOOOOOOOOOOOOOOOOOOOOOOOOOOOOOOOOOOOOOOOOOOOOOOOOOOOOOOOOOOOOOOOOOOOOOOOOOOOOOOOOOOOOOOOOOOOOOOOOOOOOOOOOOOOOOOOOOOOOOOOOOOOOOOOOOOOOOOOOOOOOOOOOOOOOOOOOOOOOOOOOOOOOOOOOOOOOOOOOOOOOOOOOOOOOOOOOOOOOOOOOOOOOOOOO.class
/files//com/fs/starfarer/settings/A.class
/files/starfarer_obf.jar
/files//org/json/JSONObject.class
/files//org/json/JSONObject$Null.class
/starsector_v44.html
/cheerpj_dist/4.2/cj3.wasm
/cheerpj_dist/4.2/c.html
/cheerpj_dist/4.2/cj3n17.wasm
/cheerpj_dist/4.2/17/lib/modules
/cheerpj_dist/4.2/17/lib/modules
/cheerpj_dist/4.2/17/lib/modules
/cheerpj_dist/4.2/17/lib/modules
/cheerpj_dist/4.2/17/lib/modules
/cheerpj_dist/4.2/17/lib/modules
/cheerpj_dist/4.2/17/lib/modules
/cheerpj_dist/4.2/17/lib/modules
/cheerpj_dist/4.2/17/lib/modules
/cheerpj_dist/4.2/17/lib/modules
/cheerpj_dist/4.2/17/lib/modules
/cheerpj_dist/4.2/17/lib/modules
/cheerpj_dist/4.2/17/lib/modules
/sw.js
/cheerpj_dist/4.2/17/lib/modules
/cheerpj_dist/4.2/17/lib/modules
/cheerpj_dist/4.2/17/lib/modules
/cheerpj_dist/4.2/17/lib/modules
/cheerpj_dist/4.2/17/lib/modules
/cheerpj_dist/4.2/17/lib/modules
/cheerpj_dist/4.2/17/lib/modules
/cheerpj_dist/4.2/etc/users
/cheerpj_dist/4.2/etc/localtime
/cheerpj_dist/4.2/17/lib/modules
/cheerpj_dist/4.2/17/lib/modules
/cheerpj_dist/4.2/17/lib/modules
/cheerpj_dist/4.2/17/lib/modules
/cheerpj_dist/4.2/17/lib/modules
/cheerpj_dist/4.2/17/lib/modules
/cheerpj_dist/4.2/17/lib/modules
/cheerpj_dist/4.2/17/lib/modules
/cheerpj_dist/4.2/17/lib/modules
/cheerpj_dist/4.2/17/lib/modules
/cheerpj_dist/4.2/17/jre/lib/cheerpj-handlers.jar
/cheerpj_dist/4.2/17/lib/modules
/cheerpj_dist/4.2/17/lib/modules
/cheerpj_dist/4.2/17/jre/lib/cheerpj-handlers.jar
/cheerpj_dist/4.2/17/jre/lib/cheerpj-awt.jar
/cheerpj_dist/4.2/17/jre/lib/cheerpj-awt.jar
/cheerpj_dist/4.2/17/jre/lib/cheerpj-jsobject.jar
/cheerpj_dist/4.2/17/jre/lib/cheerpj-jsobject.jar
/files/janino.jar
/files/commons-compiler.jar
/files/commons-compiler-jdk.jar
/files/starfarer.api.jar
/files/starfarer_obf.jar
/files/jogg-0.0.7.jar
/files/jorbis-0.0.15.jar
/files/json.jar
/files/lwjgl.jar
/files/jinput.jar
/files/log4j-1.2.9.jar
/files/lwjgl_util.jar
/files/fs.sound_obf.jar
/files/fs.common_obf.jar
/files/xstream-1.4.10.jar
/files/txw2-3.0.2.jar
/files/jaxb-api-2.4.0-b180830.0359.jar
/files/webp-imageio-0.1.6.jar
/files/config.jar
/cheerpj_dist/4.2/17/lib/modules
/cheerpj_dist/4.2/17/lib/modules
/cheerpj_dist/4.2/17/lib/modules
/cheerpj_dist/4.2/17/lib/modules
/cheerpj_dist/4.2/17/lib/modules
/cheerpj_dist/4.2/17/lib/modules
/files//com/fs/starfarer/combat/CombatMain.class
/files/janino.jar
/files/janino.jar
/files/janino.jar
/files/commons-compiler.jar
/files/commons-compiler-jdk.jar
/files/starfarer.api.jar
/files/starfarer.api.jar
/files/starfarer.api.jar
/files/starfarer.api.jar
/files/starfarer.api.jar
/files/starfarer_obf.jar
/files/starfarer_obf.jar
/files/starfarer_obf.jar
/files/starfarer_obf.jar
/files/starfarer_obf.jar
/files/starfarer_obf.jar
/files/starfarer_obf.jar
/files/starfarer_obf.jar
/files//com/fs/util/DoNotObfuscate.class
/files/jogg-0.0.7.jar
/files/jorbis-0.0.15.jar
/files/json.jar
/files/lwjgl.jar
/files/lwjgl.jar
/files/lwjgl.jar
/files/lwjgl.jar
/files/jinput.jar
/files/jinput.jar
/files/log4j-1.2.9.jar
/files/log4j-1.2.9.jar
/files/log4j-1.2.9.jar
/files/lwjgl_util.jar
/files/fs.sound_obf.jar
/files/fs.common_obf.jar
/files/fs.common_obf.jar
/files/fs.common_obf.jar
/cheerpj_dist/4.2/17/lib/modules
/cheerpj_dist/4.2/17/lib/modules
/cheerpj_dist/4.2/17/lib/modules
/files//org/apache/log4j/Logger.class
/cheerpj_dist/4.2/17/lib/modules
/files//org/apache/log4j/Category.class
/files//org/apache/log4j/spi/AppenderAttachable.class
/files//org/apache/log4j/Level.class
/files//org/apache/log4j/Priority.class
/files//org/apache/log4j/LogManager.class
/files//org/apache/log4j/Hierarchy.class
/files//org/apache/log4j/spi/LoggerRepository.class
/files//org/apache/log4j/spi/RendererSupport.class
/files//org/apache/log4j/spi/RootLogger.class
/files//org/apache/log4j/or/RendererMap.class
/cheerpj_dist/4.2/17/lib/modules
tRenderer.class
/files//org/apache/log4j/or/ObjectRenderer.class
/files//org/apache/log4j/DefaultCategoryFactory.class
/files//org/apache/log4j/spi/LoggerFactory.class
/files//org/apache/log4j/spi/DefaultRepositorySelector.class
/files//org/apache/log4j/spi/RepositorySelector.class
/files//org/apache/log4j/helpers/OptionConverter.class
/files//org/apache/log4j/helpers/Loader.class
/cheerpj_dist/4.2/17/lib/modules
/files//org/apache/log4j/helpers/LogLog.class
/files//log4j.xml
/files//org/apache/log4j/spi/Configurator.class
/files//org/apache/log4j/xml/DOMConfigurator.class
/cheerpj_dist/4.2/17/lib/modules
/cheerpj_dist/4.2/17/lib/modules
/cheerpj_dist/4.2/17/lib/modules
/cheerpj_dist/4.2/17/lib/modules
/cheerpj_dist/4.2/17/lib/modules
/cheerpj_dist/4.2/17/conf/jaxp.properties
/files//META-INF/services/javax.xml.parsers.DocumentBuilderFactory
/files/xstream-1.4.10.jar
/files/xstream-1.4.10.jar
/files/xstream-1.4.10.jar
/files/txw2-3.0.2.jar
/files/jaxb-api-2.4.0-b180830.0359.jar
/files/webp-imageio-0.1.6.jar
/files/webp-imageio-0.1.6.jar
/files/webp-imageio-0.1.6.jar
/files/config.jar
/files//META-INF/services/javax.xml.parsers.DocumentBuilderFactory
/cheerpj_dist/4.2/17/lib/modules
/cheerpj_dist/4.2/17/lib/modules
/cheerpj_dist/4.2/17/conf/jaxp.properties
/cheerpj_dist/4.2/17/lib/modules
/cheerpj_dist/4.2/17/lib/modules
/cheerpj_dist/4.2/17/lib/modules
/cheerpj_dist/4.2/17/lib/modules
/cheerpj_dist/4.2/17/lib/modules
/cheerpj_dist/4.2/17/lib/modules
/cheerpj_dist/4.2/17/lib/modules
/cheerpj_dist/4.2/17/lib/modules
/cheerpj_dist/4.2/17/lib/modules
/files//org/apache/log4j/xml/SAXErrorHandler.class
/files//org/apache/log4j/xml/Log4jEntityResolver.class
/files//log4j.xml
/cheerpj_dist/4.2/17/lib/modules
/files//org/apache/log4j/xml/log4j.dtd
/files//org/apache/log4j/config/PropertySetter.class
/files//org/apache/log4j/Appender.class
/files//org/apache/log4j/ConsoleAppender.class
/files//org/apache/log4j/WriterAppender.class
/files//org/apache/log4j/AppenderSkeleton.class
/files//org/apache/log4j/spi/OptionHandler.class
/files//org/apache/log4j/Layout.class
/files//org/apache/log4j/helpers/OnlyOnceErrorHandler.class
/files//org/apache/log4j/spi/ErrorHandler.class
/files//org/apache/log4j/PatternLayout.class
/files//org/apache/log4j/helpers/PatternParser.class
/files//org/apache/log4j/helpers/FormattingInfo.class
/files//org/apache/log4j/helpers/PatternParser$BasicPatternConverter.class
/files//org/apache/log4j/helpers/PatternConverter.class
/files//org/apache/log4j/helpers/PatternParser$LiteralPatternConverter.class
/files//org/apache/log4j/config/PropertySetterException.class
/cheerpj_dist/4.2/17/lib/modules
/cheerpj_dist/4.2/17/lib/modules
/files//org/apache/log4j/PatternLayoutBeanInfo.class
/cheerpj_dist/4.2/17/lib/modules
/files//org/apache/log4j/PatternLayoutBeanInfo.class
/files//org/apache/log4j/LayoutBeanInfo.class
/files//org/apache/log4j/LayoutBeanInfo.class
/cheerpj_dist/4.2/17/lib/modules
/cheerpj_dist/4.2/17/lib/modules
/files//org/apache/log4j/LayoutCustomizer.class
/files//org/apache/log4j/LayoutCustomizer.class
/files//org/apache/log4j/spi/LoggingEvent.class
/files//org/apache/log4j/PatternLayoutCustomizer.class
/files//org/apache/log4j/PatternLayoutCustomizer.class
/files//org/apache/log4j/helpers/ISO8601DateFormat.class
/files//org/apache/log4j/helpers/AbsoluteTimeDateFormat.class
/cheerpj_dist/4.2/etc/timezone
/cheerpj_dist/4.2/17/lib/tzdb.dat
/files//org/apache/log4j/helpers/QuietWriter.class
/files//org/apache/log4j/helpers/AppenderAttachableImpl.class
/files//org/apache/log4j/CategoryKey.class
/files//org/apache/log4j/ProvisionNode.class
/files//com/fs/starfarer/settings/StarfarerSettings.class
/files/starfarer_obf.jar
/files/starfarer_obf.jar
/files//com/fs/graphics/A/ooOOOOOOOOOOOOOOOOOOOOOOOOOOOOOOOOOOOOOOOOOOOOOOOOOOOOOOOOOOOOOOOOOOOOOOOOOOOOOOOOOOOOOOOOOOOOOOOOOOOOOOOOOOOOOOOOOOOOOOOOOOOOOOOOOOOOOOOOOOOOOOOOOOOOOOOOOOOOOOOOOOOOOOOOOOOOOOOOOOOOOOOOOOOOOOOOOOOOOOOOOOOOOOOOOOOOOOOOOOOOOOOOOOOOOOOOOOOOOOOOOOOOOOOOOOOOOO.class
/files//com/fs/starfarer/settings/A.class
/files/starfarer_obf.jar
/files//org/json/JSONObject.class
/files//org/json/JSONObject$Null.class
/starsector_v44.html
/cheerpj_dist/4.2/cj3.wasm
/cheerpj_dist/4.2/c.html
/cheerpj_dist/4.2/cj3n17.wasm
/cheerpj_dist/4.2/17/lib/modules
/cheerpj_dist/4.2/17/lib/modules
/cheerpj_dist/4.2/17/lib/modules
/cheerpj_dist/4.2/17/lib/modules
/cheerpj_dist/4.2/17/lib/modules
/cheerpj_dist/4.2/17/lib/modules
/cheerpj_dist/4.2/17/lib/modules
/cheerpj_dist/4.2/17/lib/modules
/cheerpj_dist/4.2/17/lib/modules
/cheerpj_dist/4.2/17/lib/modules
/cheerpj_dist/4.2/17/lib/modules
/cheerpj_dist/4.2/17/lib/modules
/cheerpj_dist/4.2/17/lib/modules
/cheerpj_dist/4.2/17/lib/modules
/sw.js
/cheerpj_dist/4.2/17/lib/modules
/cheerpj_dist/4.2/17/lib/modules
/cheerpj_dist/4.2/17/lib/modules
/cheerpj_dist/4.2/17/lib/modules
/cheerpj_dist/4.2/17/lib/modules
/cheerpj_dist/4.2/17/lib/modules
/cheerpj_dist/4.2/etc/users
/cheerpj_dist/4.2/etc/localtime
/cheerpj_dist/4.2/17/lib/modules
/cheerpj_dist/4.2/17/lib/modules
/cheerpj_dist/4.2/17/lib/modules
/cheerpj_dist/4.2/17/lib/modules
/cheerpj_dist/4.2/17/lib/modules
/cheerpj_dist/4.2/17/lib/modules
/cheerpj_dist/4.2/17/lib/modules
/cheerpj_dist/4.2/17/lib/modules
/cheerpj_dist/4.2/17/lib/modules
/cheerpj_dist/4.2/17/lib/modules
/cheerpj_dist/4.2/17/jre/lib/cheerpj-handlers.jar
/cheerpj_dist/4.2/17/lib/modules
/cheerpj_dist/4.2/17/jre/lib/cheerpj-handlers.jar
/cheerpj_dist/4.2/17/jre/lib/cheerpj-awt.jar
/cheerpj_dist/4.2/17/jre/lib/cheerpj-awt.jar
/cheerpj_dist/4.2/17/jre/lib/cheerpj-jsobject.jar
/cheerpj_dist/4.2/17/jre/lib/cheerpj-jsobject.jar
/files/janino.jar
/files/commons-compiler.jar
/files/commons-compiler-jdk.jar
/files/starfarer.api.jar
/files/starfarer_obf.jar
/files/jogg-0.0.7.jar
/files/jorbis-0.0.15.jar
/files/json.jar
/files/lwjgl.jar
/files/jinput.jar
/files/log4j-1.2.9.jar
/files/lwjgl_util.jar
/files/fs.sound_obf.jar
/files/fs.common_obf.jar
/files/xstream-1.4.10.jar
/files/txw2-3.0.2.jar
/files/jaxb-api-2.4.0-b180830.0359.jar
/files/webp-imageio-0.1.6.jar
/files/config.jar
/cheerpj_dist/4.2/17/lib/modules
/cheerpj_dist/4.2/17/lib/modules
/cheerpj_dist/4.2/17/lib/modules
/cheerpj_dist/4.2/17/lib/modules
/cheerpj_dist/4.2/17/lib/modules
/cheerpj_dist/4.2/17/lib/modules
/files//com/fs/starfarer/combat/CombatMain.class
/files/janino.jar
/files/janino.jar
/files/janino.jar
/files/commons-compiler.jar
/files/commons-compiler-jdk.jar
/files/starfarer.api.jar
/files/starfarer.api.jar
/files/starfarer.api.jar
/files/starfarer.api.jar
/files/starfarer.api.jar
/files/starfarer_obf.jar
/files/starfarer_obf.jar
/files/starfarer_obf.jar
/files/starfarer_obf.jar
/files/starfarer_obf.jar
/files/starfarer_obf.jar
/files/starfarer_obf.jar
/files/starfarer_obf.jar
/files//com/fs/util/DoNotObfuscate.class
/files/jogg-0.0.7.jar
/files/jorbis-0.0.15.jar
/files/json.jar
/files/lwjgl.jar
/files/lwjgl.jar
/files/lwjgl.jar
/files/lwjgl.jar
/files/jinput.jar
/files/jinput.jar
/files/log4j-1.2.9.jar
/files/log4j-1.2.9.jar
/files/log4j-1.2.9.jar
/files/lwjgl_util.jar
/files/lwjgl_util.jar
/files/fs.sound_obf.jar
/files/fs.common_obf.jar
/files/fs.common_obf.jar
/files/fs.common_obf.jar
/cheerpj_dist/4.2/17/lib/modules
/cheerpj_dist/4.2/17/lib/modules
/cheerpj_dist/4.2/17/lib/modules
/files//org/apache/log4j/Logger.class
/cheerpj_dist/4.2/17/lib/modules
/files//org/apache/log4j/Category.class
/files//org/apache/log4j/spi/AppenderAttachable.class
/files//org/apache/log4j/Level.class
/files//org/apache/log4j/Priority.class
/files//org/apache/log4j/LogManager.class
/files//org/apache/log4j/Hierarchy.class
/files//org/apache/log4j/spi/LoggerRepository.class
/files//org/apache/log4j/spi/RendererSupport.class
/files//org/apache/log4j/spi/RootLogger.class
/files//org/apache/log4j/or/RendererMap.class
/cheerpj_dist/4.2/17/lib/modules
/files//org/apache/log4j/or/DefaultRenderer.class
/files//org/apache/log4j/or/ObjectRenderer.class
/files//org/apache/log4j/DefaultCategoryFactory.class
/files//org/apache/log4j/spi/LoggerFactory.class
/files//org/apache/log4j/spi/DefaultRepositorySelector.class
/files//org/apache/log4j/spi/RepositorySelector.class
/files//org/apache/log4j/helpers/OptionConverter.class
/files//org/apache/log4j/helpers/Loader.class
/cheerpj_dist/4.2/17/lib/modules
/files//org/apache/log4j/helpers/LogLog.class
/files//log4j.xml
/files//org/apache/log4j/spi/Configurator.class
/files//org/apache/log4j/xml/DOMConfigurator.class
/cheerpj_dist/4.2/17/lib/modules
/cheerpj_dist/4.2/17/lib/modules
/cheerpj_dist/4.2/17/lib/modules
/cheerpj_dist/4.2/17/lib/modules
/cheerpj_dist/4.2/17/conf/jaxp.properties
/files//META-INF/services/javax.xml.parsers.DocumentBuilderFactory
/files/xstream-1.4.10.jar
/files/xstream-1.4.10.jar
/files/xstream-1.4.10.jar
/files/txw2-3.0.2.jar
/files/jaxb-api-2.4.0-b180830.0359.jar
/files/webp-imageio-0.1.6.jar
/files/webp-imageio-0.1.6.jar
/files/webp-imageio-0.1.6.jar
/files/config.jar
/files//META-INF/services/javax.xml.parsers.DocumentBuilderFactory
/cheerpj_dist/4.2/17/lib/modules
/cheerpj_dist/4.2/17/lib/modules
/cheerpj_dist/4.2/17/conf/jaxp.properties
/cheerpj_dist/4.2/17/lib/modules
/cheerpj_dist/4.2/17/lib/modules
/cheerpj_dist/4.2/17/lib/modules
/cheerpj_dist/4.2/17/lib/modules
/cheerpj_dist/4.2/17/lib/modules
/cheerpj_dist/4.2/17/lib/modules
/cheerpj_dist/4.2/17/lib/modules
/cheerpj_dist/4.2/17/lib/modules
/cheerpj_dist/4.2/17/lib/modules
/files//org/apache/log4j/xml/SAXErrorHandler.class
/files//org/apache/log4j/xml/Log4jEntityResolver.class
/files//log4j.xml
/cheerpj_dist/4.2/17/lib/modules
/files//org/apache/log4j/xml/log4j.dtd
/files//org/apache/log4j/config/PropertySetter.class
/files//org/apache/log4j/Appender.class
/files//org/apache/log4j/ConsoleAppender.class
/files//org/apache/log4j/WriterAppender.class
/files//org/apache/log4j/AppenderSkeleton.class
/files//org/apache/log4j/spi/OptionHandler.class
/files//org/apache/log4j/Layout.class
/files//org/apache/log4j/helpers/OnlyOnceErrorHandler.class
/files//org/apache/log4j/spi/ErrorHandler.class
/files//org/apache/log4j/PatternLayout.class
/files//org/apache/log4j/helpers/PatternParser.class
/files//org/apache/log4j/helpers/FormattingInfo.class
/files//org/apache/log4j/helpers/PatternParser$BasicPatternConverter.class
/files//org/apache/log4j/helpers/PatternConverter.class
/files//org/apache/log4j/helpers/PatternParser$LiteralPatternConverter.class
/files//org/apache/log4j/config/PropertySetterException.class
/cheerpj_dist/4.2/17/lib/modules
/cheerpj_dist/4.2/17/lib/modules
/files//org/apache/log4j/PatternLayoutBeanInfo.class
/cheerpj_dist/4.2/17/lib/modules
/files//org/apache/log4j/PatternLayoutBeanInfo.class
/files//org/apache/log4j/LayoutBeanInfo.class
/files//org/apache/log4j/LayoutBeanInfo.class
/cheerpj_dist/4.2/17/lib/modules
/cheerpj_dist/4.2/17/lib/modules
/files//org/apache/log4j/LayoutCustomizer.class
/files//org/apache/log4j/LayoutCustomizer.class
/files//org/apache/log4j/spi/LoggingEvent.class
/files//org/apache/log4j/PatternLayoutCustomizer.class
/files//org/apache/log4j/PatternLayoutCustomizer.class
/files//org/apache/log4j/helpers/ISO8601DateFormat.class
/files//org/apache/log4j/helpers/AbsoluteTimeDateFormat.class
/cheerpj_dist/4.2/etc/timezone
/cheerpj_dist/4.2/17/lib/tzdb.dat
/files//org/apache/log4j/helpers/QuietWriter.class
/files//org/apache/log4j/helpers/AppenderAttachableImpl.class
/files//org/apache/log4j/CategoryKey.class
/files//org/apache/log4j/ProvisionNode.class
/files//com/fs/starfarer/settings/StarfarerSettings.class
/files/starfarer_obf.jar
/files/starfarer_obf.jar
/files//com/fs/graphics/A/ooOOOOOOOOOOOOOOOOOOOOOOOOOOOOOOOOOOOOOOOOOOOOOOOOOOOOOOOOOOOOOOOOOOOOOOOOOOOOOOOOOOOOOOOOOOOOOOOOOOOOOOOOOOOOOOOOOOOOOOOOOOOOOOOOOOOOOOOOOOOOOOOOOOOOOOOOOOOOOOOOOOOOOOOOOOOOOOOOOOOOOOOOOOOOOOOOOOOOOOOOOOOOOOOOOOOOOOOOOOOOOOOOOOOOOOOOOOOOOOOOOOOOOOOOOOOOOO.class
/files//com/fs/starfarer/settings/A.class
/files/starfarer_obf.jar
/files//org/json/JSONObject.class
/files//org/json/JSONObject$Null.class
/starsector_v44.html
/cheerpj_dist/4.2/cj3.wasm
/cheerpj_dist/4.2/c.html
/cheerpj_dist/4.2/cj3n17.wasm
/cheerpj_dist/4.2/17/lib/modules
/cheerpj_dist/4.2/17/lib/modules
/cheerpj_dist/4.2/17/lib/modules
/cheerpj_dist/4.2/17/lib/modules
/cheerpj_dist/4.2/17/lib/modules
/cheerpj_dist/4.2/17/lib/modules
/cheerpj_dist/4.2/17/lib/modules
/cheerpj_dist/4.2/17/lib/modules
/cheerpj_dist/4.2/17/lib/modules
/cheerpj_dist/4.2/17/lib/modules
/cheerpj_dist/4.2/17/lib/modules
/cheerpj_dist/4.2/17/lib/modules
/cheerpj_dist/4.2/17/lib/modules
/sw.js
/cheerpj_dist/4.2/17/lib/modules
/cheerpj_dist/4.2/17/lib/modules
/cheerpj_dist/4.2/17/lib/modules
/cheerpj_dist/4.2/17/lib/modules
/cheerpj_dist/4.2/17/lib/modules
/cheerpj_dist/4.2/17/lib/modules
/cheerpj_dist/4.2/etc/users
/cheerpj_dist/4.2/etc/localtime
/cheerpj_dist/4.2/17/lib/modules
/cheerpj_dist/4.2/17/lib/modules
/cheerpj_dist/4.2/17/lib/modules
/cheerpj_dist/4.2/17/lib/modules
/cheerpj_dist/4.2/17/lib/modules
/cheerpj_dist/4.2/17/lib/modules
/cheerpj_dist/4.2/17/lib/modules
/cheerpj_dist/4.2/17/lib/modules
/cheerpj_dist/4.2/17/lib/modules
/cheerpj_dist/4.2/17/lib/modules
/cheerpj_dist/4.2/17/lib/modules
/cheerpj_dist/4.2/17/jre/lib/cheerpj-handlers.jar
/cheerpj_dist/4.2/17/lib/modules
/cheerpj_dist/4.2/17/jre/lib/cheerpj-handlers.jar
/cheerpj_dist/4.2/17/jre/lib/cheerpj-awt.jar
/cheerpj_dist/4.2/17/jre/lib/cheerpj-awt.jar
/cheerpj_dist/4.2/17/jre/lib/cheerpj-jsobject.jar
/cheerpj_dist/4.2/17/jre/lib/cheerpj-jsobject.jar
/files/janino.jar
/files/commons-compiler.jar
/files/commons-compiler-jdk.jar
/files/starfarer.api.jar
/files/starfarer_obf.jar
/files/jogg-0.0.7.jar
/files/jorbis-0.0.15.jar
/files/json.jar
/files/lwjgl.jar
/files/jinput.jar
/files/log4j-1.2.9.jar
/files/lwjgl_util.jar
/files/fs.sound_obf.jar
/files/fs.common_obf.jar
/files/xstream-1.4.10.jar
/files/txw2-3.0.2.jar
/files/jaxb-api-2.4.0-b180830.0359.jar
/files/webp-imageio-0.1.6.jar
/files/config.jar
/cheerpj_dist/4.2/17/lib/modules
/cheerpj_dist/4.2/17/lib/modules
/cheerpj_dist/4.2/17/lib/modules
/cheerpj_dist/4.2/17/lib/modules
/cheerpj_dist/4.2/17/lib/modules
/cheerpj_dist/4.2/17/lib/modules
/files//com/fs/starfarer/combat/CombatMain.class
/files/janino.jar
/files/janino.jar
/files/janino.jar
/files/commons-compiler.jar
/files/commons-compiler-jdk.jar
/files/starfarer.api.jar
/files/starfarer.api.jar
/files/starfarer.api.jar
/files/starfarer.api.jar
/files/starfarer.api.jar
/files/starfarer_obf.jar
/files/starfarer_obf.jar
/files/starfarer_obf.jar
/files/starfarer_obf.jar
/files/starfarer_obf.jar
/files/starfarer_obf.jar
/files/starfarer_obf.jar
/files/starfarer_obf.jar
/files//com/fs/util/DoNotObfuscate.class
/files/jogg-0.0.7.jar
/files/jorbis-0.0.15.jar
/files/json.jar
/files/lwjgl.jar
/files/lwjgl.jar
/files/lwjgl.jar
/files/lwjgl.jar
/files/jinput.jar
/files/jinput.jar
/files/log4j-1.2.9.jar
/files/log4j-1.2.9.jar
/files/log4j-1.2.9.jar
/files/lwjgl_util.jar
/files/lwjgl_util.jar
/files/fs.sound_obf.jar
/files/fs.common_obf.jar
/files/fs.common_obf.jar
/files/fs.common_obf.jar
/cheerpj_dist/4.2/17/lib/modules
/cheerpj_dist/4.2/17/lib/modules
/cheerpj_dist/4.2/17/lib/modules
/files//org/apache/log4j/Logger.class
/cheerpj_dist/4.2/17/lib/modules
/files//org/apache/log4j/Category.class
/files//org/apache/log4j/spi/AppenderAttachable.class
/files//org/apache/log4j/Level.class
/files//org/apache/log4j/Priority.class
/files//org/apache/log4j/LogManager.class
/files//org/apache/log4j/Hierarchy.class
/files//org/apache/log4j/spi/LoggerRepository.class
/files//org/apache/log4j/spi/RendererSupport.class
/files//org/apache/log4j/spi/RootLogger.class
/files//org/apache/log4j/or/RendererMap.class
/cheerpj_dist/4.2/17/lib/modules
/files//org/apache/log4j/or/DefaultRenderer.class
/files//org/apache/log4j/or/ObjectRenderer.class
/files//org/apache/log4j/DefaultCategoryFactory.class
/files//org/apache/log4j/spi/LoggerFactory.class
/files//org/apache/log4j/spi/DefaultRepositorySelector.class
/files//org/apache/log4j/spi/RepositorySelector.class
/files//org/apache/log4j/helpers/OptionConverter.class
/files//org/apache/log4j/helpers/Loader.class
/cheerpj_dist/4.2/17/lib/modules
/files//org/apache/log4j/helpers/LogLog.class
/files//log4j.xml
/files//org/apache/log4j/spi/Configurator.class
/files//org/apache/log4j/xml/DOMConfigurator.class
/cheerpj_dist/4.2/17/lib/modules
/cheerpj_dist/4.2/17/lib/modules
/cheerpj_dist/4.2/17/lib/modules
/cheerpj_dist/4.2/17/lib/modules
/cheerpj_dist/4.2/17/lib/modules
/cheerpj_dist/4.2/17/conf/jaxp.properties
/files//META-INF/services/javax.xml.parsers.DocumentBuilderFactory
/files/xstream-1.4.10.jar
/files/xstream-1.4.10.jar
/files/xstream-1.4.10.jar
/files/txw2-3.0.2.jar
/files/jaxb-api-2.4.0-b180830.0359.jar
/files/webp-imageio-0.1.6.jar
/files/webp-imageio-0.1.6.jar
/files/webp-imageio-0.1.6.jar
/files/config.jar
/files//META-INF/services/javax.xml.parsers.DocumentBuilderFactory
/cheerpj_dist/4.2/17/lib/modules
/cheerpj_dist/4.2/17/lib/modules
/cheerpj_dist/4.2/17/lib/modules
/cheerpj_dist/4.2/17/conf/jaxp.properties
/cheerpj_dist/4.2/17/lib/modules
/cheerpj_dist/4.2/17/lib/modules
/cheerpj_dist/4.2/17/lib/modules
/cheerpj_dist/4.2/17/lib/modules
/cheerpj_dist/4.2/17/lib/modules
/cheerpj_dist/4.2/17/lib/modules
/cheerpj_dist/4.2/17/lib/modules
/cheerpj_dist/4.2/17/lib/modules
/files//org/apache/log4j/xml/SAXErrorHandler.class
/files//org/apache/log4j/xml/Log4jEntityResolver.class
/files//log4j.xml
/cheerpj_dist/4.2/17/lib/modules
/files//org/apache/log4j/xml/log4j.dtd
/files//org/apache/log4j/config/PropertySetter.class
/files//org/apache/log4j/Appender.class
/files//org/apache/log4j/ConsoleAppender.class
/files//org/apache/log4j/WriterAppender.class
/files//org/apache/log4j/AppenderSkeleton.class
/files//org/apache/log4j/spi/OptionHandler.class
/files//org/apache/log4j/Layout.class
/files//org/apache/log4j/helpers/OnlyOnceErrorHandler.class
/files//org/apache/log4j/spi/ErrorHandler.class
/files//org/apache/log4j/PatternLayout.class
/files//org/apache/log4j/helpers/PatternParser.class
/files//org/apache/log4j/helpers/FormattingInfo.class
/files//org/apache/log4j/helpers/PatternParser$BasicPatternConverter.class
/files//org/apache/log4j/helpers/PatternConverter.class
/files//org/apache/log4j/helpers/PatternParser$LiteralPatternConverter.class
/files//org/apache/log4j/config/PropertySetterException.class
/cheerpj_dist/4.2/17/lib/modules
/cheerpj_dist/4.2/17/lib/modules
/files//org/apache/log4j/PatternLayoutBeanInfo.class
/cheerpj_dist/4.2/17/lib/modules
/files//org/apache/log4j/PatternLayoutBeanInfo.class
/files//org/apache/log4j/LayoutBeanInfo.class
/files//org/apache/log4j/LayoutBeanInfo.class
/cheerpj_dist/4.2/17/lib/modules
/cheerpj_dist/4.2/17/lib/modules
/files//org/apache/log4j/LayoutCustomizer.class
/files//org/apache/log4j/LayoutCustomizer.class
/files//org/apache/log4j/spi/LoggingEvent.class
/files//org/apache/log4j/PatternLayoutCustomizer.class
/files//org/apache/log4j/PatternLayoutCustomizer.class
/files//org/apache/log4j/helpers/ISO8601DateFormat.class
/files//org/apache/log4j/helpers/AbsoluteTimeDateFormat.class
/cheerpj_dist/4.2/etc/timezone
/cheerpj_dist/4.2/17/lib/tzdb.dat
/files//org/apache/log4j/helpers/QuietWriter.class
/files//org/apache/log4j/helpers/AppenderAttachableImpl.class
/files//org/apache/log4j/CategoryKey.class
/files//org/apache/log4j/ProvisionNode.class
/files//com/fs/starfarer/settings/StarfarerSettings.class
/files/starfarer_obf.jar
/files/starfarer_obf.jar
/files//com/fs/graphics/A/ooOOOOOOOOOOOOOOOOOOOOOOOOOOOOOOOOOOOOOOOOOOOOOOOOOOOOOOOOOOOOOOOOOOOOOOOOOOOOOOOOOOOOOOOOOOOOOOOOOOOOOOOOOOOOOOOOOOOOOOOOOOOOOOOOOOOOOOOOOOOOOOOOOOOOOOOOOOOOOOOOOOOOOOOOOOOOOOOOOOOOOOOOOOOOOOOOOOOOOOOOOOOOOOOOOOOOOOOOOOOOOOOOOOOOOOOOOOOOOOOOOOOOOOOOOOOOOO.class
/files//com/fs/starfarer/settings/A.class
/files/starfarer_obf.jar
/files//org/json/JSONObject.class
/files//org/json/JSONObject$Null.class
/starsector_v44.html
/cheerpj_dist/4.2/cj3.wasm
/cheerpj_dist/4.2/c.html
/cheerpj_dist/4.2/cj3n17.wasm
/cheerpj_dist/4.2/17/lib/modules
/cheerpj_dist/4.2/17/lib/modules
/cheerpj_dist/4.2/17/lib/modules
/cheerpj_dist/4.2/17/lib/modules
/cheerpj_dist/4.2/17/lib/modules
/cheerpj_dist/4.2/17/lib/modules
/cheerpj_dist/4.2/17/lib/modules
/cheerpj_dist/4.2/17/lib/modules
/cheerpj_dist/4.2/17/lib/modules
/cheerpj_dist/4.2/17/lib/modules
/cheerpj_dist/4.2/17/lib/modules
/cheerpj_dist/4.2/17/lib/modules
/cheerpj_dist/4.2/17/lib/modules
/sw.js
_dist/4.2/17/lib/modules
/cheerpj_dist/4.2/17/lib/modules
/cheerpj_dist/4.2/17/lib/modules
/cheerpj_dist/4.2/17/lib/modules
/cheerpj_dist/4.2/17/lib/modules
/cheerpj_dist/4.2/17/lib/modules
/cheerpj_dist/4.2/17/lib/modules
/cheerpj_dist/4.2/etc/users
/cheerpj_dist/4.2/etc/localtime
/cheerpj_dist/4.2/17/lib/modules
/cheerpj_dist/4.2/17/lib/modules
/cheerpj_dist/4.2/17/lib/modules
/cheerpj_dist/4.2/17/lib/modules
/cheerpj_dist/4.2/17/lib/modules
/cheerpj_dist/4.2/17/lib/modules
/cheerpj_dist/4.2/17/lib/modules
/cheerpj_dist/4.2/17/lib/modules
/cheerpj_dist/4.2/17/lib/modules
/cheerpj_dist/4.2/17/lib/modules
/cheerpj_dist/4.2/17/lib/modules
/cheerpj_dist/4.2/17/jre/lib/cheerpj-handlers.jar
/cheerpj_dist/4.2/17/lib/modules
/cheerpj_dist/4.2/17/jre/lib/cheerpj-handlers.jar
/cheerpj_dist/4.2/17/jre/lib/cheerpj-awt.jar
/cheerpj_dist/4.2/17/jre/lib/cheerpj-awt.jar
/cheerpj_dist/4.2/17/jre/lib/cheerpj-jsobject.jar
/cheerpj_dist/4.2/17/jre/lib/cheerpj-jsobject.jar
/files//janino.jar
/files//commons-compiler.jar
/files//commons-compiler-jdk.jar
/files//starfarer.api.jar
/files//starfarer_obf_unsigned.jar
/files//jogg-0.0.7.jar
/files//jorbis-0.0.15.jar
/files//json.jar
/files//lwjgl.jar
/files//jinput.jar
/files//log4j-1.2.9.jar
/files//lwjgl_util.jar
/files//fs.sound_obf.jar
/files//fs.common_obf.jar
/files//xstream-1.4.10.jar
/files//txw2-3.0.2.jar
/files//jaxb-api-2.4.0-b180830.0359.jar
/files//webp-imageio-0.1.6.jar
/files//config.jar
/cheerpj_dist/4.2/17/lib/modules
/cheerpj_dist/4.2/17/lib/modules
/cheerpj_dist/4.2/17/lib/modules
/cheerpj_dist/4.2/17/lib/modules
/cheerpj_dist/4.2/17/lib/modules
/cheerpj_dist/4.2/17/lib/modules
/files//com/fs/starfarer/combat/CombatMain.class
/files//janino.jar
/files//janino.jar
/files//janino.jar
/files//commons-compiler.jar
/files//commons-compiler-jdk.jar
/files//starfarer.api.jar
/files//starfarer.api.jar
/files//starfarer.api.jar
/files//starfarer.api.jar
/files//starfarer_obf_unsigned.jar
/files//starfarer_obf_unsigned.jar
/files//starfarer_obf_unsigned.jar
/files//starfarer_obf_unsigned.jar
/files//starfarer_obf_unsigned.jar
/files//starfarer_obf_unsigned.jar
/files//starfarer_obf_unsigned.jar
/files//com/fs/util/DoNotObfuscate.class
/files//jogg-0.0.7.jar
/files//jorbis-0.0.15.jar
/files//json.jar
/files//lwjgl.jar
/files//lwjgl.jar
/files//lwjgl.jar
/files//lwjgl.jar
/files//jinput.jar
/files//jinput.jar
/files//log4j-1.2.9.jar
/files//log4j-1.2.9.jar
/files//log4j-1.2.9.jar
/files//lwjgl_util.jar
/files//lwjgl_util.jar
/files//fs.sound_obf.jar
/files//fs.common_obf.jar
/files//fs.common_obf.jar
/files//fs.common_obf.jar
/cheerpj_dist/4.2/17/lib/modules
/cheerpj_dist/4.2/17/lib/modules
/cheerpj_dist/4.2/17/lib/modules
/files//org/apache/log4j/Logger.class
/cheerpj_dist/4.2/17/lib/modules
/files//org/apache/log4j/Category.class
/files//org/apache/log4j/spi/AppenderAttachable.class
/files//org/apache/log4j/Level.class
/files//org/apache/log4j/Priority.class
/files//org/apache/log4j/LogManager.class
/files//org/apache/log4j/Hierarchy.class
/files//org/apache/log4j/spi/LoggerRepository.class
/files//org/apache/log4j/spi/RendererSupport.class
/files//org/apache/log4j/spi/RootLogger.class
/files//org/apache/log4j/or/RendererMap.class
/cheerpj_dist/4.2/17/lib/modules
/files//org/apache/log4j/or/DefaultRenderer.class
/files//org/apache/log4j/or/ObjectRenderer.class
/files//org/apache/log4j/DefaultCategoryFactory.class
/files//org/apache/log4j/spi/LoggerFactory.class
/files//org/apache/log4j/spi/DefaultRepositorySelector.class
/files//org/apache/log4j/spi/RepositorySelector.class
/files//org/apache/log4j/helpers/OptionConverter.class
/files//org/apache/log4j/helpers/Loader.class
/cheerpj_dist/4.2/17/lib/modules
/files//org/apache/log4j/helpers/LogLog.class
/files//log4j.xml
/files//org/apache/log4j/spi/Configurator.class
/files//org/apache/log4j/xml/DOMConfigurator.class
/cheerpj_dist/4.2/17/lib/modules
/cheerpj_dist/4.2/17/lib/modules
/cheerpj_dist/4.2/17/lib/modules
/cheerpj_dist/4.2/17/lib/modules
/cheerpj_dist/4.2/17/lib/modules
/cheerpj_dist/4.2/17/conf/jaxp.properties
/files//META-INF/services/javax.xml.parsers.DocumentBuilderFactory
/files//xstream-1.4.10.jar
/files//xstream-1.4.10.jar
/files//xstream-1.4.10.jar
/files//txw2-3.0.2.jar
/files//jaxb-api-2.4.0-b180830.0359.jar
/files//webp-imageio-0.1.6.jar
/files//webp-imageio-0.1.6.jar
/files//webp-imageio-0.1.6.jar
/files//config.jar
/files//META-INF/services/javax.xml.parsers.DocumentBuilderFactory
/cheerpj_dist/4.2/17/lib/modules
/cheerpj_dist/4.2/17/lib/modules
/cheerpj_dist/4.2/17/conf/jaxp.properties
/cheerpj_dist/4.2/17/lib/modules
/cheerpj_dist/4.2/17/lib/modules
/cheerpj_dist/4.2/17/lib/modules
/cheerpj_dist/4.2/17/lib/modules
/cheerpj_dist/4.2/17/lib/modules
/cheerpj_dist/4.2/17/lib/modules
/cheerpj_dist/4.2/17/lib/modules
/cheerpj_dist/4.2/17/lib/modules
/cheerpj_dist/4.2/17/lib/modules
/files//org/apache/log4j/xml/SAXErrorHandler.class
/files//org/apache/log4j/xml/Log4jEntityResolver.class
/files//log4j.xml
/cheerpj_dist/4.2/17/lib/modules
/files//org/apache/log4j/xml/log4j.dtd
/files//org/apache/log4j/config/PropertySetter.class
/files//org/apache/log4j/Appender.class
/files//org/apache/log4j/ConsoleAppender.class
/files//org/apache/log4j/WriterAppender.class
/files//org/apache/log4j/AppenderSkeleton.class
/files//org/apache/log4j/spi/OptionHandler.class
/files//org/apache/log4j/Layout.class
/files//org/apache/log4j/helpers/OnlyOnceErrorHandler.class
/files//org/apache/log4j/spi/ErrorHandler.class
/files//org/apache/log4j/PatternLayout.class
/files//org/apache/log4j/helpers/PatternParser.class
/files//org/apache/log4j/helpers/FormattingInfo.class
/files//org/apache/log4j/helpers/PatternParser$BasicPatternConverter.class
/files//org/apache/log4j/helpers/PatternConverter.class
/files//org/apache/log4j/helpers/PatternParser$LiteralPatternConverter.class
/files//org/apache/log4j/config/PropertySetterException.class
/cheerpj_dist/4.2/17/lib/modules
/cheerpj_dist/4.2/17/lib/modules
/files//org/apache/log4j/PatternLayoutBeanInfo.class
/cheerpj_dist/4.2/17/lib/modules
/files//org/apache/log4j/PatternLayoutBeanInfo.class
/files//org/apache/log4j/LayoutBeanInfo.class
/files//org/apache/log4j/LayoutBeanInfo.class
/cheerpj_dist/4.2/17/lib/modules
/cheerpj_dist/4.2/17/lib/modules
/files//org/apache/log4j/LayoutCustomizer.class
/files//org/apache/log4j/LayoutCustomizer.class
/files//org/apache/log4j/spi/LoggingEvent.class
/files//org/apache/log4j/PatternLayoutCustomizer.class
/files//org/apache/log4j/PatternLayoutCustomizer.class
/files//org/apache/log4j/helpers/ISO8601DateFormat.class
/files//org/apache/log4j/helpers/AbsoluteTimeDateFormat.class
/cheerpj_dist/4.2/etc/timezone
/cheerpj_dist/4.2/17/lib/tzdb.dat
/files//org/apache/log4j/helpers/QuietWriter.class
/files//org/apache/log4j/helpers/AppenderAttachableImpl.class
/files//org/apache/log4j/CategoryKey.class
/files//org/apache/log4j/ProvisionNode.class
/files//com/fs/starfarer/settings/StarfarerSettings.class
/files//starfarer_obf_unsigned.jar
/files//starfarer_obf_unsigned.jar
/files//com/fs/graphics/A/ooOOOOOOOOOOOOOOOOOOOOOOOOOOOOOOOOOOOOOOOOOOOOOOOOOOOOOOOOOOOOOOOOOOOOOOOOOOOOOOOOOOOOOOOOOOOOOOOOOOOOOOOOOOOOOOOOOOOOOOOOOOOOOOOOOOOOOOOOOOOOOOOOOOOOOOOOOOOOOOOOOOOOOOOOOOOOOOOOOOOOOOOOOOOOOOOOOOOOOOOOOOOOOOOOOOOOOOOOOOOOOOOOOOOOOOOOOOOOOOOOOOOOOOOOOOOOOO.class
/files//com/fs/starfarer/settings/A.class
/files//org/json/JSONObject.class
/files//org/json/JSONObject$Null.class
/starsector_v44.html
/cheerpj_dist/4.2/cj3.wasm
/cheerpj_dist/4.2/c.html
/cheerpj_dist/4.2/cj3n17.wasm
/cheerpj_dist/4.2/17/lib/modules
/cheerpj_dist/4.2/17/lib/modules
/cheerpj_dist/4.2/17/lib/modules
/cheerpj_dist/4.2/17/lib/modules
/cheerpj_dist/4.2/17/lib/modules
/cheerpj_dist/4.2/17/lib/modules
/cheerpj_dist/4.2/17/lib/modules
/cheerpj_dist/4.2/17/lib/modules
/cheerpj_dist/4.2/17/lib/modules
/cheerpj_dist/4.2/17/lib/modules
/cheerpj_dist/4.2/17/lib/modules
/cheerpj_dist/4.2/17/lib/modules
/cheerpj_dist/4.2/17/lib/modules
/cheerpj_dist/4.2/17/lib/modules
/cheerpj_dist/4.2/17/lib/modules
/cheerpj_dist/4.2/17/lib/modules
/cheerpj_dist/4.2/17/lib/modules
/cheerpj_dist/4.2/17/lib/modules
/cheerpj_dist/4.2/17/lib/modules
/cheerpj_dist/4.2/17/lib/modules
/cheerpj_dist/4.2/etc/users
/cheerpj_dist/4.2/etc/localtime
/cheerpj_dist/4.2/17/lib/modules
/cheerpj_dist/4.2/17/lib/modules
/cheerpj_dist/4.2/17/lib/modules
/cheerpj_dist/4.2/17/lib/modules
/cheerpj_dist/4.2/17/lib/modules
/cheerpj_dist/4.2/17/lib/modules
/cheerpj_dist/4.2/17/lib/modules
/cheerpj_dist/4.2/17/lib/modules
/cheerpj_dist/4.2/17/lib/modules
/cheerpj_dist/4.2/17/lib/modules
/cheerpj_dist/4.2/17/jre/lib/cheerpj-handlers.jar
/cheerpj_dist/4.2/17/lib/modules
/cheerpj_dist/4.2/17/jre/lib/cheerpj-handlers.jar
/cheerpj_dist/4.2/17/jre/lib/cheerpj-awt.jar
/cheerpj_dist/4.2/17/jre/lib/cheerpj-awt.jar
/cheerpj_dist/4.2/17/jre/lib/cheerpj-jsobject.jar
/cheerpj_dist/4.2/17/jre/lib/cheerpj-jsobject.jar
/files//janino.jar
/files//commons-compiler.jar
/files//commons-compiler-jdk.jar
/files//starfarer.api.jar
/files//starfarer_obf_unsigned.jar
/files//jogg-0.0.7.jar
/files//jorbis-0.0.15.jar
/files//json.jar
/files//lwjgl.jar
/files//jinput.jar
/files//log4j-1.2.9.jar
/files//lwjgl_util.jar
/files//fs.sound_obf.jar
/files//fs.common_obf.jar
/files//xstream-1.4.10.jar
/files//txw2-3.0.2.jar
/files//jaxb-api-2.4.0-b180830.0359.jar
/files//webp-imageio-0.1.6.jar
/files//config.jar
/cheerpj_dist/4.2/17/lib/modules
/cheerpj_dist/4.2/17/lib/modules
/cheerpj_dist/4.2/17/lib/modules
/cheerpj_dist/4.2/17/lib/modules
/cheerpj_dist/4.2/17/lib/modules
/cheerpj_dist/4.2/17/lib/modules
/files//com/fs/starfarer/combat/CombatMain.class
/files//janino.jar
/files//janino.jar
/files//janino.jar
/files//commons-compiler.jar
/files//commons-compiler-jdk.jar
/files//starfarer.api.jar
/files//starfarer.api.jar
/files//starfarer.api.jar
/files//starfarer.api.jar
/files//starfarer.api.jar
/files//starfarer_obf_unsigned.jar
/files//starfarer_obf_unsigned.jar
/files//starfarer_obf_unsigned.jar
/files//starfarer_obf_unsigned.jar
/files//starfarer_obf_unsigned.jar
/files//starfarer_obf_unsigned.jar
/files//starfarer_obf_unsigned.jar
/files//com/fs/util/DoNotObfuscate.class
/files//jogg-0.0.7.jar
/files//jorbis-0.0.15.jar
/files//json.jar
/files//lwjgl.jar
/files//lwjgl.jar
/files//lwjgl.jar
/files//lwjgl.jar
/files//jinput.jar
/files//jinput.jar
/files//log4j-1.2.9.jar
/files//log4j-1.2.9.jar
/files//log4j-1.2.9.jar
/files//lwjgl_util.jar
/files//lwjgl_util.jar
/files//fs.sound_obf.jar
/files//fs.common_obf.jar
/files//fs.common_obf.jar
/files//fs.common_obf.jar
/cheerpj_dist/4.2/17/lib/modules
/cheerpj_dist/4.2/17/lib/modules
/cheerpj_dist/4.2/17/lib/modules
/files//org/apache/log4j/Logger.class
/cheerpj_dist/4.2/17/lib/modules
/files//org/apache/log4j/Category.class
/files//org/apache/log4j/spi/AppenderAttachable.class
/files//org/apache/log4j/Level.class
/files//org/apache/log4j/Priority.class
/files//org/apache/log4j/LogManager.class
/files//org/apache/log4j/Hierarchy.class
/files//org/apache/log4j/spi/LoggerRepository.class
/files//org/apache/log4j/spi/RendererSupport.class
/files//org/apache/log4j/spi/RootLogger.class
/files//org/apache/log4j/or/RendererMap.class
/cheerpj_dist/4.2/17/lib/modules
/files//org/apache/log4j/or/DefaultRenderer.class
/files//org/apache/log4j/or/ObjectRenderer.class
/files//org/apache/log4j/DefaultCategoryFactory.class
/files//org/apache/log4j/spi/LoggerFactory.class
/files//org/apache/log4j/spi/DefaultRepositorySelector.class
/files//org/apache/log4j/spi/RepositorySelector.class
/files//org/apache/log4j/helpers/OptionConverter.class
/files//org/apache/log4j/helpers/Loader.class
/cheerpj_dist/4.2/17/lib/modules
/files//org/apache/log4j/helpers/LogLog.class
/files//log4j.xml
/files//org/apache/log4j/spi/Configurator.class
/files//org/apache/log4j/xml/DOMConfigurator.class
/cheerpj_dist/4.2/17/lib/modules
/cheerpj_dist/4.2/17/lib/modules
/cheerpj_dist/4.2/17/lib/modules
/cheerpj_dist/4.2/17/lib/modules
/cheerpj_dist/4.2/17/lib/modules
/cheerpj_dist/4.2/17/conf/jaxp.properties
/files//META-INF/services/javax.xml.parsers.DocumentBuilderFactory
/files//xstream-1.4.10.jar
/files//xstream-1.4.10.jar
/files//xstream-1.4.10.jar
/files//txw2-3.0.2.jar
/files//jaxb-api-2.4.0-b180830.0359.jar
/files//webp-imageio-0.1.6.jar
/files//webp-imageio-0.1.6.jar
/files//webp-imageio-0.1.6.jar
/files//config.jar
/files//META-INF/services/javax.xml.parsers.DocumentBuilderFactory
/cheerpj_dist/4.2/17/lib/modules
/cheerpj_dist/4.2/17/lib/modules
/cheerpj_dist/4.2/17/conf/jaxp.properties
/cheerpj_dist/4.2/17/lib/modules
/cheerpj_dist/4.2/17/lib/modules
/cheerpj_dist/4.2/17/lib/modules
/cheerpj_dist/4.2/17/lib/modules
/cheerpj_dist/4.2/17/lib/modules
/cheerpj_dist/4.2/17/lib/modules
/cheerpj_dist/4.2/17/lib/modules
/cheerpj_dist/4.2/17/lib/modules
/files//org/apache/log4j/xml/SAXErrorHandler.class
/files//org/apache/log4j/xml/Log4jEntityResolver.class
/files//log4j.xml
/cheerpj_dist/4.2/17/lib/modules
/files//org/apache/log4j/xml/log4j.dtd
/files//org/apache/log4j/config/PropertySetter.class
/files//org/apache/log4j/Appender.class
/files//org/apache/log4j/ConsoleAppender.class
/files//org/apache/log4j/WriterAppender.class
/files//org/apache/log4j/AppenderSkeleton.class
/files//org/apache/log4j/spi/OptionHandler.class
/files//org/apache/log4j/Layout.class
/files//org/apache/log4j/helpers/OnlyOnceErrorHandler.class
/files//org/apache/log4j/spi/ErrorHandler.class
/files//org/apache/log4j/PatternLayout.class
/files//org/apache/log4j/helpers/PatternParser.class
/files//org/apache/log4j/helpers/FormattingInfo.class
/files//org/apache/log4j/helpers/PatternParser$BasicPatternConverter.class
/files//org/apache/log4j/helpers/PatternConverter.class
/files//org/apache/log4j/helpers/PatternParser$LiteralPatternConverter.class
/files//org/apache/log4j/config/PropertySetterException.class
/cheerpj_dist/4.2/17/lib/modules
/cheerpj_dist/4.2/17/lib/modules
/files//org/apache/log4j/PatternLayoutBeanInfo.class
/cheerpj_dist/4.2/17/lib/modules
/files//org/apache/log4j/PatternLayoutBeanInfo.class
/files//org/apache/log4j/LayoutBeanInfo.class
/files//org/apache/log4j/LayoutBeanInfo.class
/cheerpj_dist/4.2/17/lib/modules
/cheerpj_dist/4.2/17/lib/modules
/files//org/apache/log4j/LayoutCustomizer.class
/files//org/apache/log4j/LayoutCustomizer.class
/files//org/apache/log4j/spi/LoggingEvent.class
/files//org/apache/log4j/PatternLayoutCustomizer.class
/files//org/apache/log4j/PatternLayoutCustomizer.class
/files//org/apache/log4j/helpers/ISO8601DateFormat.class
/files//org/apache/log4j/helpers/AbsoluteTimeDateFormat.class
/cheerpj_dist/4.2/etc/timezone
/cheerpj_dist/4.2/17/lib/tzdb.dat
/files//org/apache/log4j/helpers/QuietWriter.class
/files//org/apache/log4j/helpers/AppenderAttachableImpl.class
/files//org/apache/log4j/CategoryKey.class
/files//org/apache/log4j/ProvisionNode.class
/files//com/fs/starfarer/settings/StarfarerSettings.class
/files//starfarer_obf_unsigned.jar
/files//starfarer_obf_unsigned.jar
/files//com/fs/graphics/A/ooOOOOOOOOOOOOOOOOOOOOOOOOOOOOOOOOOOOOOOOOOOOOOOOOOOOOOOOOOOOOOOOOOOOOOOOOOOOOOOOOOOOOOOOOOOOOOOOOOOOOOOOOOOOOOOOOOOOOOOOOOOOOOOOOOOOOOOOOOOOOOOOOOOOOOOOOOOOOOOOOOOOOOOOOOOOOOOOOOOOOOOOOOOOOOOOOOOOOOOOOOOOOOOOOOOOOOOOOOOOOOOOOOOOOOOOOOOOOOOOOOOOOOOOOOOOOOO.class
/files//com/fs/starfarer/settings/A.class
/files//org/json/JSONObject.class
/files//org/json/JSONObject$Null.class
/starsector_v44.html
/cheerpj_dist/4.2/cj3.wasm
/cheerpj_dist/4.2/c.html
/cheerpj_dist/4.2/cj3n17.wasm
/cheerpj_dist/4.2/17/lib/modules
/cheerpj_dist/4.2/17/lib/modules
/cheerpj_dist/4.2/17/lib/modules
/cheerpj_dist/4.2/17/lib/modules
/cheerpj_dist/4.2/17/lib/modules
/cheerpj_dist/4.2/17/lib/modules
/cheerpj_dist/4.2/17/lib/modules
/cheerpj_dist/4.2/17/lib/modules
/cheerpj_dist/4.2/17/lib/modules
/cheerpj_dist/4.2/17/lib/modules
/cheerpj_dist/4.2/17/lib/modules
/cheerpj_dist/4.2/17/lib/modules
/cheerpj_dist/4.2/17/lib/modules
/cheerpj_dist/4.2/17/lib/modules
/sw.js
/cheerpj_dist/4.2/17/lib/modules
/cheerpj_dist/4.2/17/lib/modules
/cheerpj_dist/4.2/17/lib/modules
/cheerpj_dist/4.2/17/lib/modules
/cheerpj_dist/4.2/17/lib/modules
/cheerpj_dist/4.2/etc/users
/cheerpj_dist/4.2/etc/localtime
/cheerpj_dist/4.2/17/lib/modules
/cheerpj_dist/4.2/17/lib/modules
/cheerpj_dist/4.2/17/lib/modules
/cheerpj_dist/4.2/17/lib/modules
/cheerpj_dist/4.2/17/lib/modules
/cheerpj_dist/4.2/17/lib/modules
/cheerpj_dist/4.2/17/lib/modules
/cheerpj_dist/4.2/17/lib/modules
/cheerpj_dist/4.2/17/lib/modules
/cheerpj_dist/4.2/17/lib/modules
/cheerpj_dist/4.2/17/jre/lib/cheerpj-handlers.jar
/cheerpj_dist/4.2/17/lib/modules
/cheerpj_dist/4.2/17/jre/lib/cheerpj-handlers.jar
/cheerpj_dist/4.2/17/jre/lib/cheerpj-awt.jar
/cheerpj_dist/4.2/17/jre/lib/cheerpj-awt.jar
/cheerpj_dist/4.2/17/jre/lib/cheerpj-jsobject.jar
/cheerpj_dist/4.2/17/jre/lib/cheerpj-jsobject.jar
/files//starfarer_classes
/files//starfarer_classes/
/files//json_classes
/files//json_classes/
/files//janino.jar
/files//commons-compiler.jar
/files//commons-compiler-jdk.jar
/files//starfarer.api.jar
/files//starfarer_obf_unsigned.jar
/files//jogg-0.0.7.jar
/files//jorbis-0.0.15.jar
/files//json.jar
/files//lwjgl.jar
/files//jinput.jar
/files//log4j-1.2.9.jar
/files//lwjgl_util.jar
/files//fs.sound_obf.jar
/files//fs.common_obf.jar
/files//xstream-1.4.10.jar
/files//txw2-3.0.2.jar
/files//jaxb-api-2.4.0-b180830.0359.jar
/files//webp-imageio-0.1.6.jar
/files//config.jar
/cheerpj_dist/4.2/17/lib/modules
/cheerpj_dist/4.2/17/lib/modules
/cheerpj_dist/4.2/17/lib/modules
/cheerpj_dist/4.2/17/lib/modules
/cheerpj_dist/4.2/17/lib/modules
/cheerpj_dist/4.2/17/lib/modules
/files//com/fs/starfarer/combat/CombatMain.class
/files//starfarer_classes/com/fs/starfarer/combat/CombatMain.class
/files//starfarer_classes/com/fs/starfarer/combat/CombatMain.class
/files//com/fs/util/DoNotObfuscate.class
/files//starfarer_classes/com/fs/util/DoNotObfuscate.class
/files//json_classes/com/fs/util/DoNotObfuscate.class
/files//janino.jar
/files//janino.jar
/files//janino.jar
/files//commons-compiler.jar
/files//commons-compiler-jdk.jar
/files//starfarer.api.jar
/files//starfarer.api.jar
/files//starfarer.api.jar
/files//starfarer.api.jar
/files//starfarer.api.jar
/files//starfarer_obf_unsigned.jar
/files//starfarer_obf_unsigned.jar
/files//starfarer_obf_unsigned.jar
/files//starfarer_obf_unsigned.jar
/files//jogg-0.0.7.jar
/files//jorbis-0.0.15.jar
/files//json.jar
/files//lwjgl.jar
/files//lwjgl.jar
/files//lwjgl.jar
/files//lwjgl.jar
/files//jinput.jar
/files//jinput.jar
/files//log4j-1.2.9.jar
/files//log4j-1.2.9.jar
/files//log4j-1.2.9.jar
/files//lwjgl_util.jar
/files//lwjgl_util.jar
/files//fs.sound_obf.jar
/files//fs.common_obf.jar
/files//fs.common_obf.jar
/files//fs.common_obf.jar
/cheerpj_dist/4.2/17/lib/modules
/cheerpj_dist/4.2/17/lib/modules
/cheerpj_dist/4.2/17/lib/modules
/files//org/apache/log4j/Logger.class
/cheerpj_dist/4.2/17/lib/modules
/files//starfarer_classes/org/apache/log4j/Logger.class
/files//json_classes/org/apache/log4j/Logger.class
/files//org/apache/log4j/Category.class
/files//starfarer_classes/org/apache/log4j/Category.class
/files//json_classes/org/apache/log4j/Category.class
/files//org/apache/log4j/spi/AppenderAttachable.class
/files//starfarer_classes/org/apache/log4j/spi/AppenderAttachable.class
/files//json_classes/org/apache/log4j/spi/AppenderAttachable.class
/files//org/apache/log4j/Level.class
/files//starfarer_classes/org/apache/log4j/Level.class
/files//json_classes/org/apache/log4j/Level.class
/files//org/apache/log4j/Priority.class
/files//starfarer_classes/org/apache/log4j/Priority.class
/files//json_classes/org/apache/log4j/Priority.class
/files//org/apache/log4j/LogManager.class
/files//starfarer_classes/org/apache/log4j/LogManager.class
/files//json_classes/org/apache/log4j/LogManager.class
/files//org/apache/log4j/Hierarchy.class
/files//starfarer_classes/org/apache/log4j/Hierarchy.class
/files//json_classes/org/apache/log4j/Hierarchy.class
/files//org/apache/log4j/spi/LoggerRepository.class
/files//starfarer_classes/org/apache/log4j/spi/LoggerRepository.class
/files//json_classes/org/apache/log4j/spi/LoggerRepository.class
/files//org/apache/log4j/spi/RendererSupport.class
/files//starfarer_classes/org/apache/log4j/spi/RendererSupport.class
/files//json_classes/org/apache/log4j/spi/RendererSupport.class
/files//org/apache/log4j/spi/RootLogger.class
/files//starfarer_classes/org/apache/log4j/spi/RootLogger.class
/files//json_classes/org/apache/log4j/spi/RootLogger.class
/files//org/apache/log4j/or/RendererMap.class
/cheerpj_dist/4.2/17/lib/modules
/files//starfarer_classes/org/apache/log4j/or/RendererMap.class
/files//json_classes/org/apache/log4j/or/RendererMap.class
/files//org/apache/log4j/or/DefaultRenderer.class
/files//starfarer_classes/org/apache/log4j/or/DefaultRenderer.class
/files//json_classes/org/apache/log4j/or/DefaultRenderer.class
/files//org/apache/log4j/or/ObjectRenderer.class
/files//starfarer_classes/org/apache/log4j/or/ObjectRenderer.class
/files//json_classes/org/apache/log4j/or/ObjectRenderer.class
/files//org/apache/log4j/DefaultCategoryFactory.class
/files//starfarer_classes/org/apache/log4j/DefaultCategoryFactory.class
/files//json_classes/org/apache/log4j/DefaultCategoryFactory.class
/files//org/apache/log4j/spi/LoggerFactory.class
/files//starfarer_classes/org/apache/log4j/spi/LoggerFactory.class
/files//json_classes/org/apache/log4j/spi/LoggerFactory.class
/files//org/apache/log4j/spi/DefaultRepositorySelector.class
/files//starfarer_classes/org/apache/log4j/spi/DefaultRepositorySelector.class
/files//json_classes/org/apache/log4j/spi/DefaultRepositorySelector.class
/files//org/apache/log4j/spi/RepositorySelector.class
/files//starfarer_classes/org/apache/log4j/spi/RepositorySelector.class
/files//json_classes/org/apache/log4j/spi/RepositorySelector.class
/files//org/apache/log4j/helpers/OptionConverter.class
/files//starfarer_classes/org/apache/log4j/helpers/OptionConverter.class
/files//json_classes/org/apache/log4j/helpers/OptionConverter.class
/files//org/apache/log4j/helpers/Loader.class
/files//starfarer_classes/org/apache/log4j/helpers/Loader.class
/files//json_classes/org/apache/log4j/helpers/Loader.class
/cheerpj_dist/4.2/17/lib/modules
/files//org/apache/log4j/helpers/LogLog.class
/files//starfarer_classes/org/apache/log4j/helpers/LogLog.class
/files//json_classes/org/apache/log4j/helpers/LogLog.class
/files//log4j.xml
/files//org/apache/log4j/spi/Configurator.class
/files//starfarer_classes/org/apache/log4j/spi/Configurator.class
/files//json_classes/org/apache/log4j/spi/Configurator.class
/files//org/apache/log4j/xml/DOMConfigurator.class
/files//starfarer_classes/org/apache/log4j/xml/DOMConfigurator.class
/files//json_classes/org/apache/log4j/xml/DOMConfigurator.class
/cheerpj_dist/4.2/17/lib/modules
/cheerpj_dist/4.2/17/lib/modules
/cheerpj_dist/4.2/17/lib/modules
/cheerpj_dist/4.2/17/lib/modules
/cheerpj_dist/4.2/17/lib/modules
/cheerpj_dist/4.2/17/conf/jaxp.properties
/files//META-INF/services/javax.xml.parsers.DocumentBuilderFactory
/files//starfarer_classes/META-INF/services/javax.xml.parsers.DocumentBuilderFactory
/files//META-INF/services/javax.xml.parsers.DocumentBuilderFactory
/files//json_classes/META-INF/services/javax.xml.parsers.DocumentBuilderFactory
/files//starfarer_classes/META-INF/services/javax.xml.parsers.DocumentBuilderFactory
/files//xstream-1.4.10.jar
/files//xstream-1.4.10.jar
/files//xstream-1.4.10.jar
/files//txw2-3.0.2.jar
/files//jaxb-api-2.4.0-b180830.0359.jar
/files//webp-imageio-0.1.6.jar
/files//webp-imageio-0.1.6.jar
/files//webp-imageio-0.1.6.jar
/files//config.jar
/files//json_classes/META-INF/services/javax.xml.parsers.DocumentBuilderFactory
/cheerpj_dist/4.2/17/lib/modules
/cheerpj_dist/4.2/17/lib/modules
/cheerpj_dist/4.2/17/conf/jaxp.properties
/cheerpj_dist/4.2/17/lib/modules
/cheerpj_dist/4.2/17/lib/modules
/cheerpj_dist/4.2/17/lib/modules
/cheerpj_dist/4.2/17/lib/modules
/cheerpj_dist/4.2/17/lib/modules
/cheerpj_dist/4.2/17/lib/modules
/cheerpj_dist/4.2/17/lib/modules
/cheerpj_dist/4.2/17/lib/modules
/files//org/apache/log4j/xml/SAXErrorHandler.class
/files//starfarer_classes/org/apache/log4j/xml/SAXErrorHandler.class
/files//json_classes/org/apache/log4j/xml/SAXErrorHandler.class
/files//org/apache/log4j/xml/Log4jEntityResolver.class
/files//starfarer_classes/org/apache/log4j/xml/Log4jEntityResolver.class
/files//json_classes/org/apache/log4j/xml/Log4jEntityResolver.class
/files//log4j.xml
/cheerpj_dist/4.2/17/lib/modules
/files//org/apache/log4j/xml/log4j.dtd
/files//starfarer_classes/org/apache/log4j/xml/log4j.dtd
/files//json_classes/org/apache/log4j/xml/log4j.dtd
/files//org/apache/log4j/config/PropertySetter.class
/files//starfarer_classes/org/apache/log4j/config/PropertySetter.class
/files//json_classes/org/apache/log4j/config/PropertySetter.class
/files//org/apache/log4j/Appender.class
/files//starfarer_classes/org/apache/log4j/Appender.class
/files//json_classes/org/apache/log4j/Appender.class
/files//org/apache/log4j/ConsoleAppender.class
/files//starfarer_classes/org/apache/log4j/ConsoleAppender.class
/files//json_classes/org/apache/log4j/ConsoleAppender.class
/files//org/apache/log4j/WriterAppender.class
/files//starfarer_classes/org/apache/log4j/WriterAppender.class
/files//json_classes/org/apache/log4j/WriterAppender.class
/files//org/apache/log4j/AppenderSkeleton.class
/files//starfarer_classes/org/apache/log4j/AppenderSkeleton.class
/files//json_classes/org/apache/log4j/AppenderSkeleton.class
/files//org/apache/log4j/spi/OptionHandler.class
/files//starfarer_classes/org/apache/log4j/spi/OptionHandler.class
/files//json_classes/org/apache/log4j/spi/OptionHandler.class
/files//org/apache/log4j/Layout.class
/files//starfarer_classes/org/apache/log4j/Layout.class
/files//json_classes/org/apache/log4j/Layout.class
/files//org/apache/log4j/helpers/OnlyOnceErrorHandler.class
/files//starfarer_classes/org/apache/log4j/helpers/OnlyOnceErrorHandler.class
/files//json_classes/org/apache/log4j/helpers/OnlyOnceErrorHandler.class
/files//org/apache/log4j/spi/ErrorHandler.class
/files//starfarer_classes/org/apache/log4j/spi/ErrorHandler.class
/files//json_classes/org/apache/log4j/spi/ErrorHandler.class
/files//org/apache/log4j/PatternLayout.class
/files//starfarer_classes/org/apache/log4j/PatternLayout.class
/files//json_classes/org/apache/log4j/PatternLayout.class
/files//org/apache/log4j/helpers/PatternParser.class
/files//starfarer_classes/org/apache/log4j/helpers/PatternParser.class
/files//json_classes/org/apache/log4j/helpers/PatternParser.class
/files//org/apache/log4j/helpers/FormattingInfo.class
/files//starfarer_classes/org/apache/log4j/helpers/FormattingInfo.class
/files//json_classes/org/apache/log4j/helpers/FormattingInfo.class
/files//org/apache/log4j/helpers/PatternParser$BasicPatternConverter.class
/files//starfarer_classes/org/apache/log4j/helpers/PatternParser$BasicPatternConverter.class
/files//json_classes/org/apache/log4j/helpers/PatternParser$BasicPatternConverter.class
/files//org/apache/log4j/helpers/PatternConverter.class
/files//starfarer_classes/org/apache/log4j/helpers/PatternConverter.class
/files//json_classes/org/apache/log4j/helpers/PatternConverter.class
/files//org/apache/log4j/helpers/PatternParser$LiteralPatternConverter.class
/files//starfarer_classes/org/apache/log4j/helpers/PatternParser$LiteralPatternConverter.class
/files//json_classes/org/apache/log4j/helpers/PatternParser$LiteralPatternConverter.class
/files//org/apache/log4j/config/PropertySetterException.class
/files//starfarer_classes/org/apache/log4j/config/PropertySetterException.class
/files//json_classes/org/apache/log4j/config/PropertySetterException.class
/cheerpj_dist/4.2/17/lib/modules
/cheerpj_dist/4.2/17/lib/modules
/files//org/apache/log4j/PatternLayoutBeanInfo.class
/cheerpj_dist/4.2/17/lib/modules
/files//starfarer_classes/org/apache/log4j/PatternLayoutBeanInfo.class
/files//json_classes/org/apache/log4j/PatternLayoutBeanInfo.class
/files//org/apache/log4j/PatternLayoutBeanInfo.class
/files//starfarer_classes/org/apache/log4j/PatternLayoutBeanInfo.class
/files//json_classes/org/apache/log4j/PatternLayoutBeanInfo.class
/files//org/apache/log4j/LayoutBeanInfo.class
/files//starfarer_classes/org/apache/log4j/LayoutBeanInfo.class
/files//json_classes/org/apache/log4j/LayoutBeanInfo.class
/files//org/apache/log4j/LayoutBeanInfo.class
/files//starfarer_classes/org/apache/log4j/LayoutBeanInfo.class
/files//json_classes/org/apache/log4j/LayoutBeanInfo.class
/cheerpj_dist/4.2/17/lib/modules
/cheerpj_dist/4.2/17/lib/modules
/cheerpj_dist/4.2/17/lib/modules
/files//org/apache/log4j/LayoutCustomizer.class
/files//starfarer_classes/org/apache/log4j/LayoutCustomizer.class
/files//json_classes/org/apache/log4j/LayoutCustomizer.class
/files//org/apache/log4j/LayoutCustomizer.class
/files//starfarer_classes/org/apache/log4j/LayoutCustomizer.class
/files//json_classes/org/apache/log4j/LayoutCustomizer.class
/files//org/apache/log4j/spi/LoggingEvent.class
/files//starfarer_classes/org/apache/log4j/spi/LoggingEvent.class
/files//json_classes/org/apache/log4j/spi/LoggingEvent.class
/files//org/apache/log4j/PatternLayoutCustomizer.class
/files//starfarer_classes/org/apache/log4j/PatternLayoutCustomizer.class
/files//json_classes/org/apache/log4j/PatternLayoutCustomizer.class
/files//org/apache/log4j/PatternLayoutCustomizer.class
/files//starfarer_classes/org/apache/log4j/PatternLayoutCustomizer.class
/files//json_classes/org/apache/log4j/PatternLayoutCustomizer.class
/files//org/apache/log4j/helpers/ISO8601DateFormat.class
/files//starfarer_classes/org/apache/log4j/helpers/ISO8601DateFormat.class
/files//json_classes/org/apache/log4j/helpers/ISO8601DateFormat.class
/files//org/apache/log4j/helpers/AbsoluteTimeDateFormat.class
/files//starfarer_classes/org/apache/log4j/helpers/AbsoluteTimeDateFormat.class
/files//json_classes/org/apache/log4j/helpers/AbsoluteTimeDateFormat.class
/cheerpj_dist/4.2/etc/timezone
/cheerpj_dist/4.2/17/lib/tzdb.dat
/files//org/apache/log4j/helpers/QuietWriter.class
/files//starfarer_classes/org/apache/log4j/helpers/QuietWriter.class
/files//json_classes/org/apache/log4j/helpers/QuietWriter.class
/files//org/apache/log4j/helpers/AppenderAttachableImpl.class
/files//starfarer_classes/org/apache/log4j/helpers/AppenderAttachableImpl.class
/files//json_classes/org/apache/log4j/helpers/AppenderAttachableImpl.class
/files//org/apache/log4j/CategoryKey.class
/files//starfarer_classes/org/apache/log4j/CategoryKey.class
/files//json_classes/org/apache/log4j/CategoryKey.class
/files//org/apache/log4j/ProvisionNode.class
/files//starfarer_classes/org/apache/log4j/ProvisionNode.class
/files//json_classes/org/apache/log4j/ProvisionNode.class
/files//com/fs/starfarer/settings/StarfarerSettings.class
/files//starfarer_classes/com/fs/starfarer/settings/StarfarerSettings.class
/files//starfarer_classes/com/fs/starfarer/settings/StarfarerSettings.class
/files//com/fs/graphics/A/ooOOOOOOOOOOOOOOOOOOOOOOOOOOOOOOOOOOOOOOOOOOOOOOOOOOOOOOOOOOOOOOOOOOOOOOOOOOOOOOOOOOOOOOOOOOOOOOOOOOOOOOOOOOOOOOOOOOOOOOOOOOOOOOOOOOOOOOOOOOOOOOOOOOOOOOOOOOOOOOOOOOOOOOOOOOOOOOOOOOOOOOOOOOOOOOOOOOOOOOOOOOOOOOOOOOOOOOOOOOOOOOOOOOOOOOOOOOOOOOOOOOOOOOOOOOOOOO.class
/files//starfarer_classes/com/fs/graphics/A/ooOOOOOOOOOOOOOOOOOOOOOOOOOOOOOOOOOOOOOOOOOOOOOOOOOOOOOOOOOOOOOOOOOOOOOOOOOOOOOOOOOOOOOOOOOOOOOOOOOOOOOOOOOOOOOOOOOOOOOOOOOOOOOOOOOOOOOOOOOOOOOOOOOOOOOOOOOOOOOOOOOOOOOOOOOOOOOOOOOOOOOOOOOOOOOOOOOOOOOOOOOOOOOOOOOOOOOOOOOOOOOOOOOOOOOOOOOOOOOOOOOOOOOOOOOOOOOO.class
/files//json_classes/com/fs/graphics/A/ooOOOOOOOOOOOOOOOOOOOOOOOOOOOOOOOOOOOOOOOOOOOOOOOOOOOOOOOOOOOOOOOOOOOOOOOOOOOOOOOOOOOOOOOOOOOOOOOOOOOOOOOOOOOOOOOOOOOOOOOOOOOOOOOOOOOOOOOOOOOOOOOOOOOOOOOOOOOOOOOOOOOOOOOOOOOOOOOOOOOOOOOOOOOOOOOOOOOOOOOOOOOOOOOOOOOOOOOOOOOOOOOOOOOOOOOOOOOOOOOOOOOOOOOOOOOOOO.class
/files//com/fs/starfarer/settings/A.class
/files//starfarer_classes/com/fs/starfarer/settings/A.class
/files//starfarer_classes/com/fs/starfarer/settings/A.class
/files//org/json/JSONObject.class
/files//starfarer_classes/org/json/JSONObject.class
/files//json_classes/org/json/JSONObject.class
/files//json_classes/org/json/JSONObject.class
/files//org/json/JSONObject$Null.class
/files//starfarer_classes/org/json/JSONObject$Null.class
/files//json_classes/org/json/JSONObject$Null.class
/files//json_classes/org/json/JSONObject$Null.class
/starsector_v44.html
/cheerpj_dist/4.2/cj3.wasm
/cheerpj_dist/4.2/c.html
/cheerpj_dist/4.2/cj3n17.wasm
/cheerpj_dist/4.2/17/lib/modules
/cheerpj_dist/4.2/17/lib/modules
/cheerpj_dist/4.2/17/lib/modules
/cheerpj_dist/4.2/17/lib/modules
/cheerpj_dist/4.2/17/lib/modules
/cheerpj_dist/4.2/17/lib/modules
/cheerpj_dist/4.2/17/lib/modules
/cheerpj_dist/4.2/17/lib/modules
/cheerpj_dist/4.2/17/lib/modules
/cheerpj_dist/4.2/17/lib/modules
/cheerpj_dist/4.2/17/lib/modules
/cheerpj_dist/4.2/17/lib/modules
/cheerpj_dist/4.2/17/lib/modules
/cheerpj_dist/4.2/17/lib/modules
/sw.js
/cheerpj_dist/4.2/17/lib/modules
/cheerpj_dist/4.2/17/lib/modules
/cheerpj_dist/4.2/17/lib/modules
/cheerpj_dist/4.2/17/lib/modules
/cheerpj_dist/4.2/17/lib/modules
/cheerpj_dist/4.2/17/lib/modules
/cheerpj_dist/4.2/etc/users
/cheerpj_dist/4.2/etc/localtime
/cheerpj_dist/4.2/17/lib/modules
/cheerpj_dist/4.2/17/lib/modules
/cheerpj_dist/4.2/17/lib/modules
/cheerpj_dist/4.2/17/lib/modules
/cheerpj_dist/4.2/17/lib/modules
/cheerpj_dist/4.2/17/lib/modules
/cheerpj_dist/4.2/17/lib/modules
/cheerpj_dist/4.2/17/lib/modules
/cheerpj_dist/4.2/17/lib/modules
/cheerpj_dist/4.2/17/lib/modules
/cheerpj_dist/4.2/17/lib/modules
/cheerpj_dist/4.2/17/jre/lib/cheerpj-handlers.jar
/cheerpj_dist/4.2/17/lib/modules
/cheerpj_dist/4.2/17/jre/lib/cheerpj-handlers.jar
/cheerpj_dist/4.2/17/jre/lib/cheerpj-awt.jar
/cheerpj_dist/4.2/17/jre/lib/cheerpj-awt.jar
/cheerpj_dist/4.2/17/jre/lib/cheerpj-jsobject.jar
/cheerpj_dist/4.2/17/jre/lib/cheerpj-jsobject.jar
/files//classes
/files//classes/
/files//janino.jar
/files//commons-compiler.jar
/files//commons-compiler-jdk.jar
/files//starfarer.api.jar
/files//starfarer_obf_unsigned.jar
/files//jogg-0.0.7.jar
/files//jorbis-0.0.15.jar
/files//json.jar
/files//lwjgl.jar
/files//jinput.jar
/files//log4j-1.2.9.jar
/files//lwjgl_util.jar
/files//fs.sound_obf.jar
/files//fs.common_obf.jar
/files//xstream-1.4.10.jar
/files//txw2-3.0.2.jar
/files//jaxb-api-2.4.0-b180830.0359.jar
/files//webp-imageio-0.1.6.jar
/files//config.jar
/cheerpj_dist/4.2/17/lib/modules
/cheerpj_dist/4.2/17/lib/modules
/cheerpj_dist/4.2/17/lib/modules
/cheerpj_dist/4.2/17/lib/modules
/cheerpj_dist/4.2/17/lib/modules
/cheerpj_dist/4.2/17/lib/modules
/files//com/fs/starfarer/combat/CombatMain.class
/files//classes/com/fs/starfarer/combat/CombatMain.class
/files//classes/com/fs/starfarer/combat/CombatMain.class
/files//com/fs/util/DoNotObfuscate.class
/files//classes/com/fs/util/DoNotObfuscate.class
/files//classes/com/fs/util/DoNotObfuscate.class
/cheerpj_dist/4.2/17/lib/modules
/cheerpj_dist/4.2/17/lib/modules
/cheerpj_dist/4.2/17/lib/modules
/cheerpj_dist/4.2/17/lib/modules
/files//org/apache/log4j/Logger.class
/files//classes/org/apache/log4j/Logger.class
/files//classes/org/apache/log4j/Logger.class
/files//org/apache/log4j/Category.class
/files//classes/org/apache/log4j/Category.class
/files//classes/org/apache/log4j/Category.class
/files//org/apache/log4j/spi/AppenderAttachable.class
/files//classes/org/apache/log4j/spi/AppenderAttachable.class
/files//classes/org/apache/log4j/spi/AppenderAttachable.class
/files//org/apache/log4j/Level.class
/files//classes/org/apache/log4j/Level.class
/files//classes/org/apache/log4j/Level.class
/files//org/apache/log4j/Priority.class
/files//classes/org/apache/log4j/Priority.class
/files//classes/org/apache/log4j/Priority.class
/files//org/apache/log4j/LogManager.class
/files//classes/org/apache/log4j/LogManager.class
/files//classes/org/apache/log4j/LogManager.class
/files//org/apache/log4j/Hierarchy.class
/files//classes/org/apache/log4j/Hierarchy.class
/files//classes/org/apache/log4j/Hierarchy.class
/files//org/apache/log4j/spi/LoggerRepository.class
/files//classes/org/apache/log4j/spi/LoggerRepository.class
/files//classes/org/apache/log4j/spi/LoggerRepository.class
/files//org/apache/log4j/spi/RendererSupport.class
/files//classes/org/apache/log4j/spi/RendererSupport.class
/files//classes/org/apache/log4j/spi/RendererSupport.class
/files//org/apache/log4j/spi/RootLogger.class
/files//classes/org/apache/log4j/spi/RootLogger.class
/files//classes/org/apache/log4j/spi/RootLogger.class
/files//org/apache/log4j/or/RendererMap.class
/cheerpj_dist/4.2/17/lib/modules
/files//classes/org/apache/log4j/or/RendererMap.class
/files//classes/org/apache/log4j/or/RendererMap.class
/files//org/apache/log4j/or/DefaultRenderer.class
/files//classes/org/apache/log4j/or/DefaultRenderer.class
/files//classes/org/apache/log4j/or/DefaultRenderer.class
/files//org/apache/log4j/or/ObjectRenderer.class
/files//classes/org/apache/log4j/or/ObjectRenderer.class
/files//classes/org/apache/log4j/or/ObjectRenderer.class
/files//org/apache/log4j/DefaultCategoryFactory.class
/files//classes/org/apache/log4j/DefaultCategoryFactory.class
/files//classes/org/apache/log4j/DefaultCategoryFactory.class
/files//org/apache/log4j/spi/LoggerFactory.class
/files//classes/org/apache/log4j/spi/LoggerFactory.class
/files//classes/org/apache/log4j/spi/LoggerFactory.class
/files//org/apache/log4j/spi/DefaultRepositorySelector.class
/files//classes/org/apache/log4j/spi/DefaultRepositorySelector.class
/files//classes/org/apache/log4j/spi/DefaultRepositorySelector.class
/files//org/apache/log4j/spi/RepositorySelector.class
/files//classes/org/apache/log4j/spi/RepositorySelector.class
/files//classes/org/apache/log4j/spi/RepositorySelector.class
/files//org/apache/log4j/helpers/OptionConverter.class
/files//classes/org/apache/log4j/helpers/OptionConverter.class
/files//classes/org/apache/log4j/helpers/OptionConverter.class
/files//org/apache/log4j/helpers/Loader.class
/files//classes/org/apache/log4j/helpers/Loader.class
/files//classes/org/apache/log4j/helpers/Loader.class
/cheerpj_dist/4.2/17/lib/modules
/files//org/apache/log4j/helpers/LogLog.class
/files//classes/org/apache/log4j/helpers/LogLog.class
/files//classes/org/apache/log4j/helpers/LogLog.class
/files//log4j.xml
/files//org/apache/log4j/spi/Configurator.class
/files//classes/org/apache/log4j/spi/Configurator.class
/files//classes/org/apache/log4j/spi/Configurator.class
/files//org/apache/log4j/xml/DOMConfigurator.class
/files//classes/org/apache/log4j/xml/DOMConfigurator.class
/files//classes/org/apache/log4j/xml/DOMConfigurator.class
/cheerpj_dist/4.2/17/lib/modules
/cheerpj_dist/4.2/17/lib/modules
/cheerpj_dist/4.2/17/lib/modules
/cheerpj_dist/4.2/17/lib/modules
/cheerpj_dist/4.2/17/lib/modules
/cheerpj_dist/4.2/17/conf/jaxp.properties
/files//META-INF/services/javax.xml.parsers.DocumentBuilderFactory
/files//classes/META-INF/services/javax.xml.parsers.DocumentBuilderFactory
/files//META-INF/services/javax.xml.parsers.DocumentBuilderFactory
/files//janino.jar
/files//janino.jar
/files//janino.jar
/files//commons-compiler.jar
/files//commons-compiler-jdk.jar
/files//starfarer.api.jar
/files//starfarer.api.jar
/files//starfarer.api.jar
/files//starfarer.api.jar
/files//starfarer.api.jar
/files//starfarer_obf_unsigned.jar
/files//starfarer_obf_unsigned.jar
/files//starfarer_obf_unsigned.jar
/files//starfarer_obf_unsigned.jar
/files//starfarer_obf_unsigned.jar
/files//jogg-0.0.7.jar
/files//jorbis-0.0.15.jar
/files//json.jar
/files//lwjgl.jar
/files//lwjgl.jar
/files//lwjgl.jar
/files//lwjgl.jar
/files//jinput.jar
/files//jinput.jar
/files//log4j-1.2.9.jar
/files//log4j-1.2.9.jar
/files//log4j-1.2.9.jar
/files//lwjgl_util.jar
/files//lwjgl_util.jar
/files//fs.sound_obf.jar
/files//fs.common_obf.jar
/files//fs.common_obf.jar
/files//xstream-1.4.10.jar
/files//xstream-1.4.10.jar
/files//xstream-1.4.10.jar
/files//txw2-3.0.2.jar
/files//jaxb-api-2.4.0-b180830.0359.jar
/files//webp-imageio-0.1.6.jar
/files//webp-imageio-0.1.6.jar
/files//webp-imageio-0.1.6.jar
/files//config.jar
/files//classes/META-INF/services/javax.xml.parsers.DocumentBuilderFactory
/cheerpj_dist/4.2/17/lib/modules
/cheerpj_dist/4.2/17/lib/modules
/cheerpj_dist/4.2/17/conf/jaxp.properties
/cheerpj_dist/4.2/17/lib/modules
/cheerpj_dist/4.2/17/lib/modules
/cheerpj_dist/4.2/17/lib/modules
/cheerpj_dist/4.2/17/lib/modules
/cheerpj_dist/4.2/17/lib/modules
/cheerpj_dist/4.2/17/lib/modules
/cheerpj_dist/4.2/17/lib/modules
/cheerpj_dist/4.2/17/lib/modules
/cheerpj_dist/4.2/17/lib/modules
/files//org/apache/log4j/xml/SAXErrorHandler.class
/files//classes/org/apache/log4j/xml/SAXErrorHandler.class
/files//classes/org/apache/log4j/xml/SAXErrorHandler.class
/files//org/apache/log4j/xml/Log4jEntityResolver.class
/files//classes/org/apache/log4j/xml/Log4jEntityResolver.class
/files//classes/org/apache/log4j/xml/Log4jEntityResolver.class
/files//log4j.xml
/cheerpj_dist/4.2/17/lib/modules
/files//org/apache/log4j/xml/log4j.dtd
/files//classes/org/apache/log4j/xml/log4j.dtd
/files//classes/org/apache/log4j/xml/log4j.dtd
/files//org/apache/log4j/config/PropertySetter.class
/files//classes/org/apache/log4j/config/PropertySetter.class
/files//classes/org/apache/log4j/config/PropertySetter.class
/files//org/apache/log4j/Appender.class
/files//classes/org/apache/log4j/Appender.class
/files//classes/org/apache/log4j/Appender.class
/files//org/apache/log4j/ConsoleAppender.class
/files//classes/org/apache/log4j/ConsoleAppender.class
/files//classes/org/apache/log4j/ConsoleAppender.class
/files//org/apache/log4j/WriterAppender.class
/files//classes/org/apache/log4j/WriterAppender.class
/files//classes/org/apache/log4j/WriterAppender.class
/files//org/apache/log4j/AppenderSkeleton.class
/files//classes/org/apache/log4j/AppenderSkeleton.class
/files//classes/org/apache/log4j/AppenderSkeleton.class
/files//org/apache/log4j/spi/OptionHandler.class
/files//classes/org/apache/log4j/spi/OptionHandler.class
/files//classes/org/apache/log4j/spi/OptionHandler.class
/files//org/apache/log4j/Layout.class
/files//classes/org/apache/log4j/Layout.class
/files//classes/org/apache/log4j/Layout.class
/files//org/apache/log4j/helpers/OnlyOnceErrorHandler.class
/files//classes/org/apache/log4j/helpers/OnlyOnceErrorHandler.class
/files//classes/org/apache/log4j/helpers/OnlyOnceErrorHandler.class
/files//org/apache/log4j/spi/ErrorHandler.class
/files//classes/org/apache/log4j/spi/ErrorHandler.class
/files//classes/org/apache/log4j/spi/ErrorHandler.class
/files//org/apache/log4j/PatternLayout.class
/files//classes/org/apache/log4j/PatternLayout.class
/files//classes/org/apache/log4j/PatternLayout.class
/files//org/apache/log4j/helpers/PatternParser.class
/files//classes/org/apache/log4j/helpers/PatternParser.class
/files//classes/org/apache/log4j/helpers/PatternParser.class
/files//org/apache/log4j/helpers/FormattingInfo.class
/files//classes/org/apache/log4j/helpers/FormattingInfo.class
/files//classes/org/apache/log4j/helpers/FormattingInfo.class
/files//org/apache/log4j/helpers/PatternParser$BasicPatternConverter.class
/files//classes/org/apache/log4j/helpers/PatternParser$BasicPatternConverter.class
/files//classes/org/apache/log4j/helpers/PatternParser$BasicPatternConverter.class
/files//org/apache/log4j/helpers/PatternConverter.class
/files//classes/org/apache/log4j/helpers/PatternConverter.class
/files//classes/org/apache/log4j/helpers/PatternConverter.class
/files//org/apache/log4j/helpers/PatternParser$LiteralPatternConverter.class
/files//classes/org/apache/log4j/helpers/PatternParser$LiteralPatternConverter.class
/files//classes/org/apache/log4j/helpers/PatternParser$LiteralPatternConverter.class
/files//org/apache/log4j/config/PropertySetterException.class
/files//classes/org/apache/log4j/config/PropertySetterException.class
/files//classes/org/apache/log4j/config/PropertySetterException.class
/cheerpj_dist/4.2/17/lib/modules
/cheerpj_dist/4.2/17/lib/modules
/files//org/apache/log4j/PatternLayoutBeanInfo.class
/cheerpj_dist/4.2/17/lib/modules
/files//classes/org/apache/log4j/PatternLayoutBeanInfo.class
/files//org/apache/log4j/PatternLayoutBeanInfo.class
/files//classes/org/apache/log4j/PatternLayoutBeanInfo.class
/files//org/apache/log4j/LayoutBeanInfo.class
/files//classes/org/apache/log4j/LayoutBeanInfo.class
/files//org/apache/log4j/LayoutBeanInfo.class
/files//classes/org/apache/log4j/LayoutBeanInfo.class
/cheerpj_dist/4.2/17/lib/modules
/cheerpj_dist/4.2/17/lib/modules
/files//org/apache/log4j/LayoutCustomizer.class
/files//classes/org/apache/log4j/LayoutCustomizer.class
/files//org/apache/log4j/LayoutCustomizer.class
/files//classes/org/apache/log4j/LayoutCustomizer.class
/files//org/apache/log4j/spi/LoggingEvent.class
/files//classes/org/apache/log4j/spi/LoggingEvent.class
/files//classes/org/apache/log4j/spi/LoggingEvent.class
/files//org/apache/log4j/PatternLayoutCustomizer.class
/files//classes/org/apache/log4j/PatternLayoutCustomizer.class
/files//org/apache/log4j/PatternLayoutCustomizer.class
/files//classes/org/apache/log4j/PatternLayoutCustomizer.class
/files//org/apache/log4j/helpers/ISO8601DateFormat.class
/files//classes/org/apache/log4j/helpers/ISO8601DateFormat.class
/files//classes/org/apache/log4j/helpers/ISO8601DateFormat.class
/files//org/apache/log4j/helpers/AbsoluteTimeDateFormat.class
/files//classes/org/apache/log4j/helpers/AbsoluteTimeDateFormat.class
/files//classes/org/apache/log4j/helpers/AbsoluteTimeDateFormat.class
/cheerpj_dist/4.2/etc/timezone
/cheerpj_dist/4.2/17/lib/tzdb.dat
/files//org/apache/log4j/helpers/QuietWriter.class
/files//classes/org/apache/log4j/helpers/QuietWriter.class
/files//classes/org/apache/log4j/helpers/QuietWriter.class
/files//org/apache/log4j/helpers/AppenderAttachableImpl.class
/files//classes/org/apache/log4j/helpers/AppenderAttachableImpl.class
/files//classes/org/apache/log4j/helpers/AppenderAttachableImpl.class
/files//org/apache/log4j/CategoryKey.class
/files//classes/org/apache/log4j/CategoryKey.class
/files//classes/org/apache/log4j/CategoryKey.class
/files//org/apache/log4j/ProvisionNode.class
/files//classes/org/apache/log4j/ProvisionNode.class
/files//classes/org/apache/log4j/ProvisionNode.class
/files//com/fs/starfarer/settings/StarfarerSettings.class
/files//classes/com/fs/starfarer/settings/StarfarerSettings.class
/files//classes/com/fs/starfarer/settings/StarfarerSettings.class
/files//com/fs/graphics/A/ooOOOOOOOOOOOOOOOOOOOOOOOOOOOOOOOOOOOOOOOOOOOOOOOOOOOOOOOOOOOOOOOOOOOOOOOOOOOOOOOOOOOOOOOOOOOOOOOOOOOOOOOOOOOOOOOOOOOOOOOOOOOOOOOOOOOOOOOOOOOOOOOOOOOOOOOOOOOOOOOOOOOOOOOOOOOOOOOOOOOOOOOOOOOOOOOOOOOOOOOOOOOOOOOOOOOOOOOOOOOOOOOOOOOOOOOOOOOOOOOOOOOOOOOOOOOOOO.class
/files//classes/com/fs/graphics/A/ooOOOOOOOOOOOOOOOOOOOOOOOOOOOOOOOOOOOOOOOOOOOOOOOOOOOOOOOOOOOOOOOOOOOOOOOOOOOOOOOOOOOOOOOOOOOOOOOOOOOOOOOOOOOOOOOOOOOOOOOOOOOOOOOOOOOOOOOOOOOOOOOOOOOOOOOOOOOOOOOOOOOOOOOOOOOOOOOOOOOOOOOOOOOOOOOOOOOOOOOOOOOOOOOOOOOOOOOOOOOOOOOOOOOOOOOOOOOOOOOOOOOOOOOOOOOOOO.class
/files//com/fs/starfarer/settings/A.class
/files//classes/com/fs/starfarer/settings/A.class
/files//classes/com/fs/starfarer/settings/A.class
/files//org/json/JSONObject.class
/files//classes/org/json/JSONObject.class
/files//classes/org/json/JSONObject.class
/files//org/json/JSONObject$Null.class
/files//classes/org/json/JSONObject$Null.class
/files//classes/org/json/JSONObject$Null.class
/starsector_v44.html
/cheerpj_dist/4.2/cj3.wasm
/cheerpj_dist/4.2/cj3n17.wasm
/cheerpj_dist/4.2/c.html
/cheerpj_dist/4.2/17/lib/modules
/cheerpj_dist/4.2/17/lib/modules
/cheerpj_dist/4.2/17/lib/modules
/cheerpj_dist/4.2/17/lib/modules
/cheerpj_dist/4.2/17/lib/modules
/cheerpj_dist/4.2/17/lib/modules
/cheerpj_dist/4.2/17/lib/modules
/cheerpj_dist/4.2/17/lib/modules
/cheerpj_dist/4.2/17/lib/modules
/cheerpj_dist/4.2/17/lib/modules
/cheerpj_dist/4.2/17/lib/modules
/cheerpj_dist/4.2/17/lib/modules
/cheerpj_dist/4.2/17/lib/modules
/cheerpj_dist/4.2/17/lib/modules
/cheerpj_dist/4.2/17/lib/modules
/cheerpj_dist/4.2/17/lib/modules
/cheerpj_dist/4.2/17/lib/modules
/cheerpj_dist/4.2/17/lib/modules
/cheerpj_dist/4.2/17/lib/modules
/cheerpj_dist/4.2/17/lib/modules
/sw.js
/cheerpj_dist/4.2/etc/users
/cheerpj_dist/4.2/etc/localtime
/cheerpj_dist/4.2/17/lib/modules
/cheerpj_dist/4.2/17/lib/modules
/cheerpj_dist/4.2/17/lib/modules
/cheerpj_dist/4.2/17/lib/modules
/cheerpj_dist/4.2/17/lib/modules
/cheerpj_dist/4.2/17/lib/modules
/cheerpj_dist/4.2/17/lib/modules
/cheerpj_dist/4.2/17/lib/modules
/cheerpj_dist/4.2/17/lib/modules
/cheerpj_dist/4.2/17/lib/modules
/cheerpj_dist/4.2/17/lib/modules
pj-handlers.jar
/cheerpj_dist/4.2/17/lib/modules
/cheerpj_dist/4.2/17/jre/lib/cheerpj-handlers.jar
/cheerpj_dist/4.2/17/jre/lib/cheerpj-awt.jar
/cheerpj_dist/4.2/17/jre/lib/cheerpj-awt.jar
/cheerpj_dist/4.2/17/jre/lib/cheerpj-jsobject.jar
/cheerpj_dist/4.2/17/jre/lib/cheerpj-jsobject.jar
/files//classes
/files//classes/
/files//janino.jar
/files//commons-compiler.jar
/files//commons-compiler-jdk.jar
/files//starfarer.api.jar
/files//starfarer_obf_unsigned.jar
/files//jogg-0.0.7.jar
/files//jorbis-0.0.15.jar
/files//json.jar
/files//lwjgl.jar
/files//jinput.jar
/files//log4j-1.2.9.jar
/files//lwjgl_util.jar
/files//fs.sound_obf.jar
/files//fs.common_obf.jar
/files//xstream-1.4.10.jar
/files//txw2-3.0.2.jar
/files//jaxb-api-2.4.0-b180830.0359.jar
/files//webp-imageio-0.1.6.jar
/files//config.jar
/cheerpj_dist/4.2/17/lib/modules
/cheerpj_dist/4.2/17/lib/modules
/cheerpj_dist/4.2/17/lib/modules
/cheerpj_dist/4.2/17/lib/modules
/cheerpj_dist/4.2/17/lib/modules
/cheerpj_dist/4.2/17/lib/modules
/files//com/fs/starfarer/combat/CombatMain.class
/files//classes/com/fs/starfarer/combat/CombatMain.class
/files//classes/com/fs/starfarer/combat/CombatMain.class
/files//com/fs/util/DoNotObfuscate.class
/files//classes/com/fs/util/DoNotObfuscate.class
/files//classes/com/fs/util/DoNotObfuscate.class
/cheerpj_dist/4.2/17/lib/modules
/cheerpj_dist/4.2/17/lib/modules
/cheerpj_dist/4.2/17/lib/modules
/files//org/apache/log4j/Logger.class
/cheerpj_dist/4.2/17/lib/modules
/files//classes/org/apache/log4j/Logger.class
/files//classes/org/apache/log4j/Logger.class
/files//org/apache/log4j/Category.class
/files//classes/org/apache/log4j/Category.class
/files//classes/org/apache/log4j/Category.class
/files//org/apache/log4j/spi/AppenderAttachable.class
/files//classes/org/apache/log4j/spi/AppenderAttachable.class
/files//classes/org/apache/log4j/spi/AppenderAttachable.class
/files//org/apache/log4j/Level.class
/files//classes/org/apache/log4j/Level.class
/files//classes/org/apache/log4j/Level.class
/files//org/apache/log4j/Priority.class
/files//classes/org/apache/log4j/Priority.class
/files//classes/org/apache/log4j/Priority.class
/files//org/apache/log4j/LogManager.class
/files//classes/org/apache/log4j/LogManager.class
/files//classes/org/apache/log4j/LogManager.class
/files//org/apache/log4j/Hierarchy.class
/files//classes/org/apache/log4j/Hierarchy.class
/files//classes/org/apache/log4j/Hierarchy.class
/files//org/apache/log4j/spi/LoggerRepository.class
/files//classes/org/apache/log4j/spi/LoggerRepository.class
/files//classes/org/apache/log4j/spi/LoggerRepository.class
/files//org/apache/log4j/spi/RendererSupport.class
/files//classes/org/apache/log4j/spi/RendererSupport.class
/files//classes/org/apache/log4j/spi/RendererSupport.class
/files//org/apache/log4j/spi/RootLogger.class
/files//classes/org/apache/log4j/spi/RootLogger.class
/files//classes/org/apache/log4j/spi/RootLogger.class
/files//org/apache/log4j/or/RendererMap.class
/cheerpj_dist/4.2/17/lib/modules
/files//classes/org/apache/log4j/or/RendererMap.class
/files//classes/org/apache/log4j/or/RendererMap.class
/files//org/apache/log4j/or/DefaultRenderer.class
/files//classes/org/apache/log4j/or/DefaultRenderer.class
/files//classes/org/apache/log4j/or/DefaultRenderer.class
/files//org/apache/log4j/or/ObjectRenderer.class
/files//classes/org/apache/log4j/or/ObjectRenderer.class
/files//classes/org/apache/log4j/or/ObjectRenderer.class
/files//org/apache/log4j/DefaultCategoryFactory.class
/files//classes/org/apache/log4j/DefaultCategoryFactory.class
/files//classes/org/apache/log4j/DefaultCategoryFactory.class
/files//org/apache/log4j/spi/LoggerFactory.class
/files//classes/org/apache/log4j/spi/LoggerFactory.class
/files//classes/org/apache/log4j/spi/LoggerFactory.class
/files//org/apache/log4j/spi/DefaultRepositorySelector.class
/files//classes/org/apache/log4j/spi/DefaultRepositorySelector.class
/files//classes/org/apache/log4j/spi/DefaultRepositorySelector.class
/files//org/apache/log4j/spi/RepositorySelector.class
/files//classes/org/apache/log4j/spi/RepositorySelector.class
/files//classes/org/apache/log4j/spi/RepositorySelector.class
/files//org/apache/log4j/helpers/OptionConverter.class
/files//classes/org/apache/log4j/helpers/OptionConverter.class
/files//classes/org/apache/log4j/helpers/OptionConverter.class
/files//org/apache/log4j/helpers/Loader.class
/files//classes/org/apache/log4j/helpers/Loader.class
/files//classes/org/apache/log4j/helpers/Loader.class
/cheerpj_dist/4.2/17/lib/modules
/files//org/apache/log4j/helpers/LogLog.class
/files//classes/org/apache/log4j/helpers/LogLog.class
/files//classes/org/apache/log4j/helpers/LogLog.class
/files//log4j.xml
/files//org/apache/log4j/spi/Configurator.class
/files//classes/org/apache/log4j/spi/Configurator.class
/files//classes/org/apache/log4j/spi/Configurator.class
/files//org/apache/log4j/xml/DOMConfigurator.class
/files//classes/org/apache/log4j/xml/DOMConfigurator.class
/files//classes/org/apache/log4j/xml/DOMConfigurator.class
/cheerpj_dist/4.2/17/lib/modules
/cheerpj_dist/4.2/17/lib/modules
/cheerpj_dist/4.2/17/lib/modules
/cheerpj_dist/4.2/17/lib/modules
/cheerpj_dist/4.2/17/conf/jaxp.properties
/files//META-INF/services/javax.xml.parsers.DocumentBuilderFactory
/files//classes/META-INF/services/javax.xml.parsers.DocumentBuilderFactory
/files//META-INF/services/javax.xml.parsers.DocumentBuilderFactory
/files//janino.jar
/files//janino.jar
/files//janino.jar
/files//commons-compiler.jar
/files//commons-compiler-jdk.jar
/files//starfarer.api.jar
/files//starfarer.api.jar
/files//starfarer.api.jar
/files//starfarer.api.jar
/files//starfarer_obf_unsigned.jar
/files//starfarer_obf_unsigned.jar
/files//starfarer_obf_unsigned.jar
/files//starfarer_obf_unsigned.jar
/files//starfarer_obf_unsigned.jar
/files//jogg-0.0.7.jar
/files//jorbis-0.0.15.jar
/files//json.jar
/files//lwjgl.jar
/files//lwjgl.jar
/files//lwjgl.jar
/files//lwjgl.jar
/files//jinput.jar
/files//jinput.jar
/files//log4j-1.2.9.jar
/files//log4j-1.2.9.jar
/files//log4j-1.2.9.jar
/files//lwjgl_util.jar
/files//lwjgl_util.jar
/files//fs.sound_obf.jar
/files//fs.common_obf.jar
/files//fs.common_obf.jar
/files//fs.common_obf.jar
/files//xstream-1.4.10.jar
/files//xstream-1.4.10.jar
/files//xstream-1.4.10.jar
/files//txw2-3.0.2.jar
/files//jaxb-api-2.4.0-b180830.0359.jar
/files//webp-imageio-0.1.6.jar
/files//webp-imageio-0.1.6.jar
/files//webp-imageio-0.1.6.jar
/files//config.jar
/files//classes/META-INF/services/javax.xml.parsers.DocumentBuilderFactory
/cheerpj_dist/4.2/17/lib/modules
/cheerpj_dist/4.2/17/lib/modules
/cheerpj_dist/4.2/17/conf/jaxp.properties
/cheerpj_dist/4.2/17/lib/modules
/cheerpj_dist/4.2/17/lib/modules
/cheerpj_dist/4.2/17/lib/modules
/cheerpj_dist/4.2/17/lib/modules
/cheerpj_dist/4.2/17/lib/modules
/cheerpj_dist/4.2/17/lib/modules
/cheerpj_dist/4.2/17/lib/modules
/cheerpj_dist/4.2/17/lib/modules
/cheerpj_dist/4.2/17/lib/modules
/files//org/apache/log4j/xml/SAXErrorHandler.class
/files//classes/org/apache/log4j/xml/SAXErrorHandler.class
/files//classes/org/apache/log4j/xml/SAXErrorHandler.class
/files//org/apache/log4j/xml/Log4jEntityResolver.class
/files//classes/org/apache/log4j/xml/Log4jEntityResolver.class
/files//classes/org/apache/log4j/xml/Log4jEntityResolver.class
/files//log4j.xml
/cheerpj_dist/4.2/17/lib/modules
/files//org/apache/log4j/xml/log4j.dtd
/files//classes/org/apache/log4j/xml/log4j.dtd
/files//classes/org/apache/log4j/xml/log4j.dtd
/files//org/apache/log4j/config/PropertySetter.class
/files//classes/org/apache/log4j/config/PropertySetter.class
/files//classes/org/apache/log4j/config/PropertySetter.class
/files//org/apache/log4j/Appender.class
/files//classes/org/apache/log4j/Appender.class
/files//classes/org/apache/log4j/Appender.class
/files//org/apache/log4j/ConsoleAppender.class
/files//classes/org/apache/log4j/ConsoleAppender.class
/files//classes/org/apache/log4j/ConsoleAppender.class
/files//org/apache/log4j/WriterAppender.class
/files//classes/org/apache/log4j/WriterAppender.class
/files//classes/org/apache/log4j/WriterAppender.class
/files//org/apache/log4j/AppenderSkeleton.class
/files//classes/org/apache/log4j/AppenderSkeleton.class
/files//classes/org/apache/log4j/AppenderSkeleton.class
/files//org/apache/log4j/spi/OptionHandler.class
/files//classes/org/apache/log4j/spi/OptionHandler.class
/files//classes/org/apache/log4j/spi/OptionHandler.class
/files//org/apache/log4j/Layout.class
/files//classes/org/apache/log4j/Layout.class
/files//classes/org/apache/log4j/Layout.class
/files//org/apache/log4j/helpers/OnlyOnceErrorHandler.class
/files//classes/org/apache/log4j/helpers/OnlyOnceErrorHandler.class
/files//classes/org/apache/log4j/helpers/OnlyOnceErrorHandler.class
/files//org/apache/log4j/spi/ErrorHandler.class
/files//classes/org/apache/log4j/spi/ErrorHandler.class
/files//classes/org/apache/log4j/spi/ErrorHandler.class
/files//org/apache/log4j/PatternLayout.class
/files//classes/org/apache/log4j/PatternLayout.class
/files//classes/org/apache/log4j/PatternLayout.class
/files//org/apache/log4j/helpers/PatternParser.class
/files//classes/org/apache/log4j/helpers/PatternParser.class
/files//classes/org/apache/log4j/helpers/PatternParser.class
/files//org/apache/log4j/helpers/FormattingInfo.class
/files//classes/org/apache/log4j/helpers/FormattingInfo.class
/files//classes/org/apache/log4j/helpers/FormattingInfo.class
/files//org/apache/log4j/helpers/PatternParser$BasicPatternConverter.class
/files//classes/org/apache/log4j/helpers/PatternParser$BasicPatternConverter.class
/files//classes/org/apache/log4j/helpers/PatternParser$BasicPatternConverter.class
/files//org/apache/log4j/helpers/PatternConverter.class
/files//classes/org/apache/log4j/helpers/PatternConverter.class
/files//classes/org/apache/log4j/helpers/PatternConverter.class
/files//org/apache/log4j/helpers/PatternParser$LiteralPatternConverter.class
/files//classes/org/apache/log4j/helpers/PatternParser$LiteralPatternConverter.class
/files//classes/org/apache/log4j/helpers/PatternParser$LiteralPatternConverter.class
/files//org/apache/log4j/config/PropertySetterException.class
/files//classes/org/apache/log4j/config/PropertySetterException.class
/files//classes/org/apache/log4j/config/PropertySetterException.class
/cheerpj_dist/4.2/17/lib/modules
/cheerpj_dist/4.2/17/lib/modules
/files//org/apache/log4j/PatternLayoutBeanInfo.class
/cheerpj_dist/4.2/17/lib/modules
/files//classes/org/apache/log4j/PatternLayoutBeanInfo.class
/files//org/apache/log4j/PatternLayoutBeanInfo.class
/files//classes/org/apache/log4j/PatternLayoutBeanInfo.class
/files//org/apache/log4j/LayoutBeanInfo.class
/files//classes/org/apache/log4j/LayoutBeanInfo.class
/files//org/apache/log4j/LayoutBeanInfo.class
/files//classes/org/apache/log4j/LayoutBeanInfo.class
/cheerpj_dist/4.2/17/lib/modules
/cheerpj_dist/4.2/17/lib/modules
/files//org/apache/log4j/LayoutCustomizer.class
/files//classes/org/apache/log4j/LayoutCustomizer.class
/files//org/apache/log4j/LayoutCustomizer.class
/files//classes/org/apache/log4j/LayoutCustomizer.class
/files//org/apache/log4j/spi/LoggingEvent.class
/files//classes/org/apache/log4j/spi/LoggingEvent.class
/files//classes/org/apache/log4j/spi/LoggingEvent.class
/files//org/apache/log4j/PatternLayoutCustomizer.class
/files//classes/org/apache/log4j/PatternLayoutCustomizer.class
/files//org/apache/log4j/PatternLayoutCustomizer.class
/files//classes/org/apache/log4j/PatternLayoutCustomizer.class
/files//org/apache/log4j/helpers/ISO8601DateFormat.class
/files//classes/org/apache/log4j/helpers/ISO8601DateFormat.class
/files//classes/org/apache/log4j/helpers/ISO8601DateFormat.class
/files//org/apache/log4j/helpers/AbsoluteTimeDateFormat.class
/files//classes/org/apache/log4j/helpers/AbsoluteTimeDateFormat.class
/files//classes/org/apache/log4j/helpers/AbsoluteTimeDateFormat.class
/cheerpj_dist/4.2/etc/timezone
/cheerpj_dist/4.2/17/lib/tzdb.dat
/files//org/apache/log4j/helpers/QuietWriter.class
/files//classes/org/apache/log4j/helpers/QuietWriter.class
/files//classes/org/apache/log4j/helpers/QuietWriter.class
/files//org/apache/log4j/helpers/AppenderAttachableImpl.class
/files//classes/org/apache/log4j/helpers/AppenderAttachableImpl.class
/files//classes/org/apache/log4j/helpers/AppenderAttachableImpl.class
/files//org/apache/log4j/CategoryKey.class
/files//classes/org/apache/log4j/CategoryKey.class
/files//classes/org/apache/log4j/CategoryKey.class
/files//org/apache/log4j/ProvisionNode.class
/files//classes/org/apache/log4j/ProvisionNode.class
/files//classes/org/apache/log4j/ProvisionNode.class
/files//com/fs/starfarer/settings/StarfarerSettings.class
/files//classes/com/fs/starfarer/settings/StarfarerSettings.class
/files//classes/com/fs/starfarer/settings/StarfarerSettings.class
/files//com/fs/graphics/A/ooOOOOOOOOOOOOOOOOOOOOOOOOOOOOOOOOOOOOOOOOOOOOOOOOOOOOOOOOOOOOOOOOOOOOOOOOOOOOOOOOOOOOOOOOOOOOOOOOOOOOOOOOOOOOOOOOOOOOOOOOOOOOOOOOOOOOOOOOOOOOOOOOOOOOOOOOOOOOOOOOOOOOOOOOOOOOOOOOOOOOOOOOOOOOOOOOOOOOOOOOOOOOOOOOOOOOOOOOOOOOOOOOOOOOOOOOOOOOOOOOOOOOOOOOOOOOOO.class
/files//classes/com/fs/graphics/A/ooOOOOOOOOOOOOOOOOOOOOOOOOOOOOOOOOOOOOOOOOOOOOOOOOOOOOOOOOOOOOOOOOOOOOOOOOOOOOOOOOOOOOOOOOOOOOOOOOOOOOOOOOOOOOOOOOOOOOOOOOOOOOOOOOOOOOOOOOOOOOOOOOOOOOOOOOOOOOOOOOOOOOOOOOOOOOOOOOOOOOOOOOOOOOOOOOOOOOOOOOOOOOOOOOOOOOOOOOOOOOOOOOOOOOOOOOOOOOOOOOOOOOOOOOOOOOOO.class
/files//com/fs/starfarer/settings/A.class
/files//classes/com/fs/starfarer/settings/A.class
/files//classes/com/fs/starfarer/settings/A.class
/files//org/json/JSONObject.class
/files//classes/org/json/JSONObject.class
/files//classes/org/json/JSONObject.class
/files//org/json/JSONObject$Null.class
/files//classes/org/json/JSONObject$Null.class
/files//classes/org/json/JSONObject$Null.class
/starsector_v44.html
/cheerpj_dist/4.2/cj3.wasm
/cheerpj_dist/4.2/c.html
/cheerpj_dist/4.2/cj3n17.wasm
/cheerpj_dist/4.2/17/lib/modules
/cheerpj_dist/4.2/17/lib/modules
/cheerpj_dist/4.2/17/lib/modules
/cheerpj_dist/4.2/17/lib/modules
/cheerpj_dist/4.2/17/lib/modules
/cheerpj_dist/4.2/17/lib/modules
/cheerpj_dist/4.2/17/lib/modules
/cheerpj_dist/4.2/17/lib/modules
/cheerpj_dist/4.2/17/lib/modules
/cheerpj_dist/4.2/17/lib/modules
/cheerpj_dist/4.2/17/lib/modules
/cheerpj_dist/4.2/17/lib/modules
/cheerpj_dist/4.2/17/lib/modules
/sw.js
/cheerpj_dist/4.2/17/lib/modules
/cheerpj_dist/4.2/17/lib/modules
/cheerpj_dist/4.2/17/lib/modules
/cheerpj_dist/4.2/17/lib/modules
/cheerpj_dist/4.2/17/lib/modules
/cheerpj_dist/4.2/17/lib/modules
/cheerpj_dist/4.2/17/lib/modules
/cheerpj_dist/4.2/etc/users
/cheerpj_dist/4.2/etc/localtime
/cheerpj_dist/4.2/17/lib/modules
/cheerpj_dist/4.2/17/lib/modules
/cheerpj_dist/4.2/17/lib/modules
/cheerpj_dist/4.2/17/lib/modules
/cheerpj_dist/4.2/17/lib/modules
/cheerpj_dist/4.2/17/lib/modules
/cheerpj_dist/4.2/17/lib/modules
/cheerpj_dist/4.2/17/lib/modules
/cheerpj_dist/4.2/17/lib/modules
/cheerpj_dist/4.2/17/lib/modules
/cheerpj_dist/4.2/17/jre/lib/cheerpj-handlers.jar
/cheerpj_dist/4.2/17/lib/modules
/cheerpj_dist/4.2/17/jre/lib/cheerpj-handlers.jar
/cheerpj_dist/4.2/17/jre/lib/cheerpj-awt.jar
/cheerpj_dist/4.2/17/jre/lib/cheerpj-awt.jar
/cheerpj_dist/4.2/17/jre/lib/cheerpj-jsobject.jar
/cheerpj_dist/4.2/17/jre/lib/cheerpj-jsobject.jar
/files//janino.jar
/files//commons-compiler.jar
/files//commons-compiler-jdk.jar
/files//starfarer.api.jar
/files//starfarer_obf_unsigned.jar
/files//jogg-0.0.7.jar
/files//jorbis-0.0.15.jar
/files//json.jar
/files//lwjgl.jar
/files//jinput.jar
/files//log4j-1.2.9.jar
/files//lwjgl_util.jar
/files//fs.sound_obf.jar
/files//fs.common_obf.jar
/files//xstream-1.4.10.jar
/files//txw2-3.0.2.jar
/files//jaxb-api-2.4.0-b180830.0359.jar
/files//webp-imageio-0.1.6.jar
/files//config.jar
/cheerpj_dist/4.2/17/lib/modules
/cheerpj_dist/4.2/17/lib/modules
/cheerpj_dist/4.2/17/lib/modules
/cheerpj_dist/4.2/17/lib/modules
/cheerpj_dist/4.2/17/lib/modules
/cheerpj_dist/4.2/17/lib/modules
/files//com/fs/starfarer/combat/CombatMain.class
/files//janino.jar
/files//janino.jar
/files//janino.jar
/files//commons-compiler.jar
/files//commons-compiler-jdk.jar
/files//starfarer.api.jar
/files//starfarer.api.jar
/files//starfarer.api.jar
/files//starfarer.api.jar
/files//starfarer.api.jar
/files//starfarer_obf_unsigned.jar
/files//starfarer_obf_unsigned.jar
/files//starfarer_obf_unsigned.jar
/files//starfarer_obf_unsigned.jar
/files//starfarer_obf_unsigned.jar
/files//starfarer_obf_unsigned.jar
/files//starfarer_obf_unsigned.jar
/files//com/fs/util/DoNotObfuscate.class
/files//jogg-0.0.7.jar
/files//jorbis-0.0.15.jar
/files//json.jar
/files//lwjgl.jar
/files//lwjgl.jar
/files//lwjgl.jar
/files//lwjgl.jar
/files//jinput.jar
/files//jinput.jar
/files//log4j-1.2.9.jar
/files//log4j-1.2.9.jar
/files//log4j-1.2.9.jar
/files//lwjgl_util.jar
/files//lwjgl_util.jar
/files//fs.sound_obf.jar
/files//fs.common_obf.jar
/files//fs.common_obf.jar
/cheerpj_dist/4.2/17/lib/modules
/cheerpj_dist/4.2/17/lib/modules
/cheerpj_dist/4.2/17/lib/modules
/files//org/apache/log4j/Logger.class
/cheerpj_dist/4.2/17/lib/modules
/files//org/apache/log4j/Category.class
/files//org/apache/log4j/spi/AppenderAttachable.class
/files//org/apache/log4j/Level.class
/files//org/apache/log4j/Priority.class
/files//org/apache/log4j/LogManager.class
/files//org/apache/log4j/Hierarchy.class
/files//org/apache/log4j/spi/LoggerRepository.class
/files//org/apache/log4j/spi/RendererSupport.class
/files//org/apache/log4j/spi/RootLogger.class
/files//org/apache/log4j/or/RendererMap.class
/cheerpj_dist/4.2/17/lib/modules
/files//org/apache/log4j/or/DefaultRenderer.class
/files//org/apache/log4j/or/ObjectRenderer.class
/files//org/apache/log4j/DefaultCategoryFactory.class
/files//org/apache/log4j/spi/LoggerFactory.class
/files//org/apache/log4j/spi/DefaultRepositorySelector.class
/files//org/apache/log4j/spi/RepositorySelector.class
/files//org/apache/log4j/helpers/OptionConverter.class
/files//org/apache/log4j/helpers/Loader.class
/cheerpj_dist/4.2/17/lib/modules
/files//org/apache/log4j/helpers/LogLog.class
/files//log4j.xml
/files//org/apache/log4j/spi/Configurator.class
/files//org/apache/log4j/xml/DOMConfigurator.class
/cheerpj_dist/4.2/17/lib/modules
/cheerpj_dist/4.2/17/lib/modules
/cheerpj_dist/4.2/17/lib/modules
/cheerpj_dist/4.2/17/lib/modules
/cheerpj_dist/4.2/17/conf/jaxp.properties
/files//META-INF/services/javax.xml.parsers.DocumentBuilderFactory
/files//xstream-1.4.10.jar
/files//xstream-1.4.10.jar
/files//xstream-1.4.10.jar
/files//txw2-3.0.2.jar
/files//jaxb-api-2.4.0-b180830.0359.jar
/files//webp-imageio-0.1.6.jar
/files//webp-imageio-0.1.6.jar
/files//webp-imageio-0.1.6.jar
/files//config.jar
/files//META-INF/services/javax.xml.parsers.DocumentBuilderFactory
/cheerpj_dist/4.2/17/lib/modules
/cheerpj_dist/4.2/17/lib/modules
/cheerpj_dist/4.2/17/conf/jaxp.properties
/cheerpj_dist/4.2/17/lib/modules
/cheerpj_dist/4.2/17/lib/modules
/cheerpj_dist/4.2/17/lib/modules
/cheerpj_dist/4.2/17/lib/modules
/cheerpj_dist/4.2/17/lib/modules
/cheerpj_dist/4.2/17/lib/modules
/cheerpj_dist/4.2/17/lib/modules
/cheerpj_dist/4.2/17/lib/modules
/cheerpj_dist/4.2/17/lib/modules
/files//org/apache/log4j/xml/SAXErrorHandler.class
/files//org/apache/log4j/xml/Log4jEntityResolver.class
/files//log4j.xml
/cheerpj_dist/4.2/17/lib/modules
/files//org/apache/log4j/xml/log4j.dtd
/files//org/apache/log4j/config/PropertySetter.class
/files//org/apache/log4j/Appender.class
/files//org/apache/log4j/ConsoleAppender.class
/files//org/apache/log4j/WriterAppender.class
/files//org/apache/log4j/AppenderSkeleton.class
/files//org/apache/log4j/spi/OptionHandler.class
/files//org/apache/log4j/Layout.class
/files//org/apache/log4j/helpers/OnlyOnceErrorHandler.class
/files//org/apache/log4j/spi/ErrorHandler.class
/files//org/apache/log4j/PatternLayout.class
/files//org/apache/log4j/helpers/PatternParser.class
/files//org/apache/log4j/helpers/FormattingInfo.class
/files//org/apache/log4j/helpers/PatternParser$BasicPatternConverter.class
/files//org/apache/log4j/helpers/PatternConverter.class
/files//org/apache/log4j/helpers/PatternParser$LiteralPatternConverter.class
/files//org/apache/log4j/config/PropertySetterException.class
/cheerpj_dist/4.2/17/lib/modules
/cheerpj_dist/4.2/17/lib/modules
/files//org/apache/log4j/PatternLayoutBeanInfo.class
/cheerpj_dist/4.2/17/lib/modules
/files//org/apache/log4j/PatternLayoutBeanInfo.class
/files//org/apache/log4j/LayoutBeanInfo.class
/files//org/apache/log4j/LayoutBeanInfo.class
/cheerpj_dist/4.2/17/lib/modules
/cheerpj_dist/4.2/17/lib/modules
/files//org/apache/log4j/LayoutCustomizer.class
/files//org/apache/log4j/LayoutCustomizer.class
/files//org/apache/log4j/spi/LoggingEvent.class
/files//org/apache/log4j/PatternLayoutCustomizer.class
/files//org/apache/log4j/PatternLayoutCustomizer.class
/files//org/apache/log4j/helpers/ISO8601DateFormat.class
/files//org/apache/log4j/helpers/AbsoluteTimeDateFormat.class
/cheerpj_dist/4.2/etc/timezone
/cheerpj_dist/4.2/17/lib/tzdb.dat
/files//org/apache/log4j/helpers/QuietWriter.class
/files//org/apache/log4j/helpers/AppenderAttachableImpl.class
/files//org/apache/log4j/CategoryKey.class
/files//org/apache/log4j/ProvisionNode.class
/files//com/fs/starfarer/settings/StarfarerSettings.class
/files//starfarer_obf_unsigned.jar
/files//starfarer_obf_unsigned.jar
/files//com/fs/graphics/A/ooOOOOOOOOOOOOOOOOOOOOOOOOOOOOOOOOOOOOOOOOOOOOOOOOOOOOOOOOOOOOOOOOOOOOOOOOOOOOOOOOOOOOOOOOOOOOOOOOOOOOOOOOOOOOOOOOOOOOOOOOOOOOOOOOOOOOOOOOOOOOOOOOOOOOOOOOOOOOOOOOOOOOOOOOOOOOOOOOOOOOOOOOOOOOOOOOOOOOOOOOOOOOOOOOOOOOOOOOOOOOOOOOOOOOOOOOOOOOOOOOOOOOOOOOOOOOOO.class
/files//com/fs/starfarer/settings/A.class
/files//org/json/JSONObject.class
/files//org/json/JSONObject$Null.class
/starsector_v44.html
/cheerpj_dist/4.2/cj3.wasm
/cheerpj_dist/4.2/c.html
/cheerpj_dist/4.2/cj3n17.wasm
/cheerpj_dist/4.2/17/lib/modules
/cheerpj_dist/4.2/17/lib/modules
/cheerpj_dist/4.2/17/lib/modules
/cheerpj_dist/4.2/17/lib/modules
/cheerpj_dist/4.2/17/lib/modules
/cheerpj_dist/4.2/17/lib/modules
/cheerpj_dist/4.2/17/lib/modules
/cheerpj_dist/4.2/17/lib/modules
/cheerpj_dist/4.2/17/lib/modules
/cheerpj_dist/4.2/17/lib/modules
/cheerpj_dist/4.2/17/lib/modules
/cheerpj_dist/4.2/17/lib/modules
/cheerpj_dist/4.2/17/lib/modules
/sw.js
/cheerpj_dist/4.2/17/lib/modules
/cheerpj_dist/4.2/17/lib/modules
/cheerpj_dist/4.2/17/lib/modules
/cheerpj_dist/4.2/17/lib/modules
/cheerpj_dist/4.2/17/lib/modules
/cheerpj_dist/4.2/17/lib/modules
/cheerpj_dist/4.2/17/lib/modules
/cheerpj_dist/4.2/etc/users
/cheerpj_dist/4.2/etc/localtime
/cheerpj_dist/4.2/17/lib/modules
/cheerpj_dist/4.2/17/lib/modules
/cheerpj_dist/4.2/17/lib/modules
/cheerpj_dist/4.2/17/lib/modules
/cheerpj_dist/4.2/17/lib/modules
/cheerpj_dist/4.2/17/lib/modules
/cheerpj_dist/4.2/17/lib/modules
/cheerpj_dist/4.2/17/lib/modules
/cheerpj_dist/4.2/17/lib/modules
/cheerpj_dist/4.2/17/lib/modules
/cheerpj_dist/4.2/17/jre/lib/cheerpj-handlers.jar
/cheerpj_dist/4.2/17/lib/modules
/cheerpj_dist/4.2/17/jre/lib/cheerpj-handlers.jar
/cheerpj_dist/4.2/17/jre/lib/cheerpj-awt.jar
/cheerpj_dist/4.2/17/jre/lib/cheerpj-awt.jar
/cheerpj_dist/4.2/17/jre/lib/cheerpj-jsobject.jar
/cheerpj_dist/4.2/17/jre/lib/cheerpj-jsobject.jar
/files//janino.jar
/files//commons-compiler.jar
/files//commons-compiler-jdk.jar
/files//starfarer.api.jar
/files//starfarer_obf_unsigned.jar
/files//jogg-0.0.7.jar
/files//jorbis-0.0.15.jar
/files//json.jar
/files//lwjgl.jar
/files//jinput.jar
/files//log4j-1.2.9.jar
/files//lwjgl_util.jar
/files//fs.sound_obf.jar
/files//fs.common_obf.jar
/files//xstream-1.4.10.jar
/files//txw2-3.0.2.jar
/files//jaxb-api-2.4.0-b180830.0359.jar
/files//webp-imageio-0.1.6.jar
/files//config.jar
/cheerpj_dist/4.2/17/lib/modules
/cheerpj_dist/4.2/17/lib/modules
/cheerpj_dist/4.2/17/lib/modules
/cheerpj_dist/4.2/17/lib/modules
/cheerpj_dist/4.2/17/lib/modules
/cheerpj_dist/4.2/17/lib/modules
/files//com/fs/starfarer/combat/CombatMain.class
/files//janino.jar
/files//janino.jar
/files//janino.jar
/files//commons-compiler.jar
/files//commons-compiler-jdk.jar
/files//starfarer.api.jar
/files//starfarer.api.jar
/files//starfarer.api.jar
/files//starfarer.api.jar
/files//starfarer.api.jar
/files//starfarer_obf_unsigned.jar
/files//starfarer_obf_unsigned.jar
/files//starfarer_obf_unsigned.jar
/files//starfarer_obf_unsigned.jar
/files//starfarer_obf_unsigned.jar
/files//starfarer_obf_unsigned.jar
/files//starfarer_obf_unsigned.jar
/files//com/fs/util/DoNotObfuscate.class
/files//jogg-0.0.7.jar
/files//jorbis-0.0.15.jar
/files//json.jar
/files//lwjgl.jar
/files//lwjgl.jar
/files//lwjgl.jar
/files//lwjgl.jar
/files//jinput.jar
/files//jinput.jar
/files//log4j-1.2.9.jar
/files//log4j-1.2.9.jar
/files//log4j-1.2.9.jar
/files//lwjgl_util.jar
/files//lwjgl_util.jar
/files//fs.sound_obf.jar
/files//fs.common_obf.jar
/files//fs.common_obf.jar
/files//fs.common_obf.jar
/cheerpj_dist/4.2/17/lib/modules
/cheerpj_dist/4.2/17/lib/modules
/cheerpj_dist/4.2/17/lib/modules
/files//org/apache/log4j/Logger.class
/cheerpj_dist/4.2/17/lib/modules
/files//org/apache/log4j/Category.class
/files//org/apache/log4j/spi/AppenderAttachable.class
/files//org/apache/log4j/Level.class
/files//org/apache/log4j/Priority.class
/files//org/apache/log4j/LogManager.class
/files//org/apache/log4j/Hierarchy.class
/files//org/apache/log4j/spi/LoggerRepository.class
/files//org/apache/log4j/spi/RendererSupport.class
/files//org/apache/log4j/spi/RootLogger.class
/files//org/apache/log4j/or/RendererMap.class
/cheerpj_dist/4.2/17/lib/modules
/files//org/apache/log4j/or/DefaultRenderer.class
/files//org/apache/log4j/or/ObjectRenderer.class
/files//org/apache/log4j/DefaultCategoryFactory.class
/files//org/apache/log4j/spi/LoggerFactory.class
/files//org/apache/log4j/spi/DefaultRepositorySelector.class
/files//org/apache/log4j/spi/RepositorySelector.class
/files//org/apache/log4j/helpers/OptionConverter.class
/files//org/apache/log4j/helpers/Loader.class
/cheerpj_dist/4.2/17/lib/modules
/files//org/apache/log4j/helpers/LogLog.class
/files//log4j.xml
/files//org/apache/log4j/spi/Configurator.class
/files//org/apache/log4j/xml/DOMConfigurator.class
/cheerpj_dist/4.2/17/lib/modules
/cheerpj_dist/4.2/17/lib/modules
/cheerpj_dist/4.2/17/lib/modules
/cheerpj_dist/4.2/17/lib/modules
/cheerpj_dist/4.2/17/lib/modules
/cheerpj_dist/4.2/17/conf/jaxp.properties
/files//META-INF/services/javax.xml.parsers.DocumentBuilderFactory
/files//xstream-1.4.10.jar
/files//xstream-1.4.10.jar
/files//xstream-1.4.10.jar
/files//txw2-3.0.2.jar
/files//jaxb-api-2.4.0-b180830.0359.jar
/files//webp-imageio-0.1.6.jar
/files//webp-imageio-0.1.6.jar
/files//webp-imageio-0.1.6.jar
/files//config.jar
/files//META-INF/services/javax.xml.parsers.DocumentBuilderFactory
/cheerpj_dist/4.2/17/lib/modules
/cheerpj_dist/4.2/17/lib/modules
/cheerpj_dist/4.2/17/conf/jaxp.properties
/cheerpj_dist/4.2/17/lib/modules
/cheerpj_dist/4.2/17/lib/modules
/cheerpj_dist/4.2/17/lib/modules
/cheerpj_dist/4.2/17/lib/modules
/cheerpj_dist/4.2/17/lib/modules
/cheerpj_dist/4.2/17/lib/modules
/cheerpj_dist/4.2/17/lib/modules
/cheerpj_dist/4.2/17/lib/modules
/cheerpj_dist/4.2/17/lib/modules
/files//org/apache/log4j/xml/SAXErrorHandler.class
/files//org/apache/log4j/xml/Log4jEntityResolver.class
/files//log4j.xml
/cheerpj_dist/4.2/17/lib/modules
/files//org/apache/log4j/xml/log4j.dtd
/files//org/apache/log4j/config/PropertySetter.class
/files//org/apache/log4j/Appender.class
/files//org/apache/log4j/ConsoleAppender.class
/files//org/apache/log4j/WriterAppender.class
/files//org/apache/log4j/AppenderSkeleton.class
/files//org/apache/log4j/spi/OptionHandler.class
/files//org/apache/log4j/Layout.class
/files//org/apache/log4j/helpers/OnlyOnceErrorHandler.class
/files//org/apache/log4j/spi/ErrorHandler.class
/files//org/apache/log4j/PatternLayout.class
/files//org/apache/log4j/helpers/PatternParser.class
/files//org/apache/log4j/helpers/FormattingInfo.class
/files//org/apache/log4j/helpers/PatternParser$BasicPatternConverter.class
/files//org/apache/log4j/helpers/PatternConverter.class
/files//org/apache/log4j/helpers/PatternParser$LiteralPatternConverter.class
/files//org/apache/log4j/config/PropertySetterException.class
/cheerpj_dist/4.2/17/lib/modules
/cheerpj_dist/4.2/17/lib/modules
/files//org/apache/log4j/PatternLayoutBeanInfo.class
/cheerpj_dist/4.2/17/lib/modules
/files//org/apache/log4j/PatternLayoutBeanInfo.class
/files//org/apache/log4j/LayoutBeanInfo.class
/files//org/apache/log4j/LayoutBeanInfo.class
/cheerpj_dist/4.2/17/lib/modules
/cheerpj_dist/4.2/17/lib/modules
/files//org/apache/log4j/LayoutCustomizer.class
/files//org/apache/log4j/LayoutCustomizer.class
/files//org/apache/log4j/spi/LoggingEvent.class
/files//org/apache/log4j/PatternLayoutCustomizer.class
/files//org/apache/log4j/PatternLayoutCustomizer.class
/files//org/apache/log4j/helpers/ISO8601DateFormat.class
/files//org/apache/log4j/helpers/AbsoluteTimeDateFormat.class
/cheerpj_dist/4.2/etc/timezone
/cheerpj_dist/4.2/17/lib/tzdb.dat
/files//org/apache/log4j/helpers/QuietWriter.class
/files//org/apache/log4j/helpers/AppenderAttachableImpl.class
/files//org/apache/log4j/CategoryKey.class
/files//org/apache/log4j/ProvisionNode.class
/files//com/fs/starfarer/settings/StarfarerSettings.class
/files//starfarer_obf_unsigned.jar
/files//starfarer_obf_unsigned.jar
/files//com/fs/graphics/A/ooOOOOOOOOOOOOOOOOOOOOOOOOOOOOOOOOOOOOOOOOOOOOOOOOOOOOOOOOOOOOOOOOOOOOOOOOOOOOOOOOOOOOOOOOOOOOOOOOOOOOOOOOOOOOOOOOOOOOOOOOOOOOOOOOOOOOOOOOOOOOOOOOOOOOOOOOOOOOOOOOOOOOOOOOOOOOOOOOOOOOOOOOOOOOOOOOOOOOOOOOOOOOOOOOOOOOOOOOOOOOOOOOOOOOOOOOOOOOOOOOOOOOOOOOOOOOOO.class
/files//com/fs/graphics/A/ooOOOOOOOOOOOOOOOOOOOOOOOOOOOOOOOOOOOOOOOOOOOOOOOOOOOOOOOOOOOOOOOOOOOOOOOOOOOOOOOOOOOOOOOOOOOOOOOOOOOOOOOOOOOOOOOOOOOOOOOOOOOOOOOOOOOOOOOOOOOOOOOOOOOOOOOOOOOOOOOOOOOOOOOOOOOOOOOOOOOOOOOOOOOOOOOOOOOOOOOOOOOOOOOOOOOOOOOOOOOOOOOOOOOOOOOOOOOOOOOOOOOOOOOOOOOOOO.class
GET /starsector_v44.html | Range: None
GET /cheerpj_dist/4.2/cj3.wasm | Range: None
GET /cheerpj_dist/4.2/c.html | Range: None
GET /cheerpj_dist/4.2/cj3n17.wasm | Range: None
GET /cheerpj_dist/4.2/17/lib/modules | Range: bytes=0-131071
GET /cheerpj_dist/4.2/17/lib/modules | Range: bytes=131072-262143
GET /cheerpj_dist/4.2/17/lib/modules | Range: bytes=262144-1441791
GET /cheerpj_dist/4.2/17/lib/modules | Range: bytes=38010880-38077826
GET /cheerpj_dist/4.2/17/lib/modules | Range: bytes=37879808-38010879
GET /cheerpj_dist/4.2/17/lib/modules | Range: bytes=1441792-1572863
GET /cheerpj_dist/4.2/17/lib/modules | Range: bytes=1572864-1703935
GET /cheerpj_dist/4.2/17/lib/modules | Range: bytes=2228224-2490367
GET /cheerpj_dist/4.2/17/lib/modules | Range: bytes=1703936-1966079
GET /cheerpj_dist/4.2/17/lib/modules | Range: bytes=1966080-2097151
GET /cheerpj_dist/4.2/17/lib/modules | Range: bytes=2097152-2228223
GET /cheerpj_dist/4.2/17/lib/modules | Range: bytes=2752512-3014655
GET /sw.js | Range: None
GET / | Range: None
GET /index.html | Range: None
GET /offline.html | Range: None
GET /cheerpj_dist/4.2/17/lib/modules | Range: bytes=2621440-2752511
GET /database.html | Range: None
GET /cheerpj_dist/4.2/17/lib/modules | Range: bytes=2490368-2621439
GET /games.html | Range: None
GET /secure-chat.html | Range: None
GET /styles.css | Range: None
GET /loader.js | Range: None
GET /cheerpj_dist/4.2/17/lib/modules | Range: bytes=3145728-3407871
GET /loader.css | Range: None
GET /pwa-loader.js | Range: None
GET /cheerpj_dist/4.2/17/lib/modules | Range: bytes=3014656-3145727
GET /navigation.js | Range: None
GET /cheerpj_dist/4.2/17/lib/modules | Range: bytes=3538944-3801087
GET /keyboard-shortcuts.js | Range: None
GET /cosmic-music-player.js | Range: None
GET /secure-chat.js | Range: None
GET /cheerpj_dist/4.2/17/lib/modules | Range: bytes=3407872-3538943
GET /cheerpj_dist/4.2/17/lib/modules | Range: bytes=3801088-3932159
GET /cheerpj_dist/4.2/17/lib/modules | Range: bytes=3932160-4194303
GET /broadband-checker.js | Range: None
GET /games.js | Range: None
GET /theme-toggle.js | Range: None
GET /cheerpj_dist/4.2/etc/users | Range: bytes=0-131071
GET /accessibility.js | Range: None
GET /i18n.js | Range: None
GET /color-schemes.js | Range: None
GET /cheerpj_dist/4.2/etc/localtime | Range: bytes=0-131071
GET /offline-mode-enhancements.js | Range: None
GET /enhanced-notifications.js | Range: None
GET /quick-actions-toolbar.js | Range: None
GET /session-recovery.js | Range: None
GET /cheerpj_dist/4.2/17/lib/modules | Range: bytes=4325376-4587519
GET /verify-buttons.js | Range: None
GET /exoplanet-xr-experience.js | Range: None
GET /exoplanet-api.js | Range: None
GET /cheerpj_dist/4.2/17/lib/modules | Range: bytes=4194304-4325375
GET /cheerpj_dist/4.2/17/lib/modules | Range: bytes=7864320-8126463
GET /interstellar-news.js | Range: None
GET /user-history.js | Range: None
GET /education.html | Range: None
GET /education.js | Range: None
GET /educational-games.js | Range: None
GET /cheerpj_dist/4.2/17/lib/modules | Range: bytes=4980736-5242879
GET /star-system-builder.js | Range: None
GET /education-gamification.js | Range: None
GET /education-ai-tutor.js | Range: None
GET /cheerpj_dist/4.2/17/lib/modules | Range: bytes=5767168-6029311
GET /projects.html | Range: None
GET /projects.css | Range: None
GET /projects-experimental.js | Range: None
GET /cheerpj_dist/4.2/17/lib/modules | Range: bytes=5636096-5767167
GET /cheerpj_dist/4.2/17/lib/modules | Range: bytes=5505024-5636095
GET /exoplanet-pioneer.html | Range: None
GET /exoplanet-pioneer.css | Range: None
GET /exoplanet-pioneer.js | Range: None
GET /market-system.js | Range: None
GET /cheerpj_dist/4.2/17/lib/modules | Range: bytes=6160384-6422527
GET /captains-log.js | Range: None
GET /alien-ecosystem.js | Range: None
GET /galaxy-engine.js | Range: None
GET /military-system.js | Range: None
GET /cheerpj_dist/4.2/17/lib/modules | Range: bytes=6029312-6160383
GET /cheerpj_dist/4.2/17/lib/modules | Range: bytes=4718592-4849663
GET /cheerpj_dist/4.2/17/jre/lib/cheerpj-handlers.jar | Range: bytes=0-0
GET /planet-generator.js | Range: None
GET /production-system.js | Range: None
GET /drone-system.js | Range: None
GET /cheerpj_dist/4.2/17/lib/modules | Range: bytes=7733248-7864319
GET /cheerpj_dist/4.2/17/jre/lib/cheerpj-handlers.jar | Range: bytes=0-6144
GET /orbital-system.js | Range: None
GET /ship-designer.js | Range: None
GET /fleet-system.js | Range: None
GET /alien-generator.js | Range: None
GET /combat-system.js | Range: None
GET /cheerpj_dist/4.2/17/jre/lib/cheerpj-awt.jar | Range: bytes=0-0
GET /archaeology-manager.js | Range: None
GET /victory-system.js | Range: None
GET /diplomacy-system.js | Range: None
GET /cheerpj_dist/4.2/17/jre/lib/cheerpj-awt.jar | Range: bytes=0-94814
GET /trade-system.js | Range: None
GET /achievement-system.js | Range: None
GET /event-system.js | Range: None
GET /multiplayer-system.js | Range: None
sobject.jar | Range: bytes=0-0
GET /performance-system.js | Range: None
GET /feature-flags.js | Range: None
GET /cheerpj_dist/4.2/17/jre/lib/cheerpj-jsobject.jar | Range: bytes=0-1246
GET /files//janino.jar | Range: bytes=0-0
GET /files//commons-compiler.jar | Range: bytes=0-0
GET /files//commons-compiler-jdk.jar | Range: bytes=0-0
GET /files//starfarer.api.jar | Range: bytes=0-0
GET /files//starfarer_obf_unsigned.jar | Range: bytes=0-0
GET /files//jogg-0.0.7.jar | Range: bytes=0-0
GET /files//jorbis-0.0.15.jar | Range: bytes=0-0
GET /files//json.jar | Range: bytes=0-0
GET /files//lwjgl.jar | Range: bytes=0-0
GET /files//jinput.jar | Range: bytes=0-0
GET /files//log4j-1.2.9.jar | Range: bytes=0-0
GET /files//lwjgl_util.jar | Range: bytes=0-0
GET /files//fs.sound_obf.jar | Range: bytes=0-0
GET /files//fs.common_obf.jar | Range: bytes=0-0
GET /files//xstream-1.4.10.jar | Range: bytes=0-0
GET /files//txw2-3.0.2.jar | Range: bytes=0-0
GET /files//jaxb-api-2.4.0-b180830.0359.jar | Range: bytes=0-0
GET /files//webp-imageio-0.1.6.jar | Range: bytes=0-0
GET /files//config.jar | Range: bytes=0-0
GET /cheerpj_dist/4.2/17/lib/modules | Range: bytes=6815744-7077887
GET /cheerpj_dist/4.2/17/lib/modules | Range: bytes=9961472-10223615
GET /cheerpj_dist/4.2/17/lib/modules | Range: bytes=9830400-9961471
GET /cheerpj_dist/4.2/17/lib/modules | Range: bytes=4587520-4718591
GET /cheerpj_dist/4.2/17/lib/modules | Range: bytes=7077888-7208959
GET /cheerpj_dist/4.2/17/lib/modules | Range: bytes=37486592-37748735
GET /files//com/fs/starfarer/combat/CombatMain.class | Range: bytes=0-0
GET /files//janino.jar | Range: bytes=524288-613298
GET /files//janino.jar | Range: bytes=393216-524287
GET /files//janino.jar | Range: bytes=0-262143
GET /files//commons-compiler.jar | Range: bytes=0-30594
GET /files//commons-compiler-jdk.jar | Range: bytes=0-46829
GET /files//starfarer.api.jar | Range: bytes=7077888-7182556
GET /files//starfarer.api.jar | Range: bytes=6684672-6946815
GET /files//starfarer.api.jar | Range: bytes=6946816-7077887
GET /files//starfarer.api.jar | Range: bytes=6553600-6684671
GET /files//starfarer.api.jar | Range: bytes=0-262143
GET /files//starfarer_obf_unsigned.jar | Range: bytes=5767168-5840894
GET /files//starfarer_obf_unsigned.jar | Range: bytes=5636096-5767167
GET /files//starfarer_obf_unsigned.jar | Range: bytes=5373952-5505023
GET /files//starfarer_obf_unsigned.jar | Range: bytes=5505024-5636095
GET /files//starfarer_obf_unsigned.jar | Range: bytes=0-262143
GET /files//starfarer_obf_unsigned.jar | Range: bytes=1966080-2228223
GET /files//starfarer_obf_unsigned.jar | Range: bytes=1835008-1966079
GET /files//com/fs/util/DoNotObfuscate.class | Range: bytes=0-0
GET /files//jogg-0.0.7.jar | Range: bytes=0-6838
GET /files//jorbis-0.0.15.jar | Range: bytes=0-58916
GET /files//json.jar | Range: bytes=0-44054
GET /files//lwjgl.jar | Range: bytes=1048576-1052515
GET /files//lwjgl.jar | Range: bytes=917504-1048575
GET /files//lwjgl.jar | Range: bytes=786432-917503
GET /files//lwjgl.jar | Range: bytes=0-262143
GET /files//jinput.jar | Range: bytes=131072-214858
GET /files//jinput.jar | Range: bytes=0-131071
GET /files//log4j-1.2.9.jar | Range: bytes=262144-352290
GET /files//log4j-1.2.9.jar | Range: bytes=131072-262143
GET /files//log4j-1.2.9.jar | Range: bytes=0-131071
GET /files//lwjgl_util.jar | Range: bytes=131072-173910
GET /files//lwjgl_util.jar | Range: bytes=0-131071
GET /files//fs.sound_obf.jar | Range: bytes=0-34310
GET /files//fs.common_obf.jar | Range: bytes=131072-262143
GET /files//fs.common_obf.jar | Range: bytes=0-131071
GET /cheerpj_dist/4.2/17/lib/modules | Range: bytes=21757952-22020095
GET /cheerpj_dist/4.2/17/lib/modules | Range: bytes=21364736-21626879
GET /cheerpj_dist/4.2/17/lib/modules | Range: bytes=22020096-22151167
GET /cheerpj_dist/4.2/17/lib/modules | Range: bytes=21626880-21757951
GET /files//org/apache/log4j/Logger.class | Range: bytes=0-0
GET /files//org/apache/log4j/Category.class | Range: bytes=0-0
GET /files//org/apache/log4j/spi/AppenderAttachable.class | Range: bytes=0-0
GET /files//org/apache/log4j/Level.class | Range: bytes=0-0
GET /files//org/apache/log4j/Priority.class | Range: bytes=0-0
GET /files//org/apache/log4j/LogManager.class | Range: bytes=0-0
GET /files//org/apache/log4j/Hierarchy.class | Range: bytes=0-0
GET /files//org/apache/log4j/spi/LoggerRepository.class | Range: bytes=0-0
GET /files//org/apache/log4j/spi/RendererSupport.class | Range: bytes=0-0
GET /files//org/apache/log4j/spi/RootLogger.class | Range: bytes=0-0
GET /files//org/apache/log4j/or/RendererMap.class | Range: bytes=0-0
GET /cheerpj_dist/4.2/17/lib/modules | Range: bytes=5242880-5373951
GET /files//org/apache/log4j/or/DefaultRenderer.class | Range: bytes=0-0
GET /files//org/apache/log4j/or/ObjectRenderer.class | Range: bytes=0-0
GET /files//org/apache/log4j/DefaultCategoryFactory.class | Range: bytes=0-0
GET /files//org/apache/log4j/spi/LoggerFactory.class | Range: bytes=0-0
GET /files//org/apache/log4j/spi/DefaultRepositorySelector.class | Range: bytes=0-0
GET /files//org/apache/log4j/spi/RepositorySelector.class | Range: bytes=0-0
GET /files//org/apache/log4j/helpers/OptionConverter.class | Range: bytes=0-0
GET /files//org/apache/log4j/helpers/Loader.class | Range: bytes=0-0
GET /cheerpj_dist/4.2/17/lib/modules | Range: bytes=8126464-8257535
GET /files//org/apache/log4j/helpers/LogLog.class | Range: bytes=0-0
GET /files//log4j.xml | Range: bytes=0-0
GET /files//org/apache/log4j/spi/Configurator.class | Range: bytes=0-0
GET /files//org/apache/log4j/xml/DOMConfigurator.class | Range: bytes=0-0
GET /cheerpj_dist/4.2/17/lib/modules | Range: bytes=6684672-6815743
GET /cheerpj_dist/4.2/17/lib/modules | Range: bytes=6553600-6684671
GET /cheerpj_dist/4.2/17/lib/modules | Range: bytes=34340864-34603007
GET /cheerpj_dist/4.2/17/lib/modules | Range: bytes=34209792-34340863
GET /cheerpj_dist/4.2/17/lib/modules | Range: bytes=34078720-34209791
GET /cheerpj_dist/4.2/17/conf/jaxp.properties | Range: bytes=0-0
GET /files//META-INF/services/javax.xml.parsers.DocumentBuilderFactory | Range: bytes=0-0
GET /files//xstream-1.4.10.jar | Range: bytes=524288-589802
GET /files//xstream-1.4.10.jar | Range: bytes=393216-524287
GET /files//xstream-1.4.10.jar | Range: bytes=0-262143
GET /files//txw2-3.0.2.jar | Range: bytes=0-72002
GET /files//jaxb-api-2.4.0-b180830.0359.jar | Range: bytes=0-128031
GET /files//webp-imageio-0.1.6.jar | Range: bytes=1048576-1098330
GET /files//webp-imageio-0.1.6.jar | Range: bytes=0-262143
8575
GET /files//config.jar | Range: bytes=0-82196
GET /files//META-INF/services/javax.xml.parsers.DocumentBuilderFactory | Range: bytes=0-0
GET /cheerpj_dist/4.2/17/lib/modules | Range: bytes=32899072-33161215
GET /cheerpj_dist/4.2/17/lib/modules | Range: bytes=33161216-33423359
GET /cheerpj_dist/4.2/17/conf/jaxp.properties | Range: bytes=0-0
GET /cheerpj_dist/4.2/17/lib/modules | Range: bytes=32768000-32899071
GET /cheerpj_dist/4.2/17/lib/modules | Range: bytes=33423360-33554431
GET /cheerpj_dist/4.2/17/lib/modules | Range: bytes=32112640-32374783
GET /cheerpj_dist/4.2/17/lib/modules | Range: bytes=33947648-34078719
GET /cheerpj_dist/4.2/17/lib/modules | Range: bytes=31981568-32112639
GET /cheerpj_dist/4.2/17/lib/modules | Range: bytes=31850496-31981567
GET /cheerpj_dist/4.2/17/lib/modules | Range: bytes=32374784-32505855
GET /cheerpj_dist/4.2/17/lib/modules | Range: bytes=32636928-32767999
GET /cheerpj_dist/4.2/17/lib/modules | Range: bytes=32505856-32636927
GET /files//org/apache/log4j/xml/SAXErrorHandler.class | Range: bytes=0-0
GET /files//org/apache/log4j/xml/Log4jEntityResolver.class | Range: bytes=0-0
GET /files//log4j.xml | Range: bytes=0-494
GET /cheerpj_dist/4.2/17/lib/modules | Range: bytes=31719424-31850495
GET /files//org/apache/log4j/xml/log4j.dtd | Range: bytes=0-0
GET /files//org/apache/log4j/config/PropertySetter.class | Range: bytes=0-0
GET /files//org/apache/log4j/Appender.class | Range: bytes=0-0
GET /files//org/apache/log4j/ConsoleAppender.class | Range: bytes=0-0
GET /files//org/apache/log4j/WriterAppender.class | Range: bytes=0-0
GET /files//org/apache/log4j/AppenderSkeleton.class | Range: bytes=0-0
GET /files//org/apache/log4j/spi/OptionHandler.class | Range: bytes=0-0
GET /files//org/apache/log4j/Layout.class | Range: bytes=0-0
GET /files//org/apache/log4j/helpers/OnlyOnceErrorHandler.class | Range: bytes=0-0
GET /files//org/apache/log4j/spi/ErrorHandler.class | Range: bytes=0-0
GET /files//org/apache/log4j/PatternLayout.class | Range: bytes=0-0
GET /files//org/apache/log4j/helpers/PatternParser.class | Range: bytes=0-0
GET /files//org/apache/log4j/helpers/FormattingInfo.class | Range: bytes=0-0
GET /files//org/apache/log4j/helpers/PatternParser$BasicPatternConverter.class | Range: bytes=0-0
GET /files//org/apache/log4j/helpers/PatternConverter.class | Range: bytes=0-0
GET /files//org/apache/log4j/helpers/PatternParser$LiteralPatternConverter.class | Range: bytes=0-0
GET /files//org/apache/log4j/config/PropertySetterException.class | Range: bytes=0-0
GET /cheerpj_dist/4.2/17/lib/modules | Range: bytes=22151168-22282239
GET /cheerpj_dist/4.2/17/lib/modules | Range: bytes=19922944-20185087
GET /files//org/apache/log4j/PatternLayoutBeanInfo.class | Range: bytes=0-0
GET /files//org/apache/log4j/PatternLayoutBeanInfo.class | Range: bytes=0-0
GET /cheerpj_dist/4.2/17/lib/modules | Range: bytes=19791872-19922943
GET /files//org/apache/log4j/LayoutBeanInfo.class | Range: bytes=0-0
GET /files//org/apache/log4j/LayoutBeanInfo.class | Range: bytes=0-0
GET /cheerpj_dist/4.2/17/lib/modules | Range: bytes=22937600-23199743
GET /cheerpj_dist/4.2/17/lib/modules | Range: bytes=6422528-6553599
GET /files//org/apache/log4j/LayoutCustomizer.class | Range: bytes=0-0
GET /files//org/apache/log4j/LayoutCustomizer.class | Range: bytes=0-0
GET /files//org/apache/log4j/spi/LoggingEvent.class | Range: bytes=0-0
GET /files//org/apache/log4j/PatternLayoutCustomizer.class | Range: bytes=0-0
GET /files//org/apache/log4j/PatternLayoutCustomizer.class | Range: bytes=0-0
GET /files//org/apache/log4j/helpers/ISO8601DateFormat.class | Range: bytes=0-0
GET /files//org/apache/log4j/helpers/AbsoluteTimeDateFormat.class | Range: bytes=0-0
GET /cheerpj_dist/4.2/etc/timezone | Range: bytes=0-131071
GET /cheerpj_dist/4.2/17/lib/tzdb.dat | Range: bytes=0-131071
GET /cheerpj_dist/4.2/17/lib/modules | Range: bytes=19005440-19267583
GET /files//org/apache/log4j/helpers/PatternParser$DatePatternConverter.class | Range: bytes=0-0
GET /files//org/apache/log4j/helpers/PatternParser$CategoryPatternConverter.class | Range: bytes=0-0
GET /files//org/apache/log4j/helpers/PatternParser$NamedPatternConverter.class | Range: bytes=0-0
GET /files//org/apache/log4j/helpers/QuietWriter.class | Range: bytes=0-0
GET /files//org/apache/log4j/helpers/AppenderAttachableImpl.class | Range: bytes=0-0
GET /files//org/apache/log4j/CategoryKey.class | Range: bytes=0-0
GET /files//org/apache/log4j/ProvisionNode.class | Range: bytes=0-0
GET /files//com/fs/starfarer/settings/StarfarerSettings.class | Range: bytes=0-0
GET /files//starfarer_obf_unsigned.jar | Range: bytes=4456448-4718591
GET /files//starfarer_obf_unsigned.jar | Range: bytes=4325376-4456447
GET /files//com/fs/graphics/A/ooOOOOOOOOOOOOOOOOOOOOOOOOOOOOOOOOOOOOOOOOOOOOOOOOOOOOOOOOOOOOOOOOOOOOOOOOOOOOOOOOOOOOOOOOOOOOOOOOOOOOOOOOOOOOOOOOOOOOOOOOOOOOOOOOOOOOOOOOOOOOOOOOOOOOOOOOOOOOOOOOOOOOOOOOOOOOOOOOOOOOOOOOOOOOOOOOOOOOOOOOOOOOOOOOOOOOOOOOOOOOOOOOOOOOOOOOOOOOOOOOOOOOOOOOOOOOOO.class | Range: bytes=0-0
GET /files//com/fs/graphics/A/ooOOOOOOOOOOOOOOOOOOOOOOOOOOOOOOOOOOOOOOOOOOOOOOOOOOOOOOOOOOOOOOOOOOOOOOOOOOOOOOOOOOOOOOOOOOOOOOOOOOOOOOOOOOOOOOOOOOOOOOOOOOOOOOOOOOOOOOOOOOOOOOOOOOOOOOOOOOOOOOOOOOOOOOOOOOOOOOOOOOOOOOOOOOOOOOOOOOOOOOOOOOOOOOOOOOOOOOOOOOOOOOOOOOOOOOOOOOOOOOOOOOOOOOOOOOOOOO.class | Range: bytes=0-10544
